"","X","V","Imp","rand"
"1",1,1,0.231285034670322,0.000337261104614676
"2",2,2,0.0733538173050926,0.0133270940131399
"3",3,3,0.00235585926312941,0.207763369843565
"4",4,4,0.181416738491046,0.510785351626776
"5",5,5,0.00133014982176177,0.0177860080403124
