"","X","V","Imp","rand"
"1",1,1,0.231285034670322,0.177732194173119
"2",2,2,0.0733538173050926,0.107182647467084
"3",3,3,0.00235585926312941,0.255963898571878
"4",4,4,0.181416738491046,0.0429356545638617
"5",5,5,0.00133014982176177,0.166273697594283
