"","X","V","Imp","rand"
"1",1,1,0.00634930370044264,0.00286317450190653
"2",2,2,0.0700025149907638,0.00200898869609453
"3",3,3,0.116470950003476,0.685478277924576
"4",4,4,0.11613332671713,0.0195960304153912
"5",5,5,0.100904951224935,0.0399999126199456
