"","V1","effect_size","nonlinear","location","scale","interactions","V2"
"1",1,-0.0796825181607775,0,NA,NA,FALSE,NA
"2",2,-0.0590490201141042,0,NA,NA,FALSE,NA
"3",3,-0.0183749164292968,0,NA,NA,FALSE,NA
"4",4,0.000119446380042995,0,NA,NA,FALSE,NA
"5",5,0.185443314817783,0,NA,NA,FALSE,NA
"6",3,0.116133312449692,0,NA,NA,TRUE,4
"7",2,-0.0665157282143279,0,NA,NA,TRUE,5
