"","X","V","Imp","rand"
"1",1,1,0.00904121463686145,0.298589061094363
"2",2,2,0.436234864614925,0.145359995400497
"3",3,3,0.082850688977922,0.288821250744128
"4",4,4,0.0976199165938143,0.00441400536381002
"5",5,5,0.0720170176012395,0.012810109204054
