"","X","V","Imp","rand"
"1",1,1,0.00223553472714574,0.0296435615999728
"2",2,2,0.0174458863594194,0.103222285696416
"3",3,3,0.0102032893233629,0.03198669725684
"4",4,4,0.0169047563036292,0.104387022057595
"5",5,5,0.00179822829412884,0.00874717136973908
"6",6,6,0.00622588334184777,0.0172432477984679
"7",7,7,0.0106129778221091,0.279134246407381
"8",8,8,0.0256556468576224,0.0841701389765887
"9",9,9,0.00212162984005304,0.0890570544833332
"10",10,10,0.00321970396249794,0.00235772370954508
