"","X","V","Imp","rand"
"1",1,1,0.00223553472714574,0.000965990647812981
"2",2,2,0.0174458863594194,0.0236185673963074
"3",3,3,0.0102032893233629,0.0522930189185268
"4",4,4,0.0169047563036292,1.65144385163568e-05
"5",5,5,0.00179822829412884,0.182065438890127
"6",6,6,0.00622588334184777,0.120678069948476
"7",7,7,0.0106129778221091,0.0310037352494029
"8",8,8,0.0256556468576224,0.228485274098361
"9",9,9,0.00212162984005304,0.036909898642962
"10",10,10,0.00321970396249794,0.074048949757643
