"","X","V","Imp","rand"
"1",1,1,0.0740011733157703,0.257009343125825
"2",2,2,0.0765954514640037,0.318051614886252
"3",3,3,0.0531396960881758,0.0987320609745721
"4",4,4,0.175068262031402,0.00163244964329212
"5",5,5,0.101813449512331,0.0745726861629936
