"","X","V","Imp","rand"
"1",1,1,0.000933443754293876,0.0481329040190324
"2",2,2,0.0342785597491461,0.0669326164784021
"3",3,3,0.00772556504684869,0.00449848514245428
"4",4,4,0.00186186883846918,0.0564307073266309
"5",5,5,0.00381482282522537,0.18398784798014
"6",6,6,0.0341508964381101,0.018830589201088
"7",7,7,0.000317732748109379,0.0307223314479443
"8",8,8,0.0285915834923675,0.000666359397692184
"9",9,9,0.00589873302797633,0.0266435654751298
"10",10,10,0.012000281204397,0.313147878544935
