"","X","V","Imp","rand"
"1",1,1,0.00143772298245356,0.662696269638337
"2",2,2,0.0375228557551544,0.00869000881510474
"3",3,3,0.49927868793264,0.00163612630150592
"4",4,4,0.485831456260101,0.0524201697956259
"5",5,5,0.00980756069940251,0.0245566098924718
