"","V1","effect_size","nonlinear","location","scale","interactions","V2"
"1",1,-0.037917317711747,FALSE,NA,NA,FALSE,NA
"2",2,-0.00617914012729865,FALSE,NA,NA,FALSE,NA
"3",3,0.00416235288906618,FALSE,NA,NA,FALSE,NA
"4",4,0.155095994440462,TRUE,0.337073008552069,1.72710998161676,FALSE,NA
"5",5,-0.099033129302282,FALSE,NA,NA,FALSE,NA
"6",2,0.0374846739824416,FALSE,NA,NA,TRUE,3
"7",3,0.461776688768625,FALSE,NA,NA,TRUE,4
