"","X","V","Imp","rand"
"1",1,1,0.50302915865543,0.0549943931849835
"2",2,2,0.233270931285008,0.695024074701998
