"","X","V","Imp","rand"
"1",1,1,0.000439066326866994,0.203554810041485
"2",2,2,0.0171485645546299,0.000173945312018184
"3",3,3,0.165036534351069,0.0561754971095539
"4",4,4,0.135135491163998,7.36669930928735e-06
"5",5,5,0.0259361981356079,0.0254403594502368
"6",6,6,0.0287476435644114,0.165721320190665
"7",7,7,0.245133483577894,0.0733836001190142
"8",8,8,0.00141440339446481,0.0392684430306728
"9",9,9,8.11294476452562e-05,0.182231849106884
"10",10,10,0.157269552517364,0.0040421564155104
