"","X","V","Imp","rand"
"1",1,1,3.15523965738096e-05,0.134468837082193
"2",2,2,0.000347275829412595,0.0927203527139822
"3",3,3,0.0122550954889631,0.123224423997541
"4",4,4,0.00220281849605324,0.235689580017398
"5",5,5,0.00540872120349058,0.0146399635243267
"6",6,6,0.000111651189578295,0.00854223956506889
"7",7,7,0.00191814701660512,0.0316401026841001
"8",8,8,0.046164500622177,0.0795256813327899
"9",9,9,0.0793859937577789,0.029399059250462
"10",10,10,0.000597886177067353,0.000140578146137606
