"","X","V","Imp","rand"
"1",1,1,0.052124831795694,0.4087842280128
"2",2,2,0.0103720531426105,0.3411973852534
