"","X","V","Imp","rand"
"1",1,1,0.00229819325661809,0.0791439594084315
"2",2,2,0.0489011914351573,0.0133273003592017
"3",3,3,0.0188254897297344,0.000481923656976766
"4",4,4,0.0714111280688696,0.287132655662329
"5",5,5,0.00439341492150327,0.00016924609408096
"6",6,6,0.0818543231811785,0.143655848479748
"7",7,7,0.000557275912499152,0.0613971333236794
"8",8,8,0.00351729489246773,0.149316176637351
"9",9,9,0.0104919768930885,0.00479971968265067
"10",10,10,0.00772272890530965,0.0105692314400816
