"","X","V","Imp","rand"
"1",1,1,0.037008995510829,0.231512883885958
"2",2,2,0.0254891967652456,0.518413324368993
