"","V1","effect_size","nonlinear","location","scale","interactions","V2"
"1",1,-0.0479394749305631,0,NA,NA,FALSE,NA
"2",2,0.221136137786562,0,NA,NA,FALSE,NA
"3",3,0.13720601200288,0,NA,NA,FALSE,NA
"4",4,-0.267228606382007,0,NA,NA,FALSE,NA
"5",5,0.0662828403246517,0,NA,NA,FALSE,NA
"6",6,-0.286101945434103,0,NA,NA,FALSE,NA
"7",7,-0.0236066921126013,0,NA,NA,FALSE,NA
"8",8,0.059306786226095,0,NA,NA,FALSE,NA
"9",9,-0.102430351425193,0,NA,NA,FALSE,NA
"10",10,-0.0878790584002221,0,NA,NA,FALSE,NA
