"","X","V","Imp","rand"
"1",1,1,0.460144889662921,0.00990784177197845
"2",2,2,0.223562610800928,0.740091038235227
