"","X","V","Imp","rand"
"1",1,1,0.2887635796691,0.281180400281098
"2",2,2,0.0376795268289795,0.452425067065886
"3",3,3,0.340917504551346,0.00353835329173509
"4",4,4,0.00353367727728682,0.00694589854182666
"5",5,5,0.632943535163714,0.00590910759671798
