"","X","V","Imp","rand"
"1",1,1,0.00467353127592118,0.023613037166191
"2",2,2,0.169039201376713,0.223287545714528
"3",3,3,0.00173662800847918,0.0148922521550018
"4",4,4,4.06001608249701e-05,0.111668658278798
"5",5,5,0.00231687359989996,0.015054480602394
"6",6,6,0.166977219512511,0.0284748437599597
"7",7,7,0.00758144436114101,0.0235947204397093
"8",8,8,0.00232831827648394,0.0352031236712872
"9",9,9,4.83316270472477e-05,0.140097139612926
"10",10,10,0.00141834944035932,0.134100230212421
