"","X","V","Imp","rand"
"1",1,1,0.0316784816238038,0.143148760766019
"2",2,2,0.171417194536309,0.0288082903439824
"3",3,3,0.0118885256055684,0.0427625532982862
"4",4,4,0.0815859432303005,0.534409768005598
"5",5,5,0.0142843280219246,0.000768554234480956
