"","X","V","Imp","rand"
"1",1,1,0.0414326906220948,0.157406071813295
"2",2,2,0.00817295376173353,0.262469859504936
"3",3,3,0.111836492710334,0.0815765942721772
"4",4,4,0.170027531207815,0.234005608170184
"5",5,5,0.00414342379841177,0.0145352830173011
