"","X","V","Imp","rand"
"1",1,1,0.150791566297295,0.111296157750237
"2",2,2,0.00334003842121519,0.126417832430404
"3",3,3,0.015578794888836,0.0679022922012153
"4",4,4,0.0216988601177224,0.0282142431484285
"5",5,5,0.264487144587574,0.0430784233352254
"6",6,6,0.0846344731639945,0.0819366580498414
"7",7,7,0.000666362439608115,0.0196481443759799
"8",8,8,0.000635635900739486,0.213418197171833
"9",9,9,3.77208322572155e-05,0.0523142525767298
"10",10,10,0.0206139307126035,0.00575224915908277
