"","X","V","Imp","rand"
"1",1,1,0.0649538794439947,0.0385870201200129
"2",2,2,0.136090392888939,4.5197959944128e-06
"3",3,3,0.0244051477717745,0.0266227601003
"4",4,4,0.11810028283123,0.0658783764668956
"5",5,5,0.0457992375817811,0.0514823847343749
"6",6,6,0.00695672901302285,0.109987689511851
"7",7,7,0.00555438963485663,0.00117962700248039
"8",8,8,0.000190079792023479,0.255750117667559
"9",9,9,0.176921929134052,0.0779253192281185
"10",10,10,0.168869157616892,0.12251348593865
