"","X","V","Imp","rand"
"1",1,1,0.0649538794439947,0.00459292204360711
"2",2,2,0.136090392888939,0.27151896457698
"3",3,3,0.0244051477717745,0.01248287055352
"4",4,4,0.11810028283123,0.00828079123250568
"5",5,5,0.0457992375817811,0.0225685939854842
"6",6,6,0.00695672901302285,0.00263255323430943
"7",7,7,0.00555438963485663,0.303419398051517
"8",8,8,0.000190079792023479,0.0111956870435059
"9",9,9,0.176921929134052,0.0999722832006054
"10",10,10,0.168869157616892,0.013427454467039
