"","X","V","Imp","rand"
"1",1,1,0.0271385334155855,0.00990179685801483
"2",2,2,0.0124744791967617,0.0257166981346921
"3",3,3,0.107118486480092,0.0677030243028273
"4",4,4,0.236267484862917,0.115681767786756
"5",5,5,0.0392620344229629,0.00249600447225132
"6",6,6,0.0592994959021094,0.182256246315014
"7",7,7,0.0419880724215413,0.136253165715504
"8",8,8,0.273870737019492,0.00183269824495366
"9",9,9,0.170889455080652,0.158897573616123
"10",10,10,0.0120293714027851,0.0492594906466611
