"","X","V","Imp","rand"
"1",1,1,0.00942925849244486,0.0165762555021936
"2",2,2,0.211718814898872,0.00026499926138845
"3",3,3,0.212025562110787,0.0245627148810626
"4",4,4,0.0837857631075801,0.694478115424957
"5",5,5,0.0454877411898894,0.0141153700372398
