"","X","V","Imp","rand"
"1",1,1,0.296187087316443,0.000952698728808822
"2",2,2,0.126033133461457,0.394546670407649
"3",3,3,0.108520403166923,0.241581679055353
"4",4,4,0.371409724536147,0.018485508489699
"5",5,5,0.312546673126923,0.0945233665463938
