"","V1","effect_size","nonlinear","location","scale","interactions","V2"
"1",1,0.544230729853105,FALSE,NA,NA,FALSE,NA
"2",2,0.355011455394691,FALSE,NA,NA,FALSE,NA
"3",3,0.00483177840405193,TRUE,0.34786700333434,0.844603188725559,FALSE,NA
"4",4,-0.0811743895262728,FALSE,NA,NA,FALSE,NA
"5",5,0.237114502277098,FALSE,NA,NA,FALSE,NA
"6",4,0.256323385936807,FALSE,NA,NA,TRUE,5
"7",3,0.108497057084377,FALSE,NA,NA,TRUE,4
