"","X","V","Imp","rand"
"1",1,1,0.024446925845103,0.286769794619167
"2",2,2,0.059129509984616,0.276606446305392
"3",3,3,0.0753769082551398,0.034835046968277
"4",4,4,0.0475406215043967,0.136459618066366
"5",5,5,0.0434686540016288,0.0153289020308537
