"","X","V","Imp","rand"
"1",1,1,0.000712578641924538,0.000257431805899796
"2",2,2,0.00446225150066976,0.177507689751952
"3",3,3,0.137106722357882,0.0608445780365275
"4",4,4,0.00029287882320408,0.0231960201361295
"5",5,5,0.0167900502516238,0.0048475979709128
"6",6,6,0.0056377521778162,0.000375730832593649
"7",7,7,0.057987034457602,0.0437062374192905
"8",8,8,0.089169570733854,0.000924617903826555
"9",9,9,0.0002856268027421,0.0180114438974232
"10",10,10,0.0136389849578214,0.420325784634567
