"","X","V","Imp","rand"
"1",1,1,0.0406602667431649,0.174169647673168
"2",2,2,0.00230307043521766,0.00581655929954899
"3",3,3,0.00154148540450421,0.00105103936712299
"4",4,4,0.0799371099648605,0.154366216804973
"5",5,5,0.0794649511381662,0.173310918304834
"6",6,6,0.0316967641066652,0.0063355313881398
"7",7,7,0.000566991382569186,0.104215631238002
"8",8,8,0.00618524382763482,0.00592373041203478
"9",9,9,3.40700167363949e-05,0.0319387937387011
"10",10,10,0.0300808956172374,0.092847910254495
