"","X","V","Imp","rand"
"1",1,1,0.0207772813972648,0.135862008650721
"2",2,2,0.00844162921867344,0.0191051055634903
"3",3,3,0.0111711633285841,0.142030866916255
"4",4,4,0.0146025560463577,0.333745281157257
"5",5,5,0.00749738333058666,0.119311285058879
