"","X","V","Imp","rand"
"1",1,1,0.0360983758595836,0.0830518035056357
"2",2,2,0.0732517382002394,0.140969100460729
"3",3,3,0.0694963379920555,0.420117824225657
"4",4,4,1.14858047382562e-05,0.102094518274912
"5",5,5,0.0711078587865764,0.00360966701586588
