"","X","V","Imp","rand"
"1",1,1,0.140673911285731,0.0103307995290927
"2",2,2,0.14064044800599,0.000653442634340611
"3",3,3,0.024642349720965,0.106382578353932
"4",4,4,0.0175222120691423,0.257244330274647
"5",5,5,3.77883571919018e-05,0.375376244607785
