"","X","V","Imp","rand"
"1",1,1,0.122112467168659,0.00834147767557728
"2",2,2,0.472878790065142,0.0777144898128972
"3",3,3,0.00472834813512763,0.0286071726172886
"4",4,4,0.127274414667098,0.118169542090288
"5",5,5,0.0581284661173135,0.0292991613225803
"6",6,6,0.00981327806103723,0.0070856704967598
"7",7,7,0.0246917379700904,0.284562820136763
"8",8,8,5.92697166335448e-05,0.148712990578497
"9",9,9,4.97672527810793e-05,0.0072073479309903
"10",10,10,0.484008158867422,0.0402505904035096
