"","X","V","Imp","rand"
"1",1,1,0.0132567480504715,0.021713337550891
"2",2,2,0.0307067353446262,0.0457003017555385
"3",3,3,0.000121127930346228,0.0221820159854927
"4",4,4,0.00167515466187495,0.0135288682823816
"5",5,5,0.00198581713445143,0.0798343720726375
"6",6,6,0.00399222277524408,0.316960990808471
"7",7,7,0.000330261951748952,0.0964774300635363
"8",8,8,0.000217391704829406,0.000964704471743684
"9",9,9,0.00752114677596575,0.134924422459027
"10",10,10,0.00269064813963517,0.0177101702970392
