"","X","V","Imp","rand"
"1",1,1,0.111972918130617,0.189285157433489
"2",2,2,0.0107505561533951,0.434226419402622
"3",3,3,0.0124773090752338,0.0172856072644048
"4",4,4,0.0946530278304586,0.0792581428869572
"5",5,5,0.0552804696037673,0.0299399606150802
