"","X","V","Imp","rand"
"1",1,1,0.159682798575112,0.00206983736811327
"2",2,2,6.95305801242625e-05,0.40593628848792
"3",3,3,0.0200600465701547,0.235528663359745
"4",4,4,0.00587279529558364,0.0681962396508503
"5",5,5,0.143868649853191,0.0382682049563516
