"","V1","effect_size","nonlinear","location","scale","interactions","V2"
"1",1,-0.125754342780125,FALSE,NA,NA,FALSE,NA
"2",2,-0.00833849987253478,FALSE,NA,NA,FALSE,NA
"3",3,0.141633493814686,TRUE,0.43487073957413,1.85126140332761,FALSE,NA
"4",4,0.0766341653284202,TRUE,0.22919925482457,0.0391596611589193,FALSE,NA
"5",5,-7.74992933679423e-05,TRUE,0.281476186594307,0.598616237286478,FALSE,NA
"6",1,-0.143868643847051,FALSE,NA,NA,TRUE,5
