"","X","V","Imp","rand"
"1",1,1,0.00102699910190121,0.00759547992820856
"2",2,2,0.0295480982733287,0.0279830717403974
"3",3,3,0.266508019169356,0.100083218148619
"4",4,4,0.0177087002485032,0.200418547164683
"5",5,5,0.00944526309272493,0.0888896068598769
"6",6,6,0.00653702447448614,0.0257810446029687
"7",7,7,0.206088832072693,0.0915050879144974
"8",8,8,9.67099886152657e-05,0.162241642204384
"9",9,9,0.00598874183503836,0.00564050350299665
"10",10,10,0.019546545077685,0.0398481569473232
