"","X","V","Imp","rand"
"1",1,1,0.029467983895622,0.125269708543937
"2",2,2,0.0841249224334798,0.00190144892139445
"3",3,3,0.00988056914747795,0.000973571088185431
"4",4,4,0.0342696442208641,0.123995948046393
"5",5,5,0.00677060636909518,0.000540098597975073
"6",6,6,0.00431941110959785,0.22873521550561
"7",7,7,0.0806352622217751,0.00834310023997846
"8",8,8,0.000216383367053388,0.22297084245728
"9",9,9,8.21723609918622e-07,0.0343195551850086
"10",10,10,0.000313201683805351,0.00318714219500758
