"","X","V","Imp","rand"
"1",1,1,0.231202812375327,0.470751402418085
"2",2,2,7.24625950314748e-08,0.00446860997758382
"3",3,3,0.000484765622598802,0.0584195424374235
"4",4,4,0.228518236274054,0.16412113852613
"5",5,5,0.00617391915151995,0.0522346519628927
