"","X","V","Imp","rand"
"1",1,1,0.00565045288592221,0.000986522562679495
"2",2,2,0.0205199140738992,0.0194217804907473
"3",3,3,0.00285993999628222,0.261257874703852
"4",4,4,0.00784408561458112,0.0357520772004943
"5",5,5,0.0068310155476034,0.082026257102597
"6",6,6,0.00367975727295841,0.104119494950992
"7",7,7,0.00559909351575827,0.0182413571776079
"8",8,8,0.00307662590979142,0.107582374518323
"9",9,9,0.00443122935998081,0.0326943682540663
"10",10,10,0.00197807239385068,0.0879762226804958
