"","X","V","Imp","rand"
"1",1,1,0.00789155156723327,0.0520525175859581
"2",2,2,2.0408451726364e-06,0.126520941921778
"3",3,3,0.0015047740082319,0.00409869217587713
"4",4,4,0.020791044986403,0.120274709796345
"5",5,5,0.0611502339732038,0.201299051887902
"6",6,6,0.0499252848987538,0.029015398346749
"7",7,7,0.0220259455447492,0.0411189573179151
"8",8,8,0.188519286553505,0.0125470883200894
"9",9,9,0.15995604996937,0.106806041585949
"10",10,10,3.13830046176246e-06,0.0562160733835484
