"","X","V","Imp","rand"
"1",1,1,0.131534524438679,0.0725900194066833
"2",2,2,0.0125957640126293,0.000336233982649522
"3",3,3,0.143081484804232,0.223937733626992
"4",4,4,0.134953467494899,0.318380481694737
"5",5,5,0.0330002200240604,0.134750257018067
