"","X","V","Imp","rand"
"1",1,1,0.144970720373348,0.184521746365074
"2",2,2,0.0101889354633441,0.167475023230987
"3",3,3,0.102525492656493,0.0358421098425608
"4",4,4,0.0286760497876947,0.0273614151715426
"5",5,5,0.00190651103194645,0.012100451730528
"6",6,6,0.0442662095457544,0.070934169407101
"7",7,7,0.000293599531786732,0.00505997077788023
"8",8,8,0.00369735733582079,0.222462403284063
"9",9,9,0.000256672412731542,0.0145642718273352
"10",10,10,0.000178467123085931,0.00967490532486157
