"","V1","effect_size","nonlinear","location","scale","interactions","V2"
"1",1,0.151881998536078,TRUE,-0.267521536399188,0.460381072206298,FALSE,NA
"2",2,0.112230851429673,FALSE,NA,NA,FALSE,NA
"3",3,-0.378261133086961,TRUE,-0.495473027263285,1.90612186855617,FALSE,NA
"4",4,-0.162748531592554,TRUE,0.082089916941023,0.435858568176627,FALSE,NA
"5",5,0.181659626841135,FALSE,NA,NA,FALSE,NA
"6",1,0.108466382959366,FALSE,NA,NA,TRUE,4
