"","X","V","Imp","rand"
"1",1,1,0.0152731699161746,0.623119686200068
"2",2,2,0.035732630683398,0.053742451789763
"3",3,3,0.00220139207797175,0.00954588005650672
"4",4,4,0.0227980369730317,5.19037721820278e-05
"5",5,5,0.0561943765853975,0.0635072214949834
