"","V1","effect_size","nonlinear","location","scale","interactions","V2"
"1",1,-0.123584666994634,FALSE,NA,NA,FALSE,NA
"2",2,-0.015912605906218,TRUE,-0.420963630432177,1.038666726048,FALSE,NA
"3",3,0.0469189948525301,FALSE,NA,NA,FALSE,NA
"4",4,0.150990188333652,TRUE,-1.34798407996356,0.585315897745115,FALSE,NA
"5",5,-0.14392691523383,TRUE,0.403456889393428,1.84248080654981,FALSE,NA
"6",2,0.0354794196566714,FALSE,NA,NA,TRUE,5
