"","X","V","Imp","rand"
"1",1,1,0.229650364928619,0.250036437172707
"2",2,2,0.0203450514475772,0.499961795532755
