"","X","V","Imp","rand"
"1",1,1,0.11949785299918,0.49446261080291
"2",2,2,0.0123735146451722,0.201823837104084
"3",3,3,0.0125739320712257,0.0473906717943807
"4",4,4,0.125177099042372,0.00112169780824944
"5",5,5,0.0134941300682063,0.0051943163895148
