"","X","V","Imp","rand"
"1",1,1,0.0649431776653853,0.143079421139818
"2",2,2,0.00357965181482433,0.0617625703926056
"3",3,3,7.2043721349069e-05,0.175471348862008
"4",4,4,0.0181551681681502,0.0367093133427396
"5",5,5,0.00354349225486044,0.0026181492106387
"6",6,6,0.0862423417020849,0.0573036706459206
"7",7,7,0.0479851599967453,0.0537735949962158
"8",8,8,3.04955525692109e-05,0.0659602203960196
"9",9,9,0.00212737609930266,0.00264045133777785
"10",10,10,0.0928569718194668,0.150598622413866
