"","X","V","Imp","rand"
"1",1,1,0.126745723467945,0.0613553958945174
"2",2,2,0.0214122229477449,0.434508961321743
"3",3,3,0.00648389730763229,0.11227491176733
"4",4,4,0.0145907439084797,0.121642952076574
"5",5,5,0.117965174893419,0.0202163782237292
