"","V1","effect_size","nonlinear","location","scale","interactions","V2"
"1",1,0.174329946657713,0,NA,NA,FALSE,NA
"2",2,-0.0231383449103468,0,NA,NA,FALSE,NA
"3",3,0.0805226508979448,0,NA,NA,FALSE,NA
"4",4,0.120792151684121,0,NA,NA,FALSE,NA
"5",5,0.0270839765285641,0,NA,NA,FALSE,NA
"6",1,-0.0963547931662643,0,NA,NA,TRUE,5
"7",2,0.0208768399425547,0,NA,NA,TRUE,5
