"","X","V","Imp","rand"
"1",1,1,0.029345937203205,0.0370005302893995
"2",2,2,0.113800193473612,0.600556092127185
"3",3,3,0.129911924490455,0.00219451187861019
"4",4,4,0.0649342527590849,0.110117398990059
"5",5,5,0.0980549919638086,0.000128210032379099
