"","X","V","Imp","rand"
"1",1,1,0.0484419895822853,0.0480610069436683
"2",2,2,0.147243204165248,0.00715413469359069
"3",3,3,0.0203036005464615,0.405242281529045
"4",4,4,0.310616782946121,0.282457352018949
"5",5,5,0.0358787126073804,0.00707859575938338
