"","X","V","Imp","rand"
"1",1,1,0.186136789149153,0.000213225327631988
"2",2,2,0.0561864270446895,0.00115667832136824
"3",3,3,0.0102141897249596,0.00419874523671334
"4",4,4,0.28629290908636,0.458018726736263
"5",5,5,0.00154313433928849,0.000593990078619048
"6",6,6,0.00096628634631928,0.000125326786608189
"7",7,7,0.0319853098841081,0.0382761865473235
"8",8,8,3.38259764875556e-05,0.0733621528093295
"9",9,9,0.0148310058524646,0.051459962506564
"10",10,10,0.443977216996053,0.122589370664904
