"","X","V","Imp","rand"
"1",1,1,0.409215543257683,0.0139298915183404
"2",2,2,0.370460693866518,0.0872540154220882
"3",3,3,0.499734622738812,0.0173702023842644
"4",4,4,0.396740114263354,0.0350708463878755
"5",5,5,0.00126306277802239,0.596306614650413
