"","V1","effect_size","nonlinear","location","scale","interactions","V2"
"1",1,0.295014993483876,TRUE,0.931933436799616,0.143861388321966,FALSE,NA
"2",2,-0.151251906237546,FALSE,NA,NA,FALSE,NA
"3",3,-0.390065466316598,TRUE,-0.00663270920777288,0.375874801538885,FALSE,NA
"4",4,0.273053872680763,TRUE,1.08273424291423,0.950453252024103,FALSE,NA
"5",5,-0.0355395945112264,FALSE,NA,NA,FALSE,NA
"6",1,0.322181696877392,FALSE,NA,NA,TRUE,4
"7",2,0.347583554726027,FALSE,NA,NA,TRUE,3
