"","X","V","Imp","rand"
"1",1,1,0.249533613585684,0.726489339724427
"2",2,2,0.000473066913956271,0.0235104835323302
