"","X","V","Imp","rand"
"1",1,1,0.130836171316333,0.0035963026634901
"2",2,2,0.131410295396186,0.0821737343630885
"3",3,3,0.0930063463338646,0.00310368777994681
"4",4,4,0.276712575180791,0.360316041306526
"5",5,5,0.0319685627466698,0.300808914252051
