"","X","V","Imp","rand"
"1",1,1,0.162856547688308,0.230052903800057
"2",2,2,0.160106860380641,0.51993700949302
