"","X","V","Imp","rand"
"1",1,1,0.0446597411534011,0.0182059703537648
"2",2,2,0.0055125521342389,0.0111684074929281
"3",3,3,0.00582106971453195,0.155624787769599
"4",4,4,0.0431809972538374,0.000960818407727773
"5",5,5,0.00047441945650241,0.189703554632109
"6",6,6,0.0169525113986186,0.262774501699896
"7",7,7,0.00127642126635025,0.0828544545951392
"8",8,8,0.0163492475226085,0.00655033269342253
"9",9,9,0.00535295241624689,0.0153405737832728
"10",10,10,0.00690298324409792,0.00681286604315122
