"","X","V","Imp","rand"
"1",1,1,0.00298756832043494,0.00126153618230979
"2",2,2,0.0279895746900309,0.37347954896137
"3",3,3,0.0139340828003703,0.165218191901954
"4",4,4,0.00253130858370476,0.0369392249232566
"5",5,5,0.0150658439893184,0.173096470890411
