"","V1","effect_size","nonlinear","location","scale","interactions","V2"
"1",1,0.0546586527499072,TRUE,1.02183716948779,0.496881380211562,FALSE,NA
"2",2,-0.167300850834749,FALSE,NA,NA,FALSE,NA
"3",3,0.118042715998787,FALSE,NA,NA,FALSE,NA
"4",4,0.0503121116999154,TRUE,1.22870429919051,2.16929669851873,FALSE,NA
"5",5,-0.122742999756884,TRUE,-1.13107092501357,0.0653172424063087,FALSE,NA
