"","X","V","Imp","rand"
"1",1,1,0.192457233979671,0.0345088682410459
"2",2,2,0.00283454103368286,0.0893182333660194
"3",3,3,0.287544585608099,0.00305752441401228
"4",4,4,0.149473935185997,0.00437420965725534
"5",5,5,0.00477867260843212,0.0283194855990124
"6",6,6,0.021150449400604,0.0109259902454934
"7",7,7,0.0140019690161238,0.0105549447514964
"8",8,8,0.0273188086989551,0.427928288915909
"9",9,9,0.301849087825252,0.0803397625826547
"10",10,10,0.00817096654735658,0.0607561366969171
