"","X","V","Imp","rand"
"1",1,1,0.00856296261514425,0.139490776672587
"2",2,2,0.018912620681744,0.043137756121634
"3",3,3,0.0137891069916561,0.1464033444417
"4",4,4,0.000616764630604146,0.100807232017055
"5",5,5,0.0206167693613703,0.320155724132916
