"","X","V","Imp","rand"
"1",1,1,0.0213320199859532,0.0119586642492989
"2",2,2,0.00410139845354383,0.0105366898107592
"3",3,3,0.0623190456685572,0.00469594819770527
"4",4,4,0.0366315931652332,0.0124149606214292
"5",5,5,0.16964013447723,0.552015292719208
"6",6,6,0.0018501786014289,0.00900887568572428
"7",7,7,0.0631225753931598,0.0118964749687137
"8",8,8,0.0052509208679465,0.0419205597696483
"9",9,9,0.179854375969155,0.0087149667774117
"10",10,10,0.00338711508024134,0.0867920190840253
