"","X","V","Imp","rand"
"1",1,1,0.0576730805715176,0.181383681957925
"2",2,2,0.018601896369775,0.209090168743073
"3",3,3,0.581797547444484,0.00603515264764143
"4",4,4,0.378472245461913,0.352747668509436
"5",5,5,0.794115626826358,0.00069802607197081
