"","X","V","Imp","rand"
"1",1,1,0.0595245495942186,0.683088440603335
"2",2,2,0.00296979960015663,0.0669680031397695
