"","X","V","Imp","rand"
"1",1,1,0.0545617170694629,0.149651335572171
"2",2,2,0.224655638043119,0.122547742823457
"3",3,3,0.0654321470083688,0.00952039278401164
"4",4,4,0.00150283704650803,0.116775391159875
"5",5,5,0.0301057923521062,0.0274730553079246
"6",6,6,0.0344272718124747,0.200858906877755
"7",7,7,0.00260571500433659,0.00311589469401344
"8",8,8,0.0181302779006729,0.093097287136798
"9",9,9,0.0212119352554634,0.00123352546060765
"10",10,10,0.109864147640596,0.0257248219017283
