"","X","V","Imp","rand"
"1",1,1,0.0180271449889177,0.0915353405278189
"2",2,2,0.0449527578477439,0.615485246130838
"3",3,3,0.0125494078226965,0.0151755289212694
"4",4,4,0.169415843329666,0.0145245910355543
"5",5,5,0.00500252478436977,0.0132272418858066
