"","X","V","Imp","rand"
"1",1,1,0.0180271449889177,0.165206168304645
"2",2,2,0.0449527578477439,0.014123438925329
"3",3,3,0.0125494078226965,0.0673083737847676
"4",4,4,0.169415843329666,0.497901908027369
"5",5,5,0.00500252478436977,0.00545607881815819
