"","X","V","Imp","rand"
"1",1,1,0.400025298790791,0.497224081522153
"2",2,2,0.0351163451353831,0.0383986103120027
"3",3,3,0.121244888647534,0.096609901873009
"4",4,4,0.00494185690767482,0.000690641062300835
"5",5,5,0.00116927571631664,0.117001127388921
