"","X","V","Imp","rand"
"1",1,1,0.0721916019292663,0.0621063401656083
"2",2,2,0.0505156342156676,0.00137624830973476
"3",3,3,0.0355984137097634,0.166949440977033
"4",4,4,0.0236220094694356,0.0284477458675274
"5",5,5,0.00110887957397561,0.0251211829513708
"6",6,6,0.00539394315359928,0.0904648782914073
"7",7,7,0.0027623273338961,0.227965871713562
"8",8,8,0.00685754751831568,0.0598345053114325
"9",9,9,0.0977955145319742,0.0752429331185117
"10",10,10,0.000249231975303505,0.0124799227857747
