"","X","V","Imp","rand"
"1",1,1,0.0043426924721464,0.00256396129579396
"2",2,2,0.120817117760273,0.0221269127039739
"3",3,3,0.0138841046554763,0.068263515862062
"4",4,4,0.0186671748237711,0.123030715125182
"5",5,5,0.0114696190143425,0.0942383205463611
"6",6,6,0.0609805900314392,0.0847899686595786
"7",7,7,0.00410865003270879,0.0747989239767266
"8",8,8,0.228136707187157,0.144872765899576
"9",9,9,0.000756740639052771,0.12756979786692
"10",10,10,0.0993329846643586,0.00773032233304634
