"","X","V","Imp","rand"
"1",1,1,0.61838696452012,0.333418749288264
"2",2,2,0.00242147789337827,0.0869065650966227
"3",3,3,0.270883120335843,0.203224715258198
"4",4,4,0.594570958880956,0.0113400882405185
"5",5,5,0.277384472408791,0.115109086997273
