"","X","V","Imp","rand"
"1",1,1,0.61838696452012,0.0942440244157641
"2",2,2,0.00242147789337827,0.308281334233461
"3",3,3,0.270883120335843,0.00995481803268792
"4",4,4,0.594570958880956,0.0821916746342087
"5",5,5,0.277384472408791,0.255324595882171
