"","X","V","Imp","rand"
"1",1,1,0.251483646530716,1.56468183386736e-05
"2",2,2,0.0139066162354653,0.0732545403354266
"3",3,3,0.248589282677155,0.351677865408869
"4",4,4,0.199327425031596,0.287883898880656
"5",5,5,0.161665962881835,0.0371454752435193
