"","X","V","Imp","rand"
"1",1,1,0.00775263080909302,4.57394338734521e-05
"2",2,2,3.4059879431722e-05,0.138147295036724
"3",3,3,0.0245939999045354,0.388537605752248
"4",4,4,0.0283788238942091,0.205694044072908
"5",5,5,0.00173305105850639,0.0175735686411496
