"","X","V","Imp","rand"
"1",1,1,0.251483646530716,0.109236897582275
"2",2,2,0.0139066162354653,0.167157175342789
"3",3,3,0.248589282677155,0.0637377653352658
"4",4,4,0.199327425031596,0.00253143562903387
"5",5,5,0.161665962881835,0.407335707189141
