"","V1","effect_size","nonlinear","location","scale","interactions","V2"
"1",1,0.0880490250320412,TRUE,-0.685410864973002,0.773596222470415,FALSE,NA
"2",2,-0.00583608425502254,FALSE,NA,NA,FALSE,NA
"3",3,0.156824742641381,TRUE,-1.27751529499319,2.46087526703689,FALSE,NA
"4",4,-0.168460155212469,TRUE,0.289922647942153,1.59263908854666,FALSE,NA
"5",5,-0.0416299298402771,FALSE,NA,NA,FALSE,NA
