"","X","V","Imp","rand"
"1",1,1,0.142823275821031,0.00288793657745158
"2",2,2,0.166567107072666,0.0268049114260577
"3",3,3,0.0123971198616885,0.0537556984010994
"4",4,4,0.0408674668687534,0.586812622125236
"5",5,5,4.73720806099016e-05,0.0797354311913126
