"","X","V","Imp","rand"
"1",1,1,0.197170932937341,0.00043027018014465
"2",2,2,0.112816359839296,0.485620294066452
"3",3,3,0.0199976702912497,0.0555917146227347
"4",4,4,0.0653276294911962,0.0976365719481978
"5",5,5,0.00450895499192098,0.110719408139919
