"","X","V","Imp","rand"
"1",1,1,0.445382509414288,0.197058870105146
"2",2,2,0.10229295829265,0.00204926402817562
"3",3,3,0.202720271395066,0.0143032601413401
"4",4,4,0.398613638767019,0.529920067377324
"5",5,5,0.0444853836740625,0.00662930501539604
