"","X","V","Imp","rand"
"1",1,1,0.197170932937341,0.58546371901411
"2",2,2,0.112816359839296,0.0758105143238011
"3",3,3,0.0199976702912497,0.0607522215086778
"4",4,4,0.0653276294911962,0.0104541876870121
"5",5,5,0.00450895499192098,0.0175164428648682
