"","V1","effect_size","nonlinear","location","scale","interactions","V2"
"1",1,-0.141856238788161,FALSE,NA,NA,FALSE,NA
"2",2,-0.0319704598186483,TRUE,0.660826786097608,0.105735723860562,FALSE,NA
"3",3,-0.141413119233152,TRUE,-0.945252913345213,1.42077340021443,FALSE,NA
"4",4,0.00861037602307741,TRUE,0.944431102168651,0.788999350699496,FALSE,NA
"5",5,0.0671487527205158,FALSE,NA,NA,FALSE,NA
"6",1,0.0652534909159374,FALSE,NA,NA,TRUE,4
"7",1,0.11179424953828,FALSE,NA,NA,TRUE,2
