"","X","V","Imp","rand"
"1",1,1,0.00392604300219481,0.281584584717655
"2",2,2,0.0895594418065641,0.200003970830527
"3",3,3,0.00506725912356079,0.0415958345397742
"4",4,4,0.00251630744821754,0.0256310475116546
"5",5,5,0.148924393316541,0.201182175135209
