"","X","V","Imp","rand"
"1",1,1,0.00120245648004659,0.0843947646025816
"2",2,2,0.000971040772489803,0.206329285247339
"3",3,3,0.0890356554176377,0.00642942798648637
"4",4,4,0.00453584071154233,0.00129264710403945
"5",5,5,6.90150986007238e-06,0.0282155207858644
"6",6,6,0.0014915033947198,0.149414344237404
"7",7,7,0.0189000761691738,0.00333543894943564
"8",8,8,0.0984287385703898,0.120359785518368
"9",9,9,0.0158192583789734,0.000699217216751162
"10",10,10,0.00043150129496216,0.149524998163758
