"","X","V","Imp","rand"
"1",1,1,0.00392604300219481,0.186318267338889
"2",2,2,0.0895594418065641,0.00403669660042783
"3",3,3,0.00506725912356079,0.0489150410865465
"4",4,4,0.00251630744821754,0.36050002004748
"5",5,5,0.148924393316541,0.150192985509938
