"","X","V","Imp","rand"
"1",1,1,0.00284052091750315,0.000847480173712766
"2",2,2,0.0415585408638077,0.0984468589022085
"3",3,3,0.00427552103693447,0.0136231337178001
"4",4,4,0.00738369000051041,0.228303693300928
"5",5,5,0.00129081720181431,0.0220309370974129
"6",6,6,0.299273027856088,0.11375603286543
"7",7,7,0.1808713551319,0.110101216697738
"8",8,8,0.000967498882331297,0.126623558347086
"9",9,9,0.000336657903501759,0.0307128035811369
"10",10,10,0.00461547796181443,0.00555025209897664
