"","X","V","Imp","rand"
"1",1,1,0.047326258520978,0.0259647718526168
"2",2,2,0.000202373289396949,0.0372790281167984
"3",3,3,0.0247300233797397,0.045617103135099
"4",4,4,0.0540391432298751,0.100547209015633
"5",5,5,0.187409326967252,0.00686799550345829
"6",6,6,0.0355205765415771,0.185494179904081
"7",7,7,0.251988993177532,0.112492868615069
"8",8,8,0.00552663837298748,0.0135048929208479
"9",9,9,0.0518819168427233,0.00720200583125572
"10",10,10,0.000133573248573433,0.214832085772789
