"","X","V","Imp","rand"
"1",1,1,0.0798337619260286,0.0109102610591823
"2",2,2,0.0760310412390193,0.213160407585618
"3",3,3,0.00904224740547717,0.516662559994312
"4",4,4,0.181468702305525,0.00219163258109172
"5",5,5,0.173180395013046,0.00708863661947229
