"","X","V","Imp","rand"
"1",1,1,0.0400088329483345,0.00553844035431623
"2",2,2,0.0215285999585214,0.162024141843743
"3",3,3,0.000310805329801671,0.120255769305563
"4",4,4,0.00061620414416146,0.350503491267719
"5",5,5,3.14691130882454e-05,0.111745141892576
