"","V1","effect_size","nonlinear","location","scale","interactions","V2"
"1",1,-0.0685611530664552,FALSE,NA,NA,FALSE,NA
"2",2,0.0299651634868331,FALSE,NA,NA,FALSE,NA
"3",3,0.0950907324899602,TRUE,-0.607083072057281,0.00976761959940714,FALSE,NA
"4",4,-0.103207511972129,FALSE,NA,NA,FALSE,NA
"5",5,0.0486156686161734,FALSE,NA,NA,FALSE,NA
"6",4,0.170816911778048,FALSE,NA,NA,TRUE,5
"7",1,0.0751331302162267,FALSE,NA,NA,TRUE,2
