"","V1","effect_size","nonlinear","location","scale","interactions","V2"
"1",1,0.200022081151893,TRUE,1.49321129956129,0.837178984122281,FALSE,NA
"2",2,0.146726275624107,FALSE,NA,NA,FALSE,NA
"3",3,-0.0176296718574587,TRUE,0.802963295303959,0.979457210571337,FALSE,NA
"4",4,0.0248234595526381,FALSE,NA,NA,FALSE,NA
"5",5,-0.00560973378051449,TRUE,0.989228869971894,1.45847312911394,FALSE,NA
