"","X","V","Imp","rand"
"1",1,1,0.00194726313583076,0.125258825264698
"2",2,2,0.193252732538919,0.107264627546069
"3",3,3,0.0785315231284333,0.0533186735882062
"4",4,4,0.0469832822666901,0.00550350658065335
"5",5,5,0.0566120992299707,0.0560859909372694
"6",6,6,0.0150324858499633,0.0463659478104847
"7",7,7,0.00613862082095526,0.0442424959086455
"8",8,8,0.090093499511107,0.00604150279603826
"9",9,9,0.0248556843174239,0.00012152903340375
"10",10,10,0.0490503608748232,0.305791537482252
