"","V1","effect_size","nonlinear","location","scale","interactions","V2"
"1",1,-0.0441278045661775,0,NA,NA,FALSE,NA
"2",2,0.439605200764185,0,NA,NA,FALSE,NA
"3",3,-0.280234764310985,0,NA,NA,FALSE,NA
"4",4,-0.216756273880804,0,NA,NA,FALSE,NA
"5",5,0.237932972137051,0,NA,NA,FALSE,NA
"6",6,0.122607038337786,0,NA,NA,FALSE,NA
"7",7,0.0783493511201928,0,NA,NA,FALSE,NA
"8",8,0.300155792066565,0,NA,NA,FALSE,NA
"9",9,0.157656856233479,0,NA,NA,FALSE,NA
"10",10,-0.221473160619573,0,NA,NA,FALSE,NA
