"","X","V","Imp","rand"
"1",1,1,0.00317488365832608,0.000172179542610776
"2",2,2,0.122115607010198,0.0793514167358691
"3",3,3,0.0354700636079838,0.274407316259488
"4",4,4,0.0827143011855254,0.388546337107
"5",5,5,0.205782931538366,0.00752046889228652
