"","X","V","Imp","rand"
"1",1,1,0.000190837857922762,0.0297195061189868
"2",2,2,0.0162273488457848,0.00126845681914247
"3",3,3,0.00547447998382926,0.00203517793343573
"4",4,4,0.0890030925336739,0.136361902600189
"5",5,5,0.0168306287680038,0.0549766579206612
"6",6,6,0.105691450423356,0.197147437102629
"7",7,7,0.00391489541775851,0.000376405314526442
"8",8,8,0.0191097783634929,0.0301284158478052
"9",9,9,0.00604255464698208,0.234798741182343
"10",10,10,0.0154010411753814,0.0631418356401946
