"","X","V","Imp","rand"
"1",1,1,0.000969645619336026,0.033599959530102
"2",2,2,0.0615557234604602,0.455822603720044
"3",3,3,0.000114597311140671,0.0483763679047711
"4",4,4,0.14540316825632,0.0490128460711141
"5",5,5,0.22026423543499,0.163180761828521
