"","X","V","Imp","rand"
"1",1,1,0.00549687386956113,0.089837972894915
"2",2,2,0.0966581362537608,0.0206444346886601
"3",3,3,0.00196930328507047,0.00880159626805789
"4",4,4,0.00695426305682216,0.0952811617495989
"5",5,5,0.000710655180146133,0.0329565434151806
"6",6,6,0.0985881735911451,0.0283303404407547
"7",7,7,0.00444337217855665,0.149155056691131
"8",8,8,0.00571090473229012,0.200739508772574
"9",9,9,0.000956595294225002,0.000742015902774588
"10",10,10,0.0218038866002633,0.123506186268648
