"","X","V","Imp","rand"
"1",1,1,0.0133706885190208,0.030519575620496
"2",2,2,0.0875226840157982,0.177676360678406
"3",3,3,0.0078999406428363,0.255683870581626
"4",4,4,0.102547439592394,0.0360183690254822
"5",5,5,0.0162882229061153,0.25008575829115
