"","X","V","Imp","rand"
"1",1,1,0.0308978945643856,0.0859076458211931
"2",2,2,0.00246204387916791,0.121912408601177
"3",3,3,0.000568110818013857,0.0581328188441568
"4",4,4,0.12515152528415,0.473003738937822
"5",5,5,0.0909156499325138,0.0110539557650208
