"","X","V","Imp","rand"
"1",1,1,0.00469294983375192,0.0320046617038908
"2",2,2,0.126158874118256,0.0301566568727272
"3",3,3,0.00441110369467983,0.13278450508177
"4",4,4,0.0511154351967234,0.05644834303562
"5",5,5,0.115727652354985,0.249467685964199
"6",6,6,0.0464075378620122,0.00179006439135686
"7",7,7,0.00533527495941994,0.00421164486830749
"8",8,8,0.00203721239157223,0.0444686448659349
"9",9,9,0.00394548454276668,0.182214963640564
"10",10,10,0.00595434849206991,0.016449054279693
