"","X","V","Imp","rand"
"1",1,1,0.722731972078733,0.0119368461121673
"2",2,2,0.598525087839044,0.738057012917399
