"","X","V","Imp","rand"
"1",1,1,0.105699063600266,0.31719784259007
"2",2,2,0.0288325049456708,0.0618075213318294
"3",3,3,0.039026248505281,0.012747253650818
"4",4,4,0.0231944875326607,0.339231521407703
"5",5,5,0.12455899626567,0.0190968507417839
