"","X","V","Imp","rand"
"1",1,1,0.0119320204204308,0.0475668864005054
"2",2,2,0.0501999860310715,0.394599124531744
"3",3,3,0.0199073508306396,0.00027957382847362
"4",4,4,0.0342610416584955,0.154473243437533
"5",5,5,0.011108590827231,0.153080300678007
