"","X","V","Imp","rand"
"1",1,1,0.332354363635195,0.625821351658803
"2",2,2,0.0274730521947237,0.00467396803039719
"3",3,3,0.0187326948350431,0.00378115262325221
"4",4,4,0.387996098212826,0.000194522960607607
"5",5,5,0.0304946600359947,0.115443076870037
