"","V1","effect_size","nonlinear","location","scale","interactions","V2"
"1",1,0.210569351829185,TRUE,0.492639183078801,0.120164483989644,FALSE,NA
"2",2,0.00817918693909782,TRUE,-1.7619116555073,0.14937322285131,FALSE,NA
"3",3,-0.136867435261435,FALSE,NA,NA,FALSE,NA
"4",4,0.316198017873917,TRUE,1.15695742514839,1.29887171737374,FALSE,NA
"5",5,-0.0555743370653731,FALSE,NA,NA,FALSE,NA
"6",1,-0.288014911705432,FALSE,NA,NA,TRUE,4
"7",2,0.027406153095739,FALSE,NA,NA,TRUE,5
