"","X","V","Imp","rand"
"1",1,1,0.336342492941947,0.0782409999046578
"2",2,2,0.219830808447873,0.548705765148652
"3",3,3,0.043392192221924,0.0923461430744977
"4",4,4,0.0969388690366968,0.0184264693836812
"5",5,5,0.0756525742703741,0.01227725158636
