"","X","V","Imp","rand"
"1",1,1,0.0141888709229932,0.0219469335308066
"2",2,2,0.078918410726871,0.0270298101199117
"3",3,3,0.0037555052164652,0.0910610134982016
"4",4,4,0.0408215128402182,3.75823806010084e-05
"5",5,5,0.0143294146799987,0.118536610343597
"6",6,6,0.141606041233493,0.186888112812812
"7",7,7,0.0062828004419789,0.155668857560572
"8",8,8,0.16914848153366,0.0214966414138328
"9",9,9,0.0673772529488466,0.00159338183200527
"10",10,10,0.0260683115214045,0.125729629722594
