"","V1","effect_size","nonlinear","location","scale","interactions","V2"
"1",1,-0.221366577639513,TRUE,0.242296398427875,0.0384828941896558,FALSE,NA
"2",2,-0.034592881312,FALSE,NA,NA,FALSE,NA
"3",3,-0.208307926450061,TRUE,-1.18042750256401,0.672551636584103,FALSE,NA
"4",4,0.311350074733726,FALSE,NA,NA,FALSE,NA
"5",5,-0.0833509690085497,TRUE,-0.718941674965358,0.407418339978904,FALSE,NA
"6",1,-0.0687051902357099,FALSE,NA,NA,TRUE,5
"7",1,-0.218634141010407,FALSE,NA,NA,TRUE,2
