"","V1","effect_size","nonlinear","location","scale","interactions","V2"
"1",1,0.11911704715528,0,NA,NA,FALSE,NA
"2",2,0.280924208153856,0,NA,NA,FALSE,NA
"3",3,0.0612821769886253,0,NA,NA,FALSE,NA
"4",4,0.202043343964156,0,NA,NA,FALSE,NA
"5",5,0.11970553320544,0,NA,NA,FALSE,NA
"6",6,0.376305781557356,0,NA,NA,FALSE,NA
"7",7,0.0792641182501824,0,NA,NA,FALSE,NA
"8",8,0.411276648417656,0,NA,NA,FALSE,NA
"9",9,-0.259571286834362,0,NA,NA,FALSE,NA
"10",10,0.161456841048636,0,NA,NA,FALSE,NA
