"","X","V","Imp","rand"
"1",1,1,0.455818399783223,0.0397940838080812
"2",2,2,0.116749096899587,0.0927738642053617
"3",3,3,0.00685978519365716,0.19245736663329
"4",4,4,0.00592223109705042,0.0245171477839502
"5",5,5,0.270831848738161,0.269082012983131
"6",6,6,0.458808205527161,0.00951817100600593
"7",7,7,0.18216370367531,0.0980240821635371
"8",8,8,0.017198088563022,0.0125804231953585
"9",9,9,0.0303542160149869,0.000412882379491855
"10",10,10,0.0418396845597446,0.0107885359579845
