"","X","V","Imp","rand"
"1",1,1,0.0140665200309525,0.311677618700191
"2",2,2,0.0370528123218185,0.129327717649693
"3",3,3,0.00129643230580045,0.255541450212121
"4",4,4,0.000168765173690862,0.0530513241121097
"5",5,5,0.00991510328377176,0.000395516818557845
