"","X","V","Imp","rand"
"1",1,1,0.00112028572398114,0.0944565094392511
"2",2,2,0.0032061098759612,0.0488064856727018
"3",3,3,0.000304368948463967,0.0458352540242693
"4",4,4,0.126361437160427,0.00124402729669755
"5",5,5,0.135509652943176,0.00214486687019232
"6",6,6,0.00110112770267425,0.327931953633379
"7",7,7,0.013987079612601,0.163696754015421
"8",8,8,0.00726873068876068,0.0168814602045518
"9",9,9,0.00337443008254118,0.0364994381756445
"10",10,10,0.000210668673564517,0.0125885910843993
