"","X","V","Imp","rand"
"1",1,1,0.00430915912867244,0.0578606093969366
"2",2,2,0.00521002542918997,0.039717509146999
"3",3,3,0.0050571835342385,0.0846454555428752
"4",4,4,0.0013888973174426,0.374401761171643
"5",5,5,0.0465341321437368,0.193352483729348
