"","V1","effect_size","nonlinear","location","scale","interactions","V2"
"1",1,-0.0656441857948778,TRUE,1.1730860934312,0.368633961775323,FALSE,NA
"2",2,-0.0721805058806737,TRUE,0.770858634344575,1.05436402834476,FALSE,NA
"3",3,0.0711138772268711,FALSE,NA,NA,FALSE,NA
"4",4,0.0372679127057393,TRUE,0.299084172090831,1.0043449056846,FALSE,NA
"5",5,-0.215717714023992,FALSE,NA,NA,FALSE,NA
