"","X","V","Imp","rand"
"1",1,1,0.362405188764482,0.153281373454627
"2",2,2,0.0569968239229741,0.242654464222038
"3",3,3,0.00209677026000967,0.00302147405098622
"4",4,4,4.39555338184658e-05,0.115550275954451
"5",5,5,0.404496329543514,0.000851741140280884
"6",6,6,0.0269878100904049,0.00157767875591492
"7",7,7,0.0108905879095481,0.158008951924884
"8",8,8,0.00134256633525924,0.0132081787027163
"9",9,9,0.000556173001344831,0.000777780245512397
"10",10,10,0.0576510060693962,0.0610588842699622
