"","X","V","Imp","rand"
"1",1,1,0.00461748807520135,0.152982631486814
"2",2,2,0.0752255428767955,0.0936054585088721
"3",3,3,0.00204714545545011,0.023296473800763
"4",4,4,0.130399763381018,0.193510771435529
"5",5,5,0.0595365051057431,0.019342351685403
"6",6,6,0.105475618011002,0.0466486744883718
"7",7,7,0.0918076669043733,0.0468303142057444
"8",8,8,0.0809961881738456,0.0876709515133321
"9",9,9,0.0479558244040746,0.00942305942884906
"10",10,10,0.065252154682232,0.0764602797852721
