"","X","V","Imp","rand"
"1",1,1,0.285844769348887,0.156282590680025
"2",2,2,0.120168049133905,0.508543486497911
"3",3,3,0.0399076871084534,0.0781448614894238
"4",4,4,0.0464856864715372,0.00687508732657965
"5",5,5,0.0464534097079135,0.000151285892282928
