"","V1","effect_size","nonlinear","location","scale","interactions","V2"
"1",1,-0.366932310957994,FALSE,NA,NA,FALSE,NA
"2",2,-0.110677862177966,TRUE,-0.457132995019009,0.823798136743617,FALSE,NA
"3",3,0.199769084466174,TRUE,1.30054440148722,1.28620255361767,FALSE,NA
"4",4,0.215605395274648,TRUE,0.52503424548288,1.43470250899293,FALSE,NA
"5",5,-0.0562709617975394,FALSE,NA,NA,FALSE,NA
"6",1,-0.0432869885662934,FALSE,NA,NA,TRUE,5
"7",1,-0.10791845995762,FALSE,NA,NA,TRUE,2
