"","X","V","Imp","rand"
"1",1,1,0.240371521835189,0.555386429002578
"2",2,2,0.00961932670824617,0.194590020706053
