"","X","V","Imp","rand"
"1",1,1,0.0593423875414946,0.152738523669167
"2",2,2,0.000789843469225999,0.0726156318654224
"3",3,3,0.0183304177226113,0.292235657927102
"4",4,4,0.0599899648898675,8.9471814010256e-05
"5",5,5,0.111547038912959,0.232320481182517
