"","X","V","Imp","rand"
"1",1,1,0.0192268547423877,0.000277054591601274
"2",2,2,0.00553540128683894,0.10862149062839
"3",3,3,0.0867032136175518,0.000607888553313105
"4",4,4,0.00139635461239778,0.169821976484625
"5",5,5,0.000201663389197873,0.0204763243319156
"6",6,6,0.0115780741285733,0.212810099604158
"7",7,7,0.0856494863206262,0.158966784581163
"8",8,8,0.00627854203633164,0.00366416528069598
"9",9,9,0.00632753118608156,2.89200705528448e-06
"10",10,10,0.00333395084475633,0.0747393144600589
