"","X","V","Imp","rand"
"1",1,1,0.042537974453341,0.0226445803901811
"2",2,2,0.195434767727086,0.057682709687482
"3",3,3,0.0792145938261006,0.447463742499878
"4",4,4,0.200645265720231,0.0346582037345497
"5",5,5,0.0741660494328692,0.187546421805011
