"","X","V","Imp","rand"
"1",1,1,0.0291534645819608,0.183177181126661
"2",2,2,0.000308296521302245,0.00090233557135031
"3",3,3,0.00108448803118064,0.00455109668971053
"4",4,4,0.0860178770575977,0.0167551481576389
"5",5,5,0.0261952241900196,0.183477636830164
"6",6,6,0.0139944541009762,0.00951170784323181
"7",7,7,0.0034450946799933,0.0254236884824682
"8",8,8,0.00461641803588167,0.266045840002166
"9",9,9,0.050041383655447,0.00539323964009413
"10",10,10,0.0352287013560903,0.0547221770392629
