"","X","V","Imp","rand"
"1",1,1,0.000141222383894593,0.0744638380799457
"2",2,2,0.0253634967207816,0.000572682733678535
"3",3,3,0.0154590928474373,0.0927655742020958
"4",4,4,0.038994806997205,0.543540308661007
"5",5,5,0.00196531926984208,0.0386333218836175
