"","V1","effect_size","nonlinear","location","scale","interactions","V2"
"1",1,0.170743856644861,0,NA,NA,FALSE,NA
"2",2,0.0175583746771233,0,NA,NA,FALSE,NA
"3",3,0.0329315658780545,0,NA,NA,FALSE,NA
"4",4,0.293288044518691,0,NA,NA,FALSE,NA
"5",5,-0.161849387363745,0,NA,NA,FALSE,NA
"6",6,0.118298157639822,0,NA,NA,FALSE,NA
"7",7,0.058694928912073,0,NA,NA,FALSE,NA
"8",8,0.067944227391896,0,NA,NA,FALSE,NA
"9",9,-0.223699315277108,0,NA,NA,FALSE,NA
"10",10,-0.187693104178311,0,NA,NA,FALSE,NA
