"","X","V","Imp","rand"
"1",1,1,0.231819901675653,0.749957885136589
"2",2,2,0.228767475104428,9.35335444893112e-06
