"","X","V","Imp","rand"
"1",1,1,0.0109298781725613,0.392178291953958
"2",2,2,0.00157033773930078,0.000109125091332378
"3",3,3,0.0837341100222366,0.0445037133785382
"4",4,4,0.0416397913060389,0.188229967202269
"5",5,5,0.00295271721617694,0.000165513394131738
"6",6,6,0.0294599321367194,0.0251238225047196
"7",7,7,0.0115812893656822,0.00652580053767822
"8",8,8,0.0133857117351601,0.00301019358828593
"9",9,9,0.0203604333627581,0.0222125647955471
"10",10,10,0.0343845727576968,0.0679395702525894
