"","X","V","Imp","rand"
"1",1,1,0.0172726053893169,0.0399208050486665
"2",2,2,0.0677861739840065,0.0561497428824283
"3",3,3,0.0209489184270066,0.327313435408551
"4",4,4,0.00670505850012241,0.0296961032359794
"5",5,5,0.0530299265107976,0.296908697967366
