"","V1","effect_size","nonlinear","location","scale","interactions","V2"
"1",1,0.131425284436888,TRUE,-0.126854637563718,1.1752842682925,FALSE,NA
"2",2,-0.121485299966827,TRUE,0.373785968651439,0.0558735254095775,FALSE,NA
"3",3,0.144737411981169,FALSE,NA,NA,FALSE,NA
"4",4,0.0818844215960668,TRUE,0.91729544931479,3.04470078630333,FALSE,NA
"5",5,0.00155904933245433,FALSE,NA,NA,FALSE,NA
"6",2,0.0530274958759766,FALSE,NA,NA,TRUE,5
