"","X","V","Imp","rand"
"1",1,1,0.228087340359375,0.00525406138044226
"2",2,2,0.165294908467263,0.262457806200151
"3",3,3,0.21374702855905,0.160865491860046
"4",4,4,0.0288926055050442,0.24840976062833
"5",5,5,0.329060317185926,0.0730145902145424
