"","V1","effect_size","nonlinear","location","scale","interactions","V2"
"1",1,0.0318334351338902,TRUE,1.53273250013789,0.699539526323688,FALSE,NA
"2",2,0.406564765403082,FALSE,NA,NA,FALSE,NA
"3",3,-0.462327836669013,TRUE,0.554525373338456,0.536860052961856,FALSE,NA
"4",4,0.169978250094076,FALSE,NA,NA,FALSE,NA
"5",5,0.319353009096477,TRUE,0.0270861406217533,1.0269354302016,FALSE,NA
"6",1,-0.227073972766951,FALSE,NA,NA,TRUE,5
