"","X","V","Imp","rand"
"1",1,1,0.00106327906555906,0.00302196757084906
"2",2,2,0.125115738713102,0.0155837159804568
"3",3,3,0.128692857039152,0.0477948013899861
"4",4,4,0.120679433315298,0.0728935641554034
"5",5,5,0.000818705415723872,0.275351585131583
"6",6,6,1.99248036082347e-06,0.0402875903428695
"7",7,7,0.0477596110449096,0.00977372623827852
"8",8,8,0.00116283526494742,0.054858049385196
"9",9,9,0.0519220874092121,0.224550595940163
"10",10,10,0.000183790303325319,0.00584051496281818
