"","X","V","Imp","rand"
"1",1,1,0.00609400410286768,0.00192751849103025
"2",2,2,0.0174869625803727,0.0158494696683204
"3",3,3,0.0788620134827254,0.442973991920422
"4",4,4,0.0296218439957506,0.00572114649529861
"5",5,5,0.0180779223680175,0.202562647570558
"6",6,6,0.0432139230307746,0.011496723370523
"7",7,7,0.0646447142208063,0.0236995951685893
"8",8,8,0.101404712170591,0.000629244037275537
"9",9,9,0.000217795553996831,0.0240363570991316
"10",10,10,0.00221463137500548,0.0210860395155041
