"","X","V","Imp","rand"
"1",1,1,9.70587581921694e-05,4.51516194567942e-05
"2",2,2,0.000165758888081917,0.632977080194147
"3",3,3,0.0107109644598354,0.0661633245685112
"4",4,4,0.020575893258858,0.000999940268698272
"5",5,5,0.0309729158751675,0.049812991683539
