"","V1","effect_size","nonlinear","location","scale","interactions","V2"
"1",1,-0.0098518403454466,FALSE,NA,NA,FALSE,NA
"2",2,0.012874738369455,TRUE,0.834096013045822,0.845360441091371,FALSE,NA
"3",3,0.103493789474709,TRUE,-0.337625268459479,2.27251115522932,FALSE,NA
"4",4,-0.143442996548657,FALSE,NA,NA,FALSE,NA
"5",5,-0.175991238063625,TRUE,-0.480736928683874,0.684396415948868,FALSE,NA
