"","X","V","Imp","rand"
"1",1,1,0.0736868182002635,0.170147021563895
"2",2,2,0.0534475831238316,0.33612014212542
"3",3,3,0.021766370704687,0.000576260944991751
"4",4,4,0.000630908568911434,0.0040958999921171
"5",5,5,0.0173986602046734,0.239059764785484
