"","V1","effect_size","nonlinear","location","scale","interactions","V2"
"1",1,0.194213311822758,TRUE,1.28513605099018,1.24477490964801,FALSE,NA
"2",2,0.132210345331717,FALSE,NA,NA,FALSE,NA
"3",3,0.0686761644208411,FALSE,NA,NA,FALSE,NA
"4",4,-0.025117893401148,FALSE,NA,NA,FALSE,NA
"5",5,0.0186736461234745,FALSE,NA,NA,FALSE,NA
"6",3,0.0170499551451286,FALSE,NA,NA,TRUE,5
"7",1,-0.0359680077110997,FALSE,NA,NA,TRUE,2
