"","X","V","Imp","rand"
"1",1,1,0.0163467660026546,0.227067870267282
"2",2,2,0.00128383078800246,0.109158058473548
"3",3,3,0.0273129362694851,0.115419259464917
"4",4,4,0.0105845270844003,0.120454350974582
"5",5,5,0.00697090517928745,0.177910427890589
