"","X","V","Imp","rand"
"1",1,1,0.00111917734231182,0.568983549354323
"2",2,2,0.0613798302984874,0.181015912111515
