"","X","V","Imp","rand"
"1",1,1,0.00535866329784916,0.00369531473403865
"2",2,2,0.00970340702993894,0.253050285600415
"3",3,3,0.0137753094604539,0.0214622169211748
"4",4,4,0.0610745097036985,0.00373240155240165
"5",5,5,0.0134358184219143,0.0259215625923831
"6",6,6,0.0502465292800398,0.000470015709248506
"7",7,7,0.0566274653961869,0.111161194831137
"8",8,8,0.00269184878150797,0.209617055639045
"9",9,9,0.000427723878256879,0.101756990020141
"10",10,10,0.0566951315471514,0.0190477019570814
