"","X","V","Imp","rand"
"1",1,1,0.00111917734231182,0.237796263802135
"2",2,2,0.0613798302984874,0.512203149406311
