"","X","V","Imp","rand"
"1",1,1,0.00713316501248217,0.00178805928676481
"2",2,2,0.126485122916206,0.0494142371257844
"3",3,3,4.70200198628554e-05,0.000384272326110099
"4",4,4,0.00184379009832274,0.0328178284142663
"5",5,5,0.135198746531003,0.0264074258992546
"6",6,6,0.00062073049552616,0.0248056709803159
"7",7,7,0.00443014276271288,0.249797768961465
"8",8,8,0.00360636673097595,0.156641020563583
"9",9,9,9.32787354284815e-06,0.00354473541564069
"10",10,10,0.0199987331418496,0.204392688264694
