"","X","V","Imp","rand"
"1",1,1,0.00561938276690319,0.0217286173237905
"2",2,2,0.0317865314246026,0.0478068367757313
"3",3,3,0.00791099792301917,0.00157934134113719
"4",4,4,0.0128375100335614,0.560680374228905
"5",5,5,0.00433489044875276,0.118198772672624
