"","X","V","Imp","rand"
"1",1,1,0.0498118109289712,0.0602297959207987
"2",2,2,0.236921859228056,0.243554711472594
"3",3,3,0.0167246305061962,0.0601929273422906
"4",4,4,0.250128547803483,0.114790001270726
"5",5,5,0.112473953456461,0.27121859210335
