"","V1","effect_size","nonlinear","location","scale","interactions","V2"
"1",1,0.223185597494487,TRUE,1.32857108278863,1.2854449217719,FALSE,NA
"2",2,-0.0328746404866514,FALSE,NA,NA,FALSE,NA
"3",3,0.129323743010308,TRUE,-0.935999690217971,0.353844232391566,FALSE,NA
"4",4,0.119530040418944,TRUE,-1.3412985878337,0.266944390721619,FALSE,NA
"5",5,-0.335371366482681,FALSE,NA,NA,FALSE,NA
"6",2,0.235841117240929,FALSE,NA,NA,TRUE,4
