"","X","V","Imp","rand"
"1",1,1,0.375891061855399,0.000592044559130862
"2",2,2,0.146644901192311,0.00177812167467961
"3",3,3,0.235216947782498,0.000403012445330205
"4",4,4,0.296722476894503,0.0697167662861886
"5",5,5,0.0957011252722594,0.25267294209304
"6",6,6,0.112380969263883,0.0293088711256965
"7",7,7,0.00079644786121019,0.0332197733713863
"8",8,8,0.00088294158007337,0.20220508908885
"9",9,9,0.031007926526281,0.0629820113814578
"10",10,10,3.90968602435673e-05,0.0971136952859973
