"","X","V","Imp","rand"
"1",1,1,0.233822510243881,0.166171332838912
"2",2,2,0.00817820911659878,0.13647079222995
"3",3,3,0.0923111189301578,0.00109679053042475
"4",4,4,0.145607604494037,0.00903493108265287
"5",5,5,0.0706959428356362,0.125971496090205
"6",6,6,0.00209873890835827,0.129623082924254
"7",7,7,0.00307895740142593,0.0440537452939758
"8",8,8,0.0071955690385266,0.00412287736217028
"9",9,9,0.000991059794116372,0.130361707316618
"10",10,10,0.0962848899562025,0.00308476363645037
