"","X","V","Imp","rand"
"1",1,1,0.145410086685043,7.34891481308448e-06
"2",2,2,0.226220529630212,0.225159767973878
"3",3,3,0.0134357706723516,0.43398444080607
"4",4,4,0.0939333953973129,0.0309976018904245
"5",5,5,2.45266209413463e-06,0.059832470083603
