"","X","V","Imp","rand"
"1",1,1,0.145410086685043,0.162982485530111
"2",2,2,0.226220529630212,0.340650901196886
"3",3,3,0.0134357706723516,0.0899213938952014
"4",4,4,0.0939333953973129,0.12018782587364
"5",5,5,2.45266209413463e-06,0.0362516280483542
