"","X","V","Imp","rand"
"1",1,1,0.183037354890638,0.000199255785299987
"2",2,2,0.0502844673744326,0.0416253082708618
"3",3,3,0.382995036298114,0.70001883986203
"4",4,4,0.170497563568845,0.00739168828165791
"5",5,5,0.340005189931828,0.000764055926381891
