"","V1","effect_size","nonlinear","location","scale","interactions","V2"
"1",1,0.427828651320406,FALSE,NA,NA,FALSE,NA
"2",2,0.224241983969177,FALSE,NA,NA,FALSE,NA
"3",3,0.20749761574826,TRUE,0.00598127981780696,0.00953352902259811,FALSE,NA
"4",4,0.412913506159395,TRUE,-1.41160352470416,0.117738691158593,FALSE,NA
"5",5,-0.00808790299935937,TRUE,-1.22675499371576,0.710546549367619,FALSE,NA
"6",3,0.339939775756901,FALSE,NA,NA,TRUE,5
