"","V1","effect_size","nonlinear","location","scale","interactions","V2"
"1",1,-0.126308515253647,FALSE,NA,NA,FALSE,NA
"2",2,0.0735840411707301,TRUE,-0.104065708350343,1.59454540899935,FALSE,NA
"3",3,-0.11591277182585,TRUE,0.719732453284007,0.300696542915597,FALSE,NA
"4",4,0.0508303309213965,FALSE,NA,NA,FALSE,NA
"5",5,0.00156609772815576,TRUE,1.45394996375624,2.3708791093077,FALSE,NA
"6",2,-0.0913496728557342,FALSE,NA,NA,TRUE,4
"7",1,-0.129456245659462,FALSE,NA,NA,TRUE,2
