"","X","V","Imp","rand"
"1",1,1,0.126742994495963,0.0647683835607866
"2",2,2,0.154393696666585,0.253412736754307
"3",3,3,0.000382243093760172,0.191433489981714
"4",4,4,0.123562270127137,0.234105562375858
"5",5,5,0.137990729933564,0.00627603882648862
