"","X","V","Imp","rand"
"1",1,1,0.161502573506167,0.272466332136585
"2",2,2,0.0714247576607933,0.0752025330950974
"3",3,3,0.0066799120434736,0.373552878662794
"4",4,4,0.267019079482492,0.00703952776699303
"5",5,5,0.189859654511707,0.0217153918787705
