"","V1","effect_size","nonlinear","location","scale","interactions","V2"
"1",1,0.303480899303274,FALSE,NA,NA,FALSE,NA
"2",2,0.044975998005054,FALSE,NA,NA,FALSE,NA
"3",3,-0.0817307288813308,TRUE,0.612485763312229,0.304476889315993,FALSE,NA
"4",4,-0.516738889075026,TRUE,0.698151691530387,0.410117194522172,FALSE,NA
"5",5,-0.43572887729838,TRUE,-1.18270733488369,1.61491007349434,FALSE,NA
"6",1,0.0694019172642427,FALSE,NA,NA,TRUE,2
