"","V1","effect_size","nonlinear","location","scale","interactions","V2"
"1",1,-0.0851793009849424,TRUE,-1.52222770613706,0.662217980250716,FALSE,NA
"2",2,0.130431048522082,TRUE,-0.445358067451099,0.12635351818605,FALSE,NA
"3",3,-0.0195510381760195,TRUE,0.565368498733,1.85487442827764,FALSE,NA
"4",4,0.0638340735615161,FALSE,NA,NA,FALSE,NA
"5",5,-0.0246838344985016,FALSE,NA,NA,FALSE,NA
"6",1,0.11948748117968,FALSE,NA,NA,TRUE,4
"7",2,-0.137381438248015,FALSE,NA,NA,TRUE,5
