"","X","V","Imp","rand"
"1",1,1,0.020835104709411,0.471910441061566
"2",2,2,0.0416647223258365,0.278088887280517
