"","X","V","Imp","rand"
"1",1,1,0.0402505163316963,0.00640573359056056
"2",2,2,0.000268944896300432,0.16058414904947
"3",3,3,0.00386943492711266,0.157629869328178
"4",4,4,0.000414601829082949,0.166388208279728
"5",5,5,0.0176879547655169,0.258935347207686
