"","X","V","Imp","rand"
"1",1,1,0.120645346020771,0.144304234728815
"2",2,2,0.00364723465642052,0.151802931950444
"3",3,3,0.121074258077456,0.0321654904321934
"4",4,4,0.0239604536594735,0.0142733584364457
"5",5,5,0.0152977454734786,0.0118430438541904
"6",6,6,0.10947736688324,0.0043865163899536
"7",7,7,0.0417843598280733,0.123260749414
"8",8,8,0.0913514092369502,0.00817678557585595
"9",9,9,0.0191549082804809,0.000128976771054632
"10",10,10,0.0994254125220724,0.259637768091256
