"","X","V","Imp","rand"
"1",1,1,0.000691096973295947,0.0272690477044008
"2",2,2,0.00348034443585663,0.00928020198824924
"3",3,3,0.000817070069652538,0.00517198996825035
"4",4,4,0.000147332814174284,0.00693867475122489
"5",5,5,0.00371970373498927,0.117372009600974
"6",6,6,6.68230650885934e-05,0.15289795806984
"7",7,7,3.9327559015055e-06,0.271668563715155
"8",8,8,0.0260014444683777,0.0915041662083449
"9",9,9,0.000502388367208965,0.0577852450828366
"10",10,10,0.0270539847533539,0.0101053835207106
