"","X","V","Imp","rand"
"1",1,1,0.000691096973295947,0.0111720637835429
"2",2,2,0.00348034443585663,0.0181058971240461
"3",3,3,0.000817070069652538,0.218389469550276
"4",4,4,0.000147332814174284,0.215845696557075
"5",5,5,0.00371970373498927,0.0308660633598433
"6",6,6,6.68230650885934e-05,0.0251188483445775
"7",7,7,3.9327559015055e-06,0.00937324401974209
"8",8,8,0.0260014444683777,0.00522978408624928
"9",9,9,0.000502388367208965,0.13545176010824
"10",10,10,0.0270539847533539,0.0804115595134545
