"","X","V","Imp","rand"
"1",1,1,0.0201879931582682,0.042000141673781
"2",2,2,0.109997468717531,0.297054383625163
"3",3,3,0.000710871689871678,0.237946352805982
"4",4,4,0.00255493316906428,0.00192254853615295
"5",5,5,0.116513378493083,0.171146906916694
