"","X","V","Imp","rand"
"1",1,1,0.28321543618226,0.0277636150188907
"2",2,2,0.000445675318178525,0.331740524114691
"3",3,3,0.342382618296693,0.275020539780254
"4",4,4,0.0250935428760299,0.0207881502795299
"5",5,5,0.472238688605482,0.0946854690854458
