"","V1","effect_size","nonlinear","location","scale","interactions","V2"
"1",1,-0.532179890809734,TRUE,-1.44306418266032,2.14332512641004,FALSE,NA
"2",2,0.0211110236174972,TRUE,2.28104118497837,0.0827559353621777,FALSE,NA
"3",3,-0.0710146187832862,FALSE,NA,NA,FALSE,NA
"4",4,-0.158409415364207,FALSE,NA,NA,FALSE,NA
"5",5,-0.367286191395381,TRUE,0.175063430430989,3.3308335317481,FALSE,NA
"6",3,-0.337339542215758,FALSE,NA,NA,TRUE,5
