"","X","V","Imp","rand"
"1",1,1,0.41597846506393,0.00172193413040348
"2",2,2,0.0641132930519267,0.121329365859922
"3",3,3,0.0778372684479886,0.281714664131996
"4",4,4,0.262308906709305,1.31576981719392e-05
"5",5,5,0.486419087949842,0.01530853566604
"6",6,6,0.0472903352758541,0.114315863379416
"7",7,7,0.00449125480634236,7.56718230413315e-05
"8",8,8,7.70340796946702e-07,0.00432994279273837
"9",9,9,0.198778964138573,0.126996893626545
"10",10,10,0.000930066512669528,0.0841811352827231
