"","X","V","Imp","rand"
"1",1,1,0.101229394150683,0.00801403987057657
"2",2,2,0.000758843627606209,0.296657127911556
"3",3,3,0.132601725244333,0.133506437349934
"4",4,4,0.00613336774620898,0.0830493717892283
"5",5,5,0.00313539834678631,0.00119866319428601
"6",6,6,0.000527059365742622,2.70517752141991e-07
"7",7,7,0.00100729906419335,0.000246052256905011
"8",8,8,0.00148715155809538,0.014269465195847
"9",9,9,0.03035377566849,0.143786559436708
"10",10,10,0.0232545151377596,0.0693170970549415
