"","X","V","Imp","rand"
"1",1,1,0.021022057875998,0.0176716536831128
"2",2,2,0.258734036038986,0.294980146151356
"3",3,3,0.0831719123020982,0.103561184082917
"4",4,4,0.00114366169531379,0.107293334208673
"5",5,5,0.386006220400491,3.30078336062865e-05
"6",6,6,0.253463474623319,0.06536683389468
"7",7,7,0.0106075496330716,0.00239152894190715
"8",8,8,0.00391416029074967,0.0828361400814811
"9",9,9,0.0584798998840904,0.0739846089190652
"10",10,10,0.114146188187405,0.00187464840606874
