"","X","V","Imp","rand"
"1",1,1,0.00342461869706163,0.075796972436986
"2",2,2,0.0315174606347227,0.0587089333158505
"3",3,3,0.0499004184492236,0.0357941400729976
"4",4,4,0.172861656272808,0.122233567473816
"5",5,5,0.03520318319079,0.0999318267868301
"6",6,6,0.0726843358965867,0.021160902421819
"7",7,7,0.000811967290885798,0.012880018236089
"8",8,8,0.0568330767751347,0.12718534948363
"9",9,9,0.164038636221782,0.193302432264251
"10",10,10,0.0558756537189706,0.00300187092677259
