"","X","V","Imp","rand"
"1",1,1,0.00291079680482958,0.0709218989749886
"2",2,2,0.076284911372024,0.0356858230507004
"3",3,3,0.0244138235209279,0.0039736863743281
"4",4,4,0.00727492593113032,0.245146358086639
"5",5,5,0.0176704978836571,0.0575598253787025
"6",6,6,0.0499909524633771,0.106481593297923
"7",7,7,0.00121016396286158,0.0514654625904137
"8",8,8,0.00736731933957125,0.0180287498023285
"9",9,9,0.0490529669016312,0.0222752971866683
"10",10,10,0.0138183720008566,0.138454787305969
