"","X","V","Imp","rand"
"1",1,1,0.000505981820570765,0.0437692818236006
"2",2,2,0.144329630244107,0.247485502585169
"3",3,3,0.0388387926769833,0.00938104041861867
"4",4,4,0.197131502260383,6.69129718599448e-08
"5",5,5,0.00418482501450176,0.0290185010637771
"6",6,6,0.0121215108442113,0.30333233075696
"7",7,7,0.00838159513874816,0.0283958036358544
"8",8,8,0.0579752915666396,0.079596750264972
"9",9,9,0.0118760600229652,0.00556021958051247
"10",10,10,0.00149953574614263,0.00345461938548333
