"","X","V","Imp","rand"
"1",1,1,0.008862286023729,0.119810380811027
"2",2,2,0.0119052835739387,0.00894835401167775
"3",3,3,0.12407203657649,0.0371593283509546
"4",4,4,0.111258586123845,0.128321168191957
"5",5,5,0.0851566684703456,0.0114795316260083
"6",6,6,0.226057668606049,0.0154887818260295
"7",7,7,0.000664347226760083,0.0480961610628016
"8",8,8,0.206242279494685,0.248237602018364
"9",9,9,0.00056000162772854,0.026266030064196
"10",10,10,0.153235791923835,0.106187064076989
