"","X","V","Imp","rand"
"1",1,1,0.000505981820570765,0.0356213236608988
"2",2,2,0.144329630244107,0.054028241496416
"3",3,3,0.0388387926769833,0.0182459505986096
"4",4,4,0.197131502260383,0.0253708737853949
"5",5,5,0.00418482501450176,8.728573118116e-05
"6",6,6,0.0121215108442113,0.366806558609033
"7",7,7,0.00838159513874816,0.0120937793602902
"8",8,8,0.0579752915666396,0.00111538043222956
"9",9,9,0.0118760600229652,0.0881510731386811
"10",10,10,0.00149953574614263,0.148470850813057
