"","X","V","Imp","rand"
"1",1,1,0.236267697388577,0.133825488071798
"2",2,2,0.000667790868871718,0.0323522031569618
"3",3,3,0.150903492944448,0.12773393088284
"4",4,4,0.0598989808716604,0.238136262833885
"5",5,5,0.114756141473548,0.217951168642299
