"","V1","effect_size","nonlinear","location","scale","interactions","V2"
"1",1,0.486073757148621,TRUE,-1.32256982013766,0.320734099775871,FALSE,NA
"2",2,-0.0258416498867955,FALSE,NA,NA,FALSE,NA
"3",3,-0.388462987869434,TRUE,-1.00924588503826,1.62254566318336,FALSE,NA
"4",4,-0.244742682978798,TRUE,-2.1338963665045,0.837801922576852,FALSE,NA
"5",5,-0.338756758565121,FALSE,NA,NA,FALSE,NA
