"","X","V","Imp","rand"
"1",1,1,5.34400076538451e-05,0.238869140447836
"2",2,2,0.0104508258328608,0.0423579739174129
"3",3,3,0.0623742022532459,0.027377056975439
"4",4,4,0.00482395472202729,0.295721653000123
"5",5,5,0.00389761705437374,0.020600359396826
"6",6,6,0.23208733883012,0.0245027849857384
"7",7,7,0.0680158920941329,0.00392501969951722
"8",8,8,0.244619603893374,0.0454488075397148
"9",9,9,0.00391865917675359,0.0503396367059537
"10",10,10,0.0289807536451679,0.000752537243215202
