"","X","V","Imp","rand"
"1",1,1,0.0551029666660433,0.0026077171401605
"2",2,2,0.0269031943028671,0.225578722116101
"3",3,3,0.0467288354441806,0.40375854043754
"4",4,4,0.0805543411947812,0.104535757561319
"5",5,5,0.000453450903103799,0.013430686524624
