"","X","V","Imp","rand"
"1",1,1,0.00954401399811284,0.00189482994268042
"2",2,2,0.000214132477928566,0.0234713399676186
"3",3,3,0.0201926321935557,0.255645715664224
"4",4,4,0.00149771564759685,0.0026380848195613
"5",5,5,0.000133226668349455,0.0202313350958106
"6",6,6,0.00399638449273058,0.289434281195827
"7",7,7,0.00697766211053663,0.00601357792332158
"8",8,8,0.00236035239996721,0.0717149122159294
"9",9,9,0.0156840314772272,0.00554075506956043
"10",10,10,0.00194124905361188,0.0733139321275603
