"","V1","effect_size","nonlinear","location","scale","interactions","V2"
"1",1,0.0976934695776173,0,NA,NA,FALSE,NA
"2",2,-0.0146332661401536,0,NA,NA,FALSE,NA
"3",3,0.142100781818946,0,NA,NA,FALSE,NA
"4",4,-0.0387003313628818,0,NA,NA,FALSE,NA
"5",5,-0.0115423857304049,0,NA,NA,FALSE,NA
"6",6,-0.0632169636468771,0,NA,NA,FALSE,NA
"7",7,0.083532401560931,0,NA,NA,FALSE,NA
"8",8,-0.0485834580898397,0,NA,NA,FALSE,NA
"9",9,0.125235903307427,0,NA,NA,FALSE,NA
"10",10,-0.0440596079602608,0,NA,NA,FALSE,NA
