"","X","V","Imp","rand"
"1",1,1,0.0483329488037487,0.0305580560348869
"2",2,2,0.088491585135656,0.00279292761283107
"3",3,3,0.110300426115413,0.00093121947849559
"4",4,4,0.153480442634993,0.0119426538060434
"5",5,5,0.0369411227587704,0.703882898580406
