"","X","V","Imp","rand"
"1",1,1,0.00897859034781496,0.430607906415757
"2",2,2,0.00737116302906082,0.00854352122880169
"3",3,3,0.00841606210533931,0.00793307439992993
"4",4,4,0.0297259842872698,0.162957642783163
"5",5,5,0.00800076762053742,0.139954075268494
