"","X","V","Imp","rand"
"1",1,1,0.00204185538049046,0.0312918901790723
"2",2,2,0.00767237665853364,0.398710254187943
"3",3,3,0.0436736815808904,0.0383456714597445
"4",4,4,0.0129534027433936,0.0395621585431569
"5",5,5,0.00868684080009953,0.242123805698801
