"","X","V","Imp","rand"
"1",1,1,0.00336464167854134,1.79841522118753e-06
"2",2,2,0.00539065365767925,0.00489452304932588
"3",3,3,0.00039542700030389,0.0622468363328666
"4",4,4,0.00279472830512493,0.00912390927252682
"5",5,5,0.0032295671894311,0.0804172759744688
"6",6,6,0.0120062942383405,0.281945723154347
"7",7,7,0.0121427952413147,0.15229416510559
"8",8,8,0.00799894664590323,0.0784534167535934
"9",9,9,0.0140601448992222,0.0306506670631934
"10",10,10,0.00110635422728736,0.049966957332563
