"","X","V","Imp","rand"
"1",1,1,0.156763118993497,0.182742088247428
"2",2,2,0.0173965228541184,0.469250008255473
"3",3,3,0.0528042306142344,0.00104921634187147
"4",4,4,0.0149552291848782,0.0820457587852562
"5",5,5,0.0080232092238164,0.0150093979669798
