"","X","V","Imp","rand"
"1",1,1,0.153929815503184,0.0306799321199519
"2",2,2,0.00678614991807104,0.0352130994340034
"3",3,3,0.235639185107253,0.0657412201293877
"4",4,4,3.08207404035006e-05,0.0148746094444252
"5",5,5,0.0316030309197885,0.0780329136763845
"6",6,6,0.193511884117892,0.276547390102362
"7",7,7,0.00361429312030895,0.0513225056984256
"8",8,8,0.379557754805446,0.0735895430724726
"9",9,9,0.00688603636581683,0.0462270065467803
"10",10,10,0.182352370056673,0.0777682304105539
