"","X","V","Imp","rand"
"1",1,1,0.301865946816919,0.48704941712516
"2",2,2,0.281637823903114,0.118506613800177
"3",3,3,0.333726729003483,0.0541069404986599
"4",4,4,0.177985853569439,0.0881724111906005
"5",5,5,0.075906571966443,0.0021154411645435
