"","X","V","Imp","rand"
"1",1,1,0.0194895772321763,0.0482297963483867
"2",2,2,0.045889392092551,0.092184100658714
"3",3,3,0.254018397694742,0.587422039931977
"4",4,4,0.256866566498814,0.0016602803883004
"5",5,5,0.123106804147488,0.0205028205116325
