"","X","V","Imp","rand"
"1",1,1,0.00167217230155676,0.0472790951157989
"2",2,2,0.0326732208462826,0.263090968997396
"3",3,3,0.0422438785670743,0.0105603568721091
"4",4,4,0.0072432319614949,0.132140302584486
"5",5,5,0.0476969964939106,0.0258025582723458
"6",6,6,0.0921540823841171,0.000940130519251114
"7",7,7,0.00146413514627691,0.0044569599457189
"8",8,8,0.000285684316827474,0.0549872693417294
"9",9,9,0.0240043325645771,0.209804016931292
"10",10,10,0.000518212049895837,0.000932514034048821
