"","X","V","Imp","rand"
"1",1,1,0.00485760229942065,5.63924326624057e-05
"2",2,2,0.113966124660997,0.17080986341039
"3",3,3,0.115385446844482,0.00570206875503668
"4",4,4,0.00161472536477783,0.00329073789619701
"5",5,5,0.129607738944508,0.0759017281815411
"6",6,6,0.135314790436507,0.00494376394558954
"7",7,7,1.0699534725306e-07,0.00222628282809953
"8",8,8,0.000829571675075819,0.206289577492791
"9",9,9,0.000869683452847396,0.0260788815896372
"10",10,10,0.0167410078526319,0.254675485940356
