"","V1","effect_size","nonlinear","location","scale","interactions","V2"
"1",1,0.0408922034323997,0,NA,NA,FALSE,NA
"2",2,0.180757353505418,0,NA,NA,FALSE,NA
"3",3,0.205533156855711,0,NA,NA,FALSE,NA
"4",4,0.0851071792594191,0,NA,NA,FALSE,NA
"5",5,0.218396420515334,0,NA,NA,FALSE,NA
"6",6,-0.303568908790273,0,NA,NA,FALSE,NA
"7",7,0.0382640189509271,0,NA,NA,FALSE,NA
"8",8,0.0169021985796959,0,NA,NA,FALSE,NA
"9",9,0.15493331650932,0,NA,NA,FALSE,NA
"10",10,-0.0227642713455941,0,NA,NA,FALSE,NA
