"","X","V","Imp","rand"
"1",1,1,0.36044836988177,0.178069131082242
"2",2,2,0.0475278752774406,0.0602571576650415
"3",3,3,0.0217412384690919,0.487690169420333
"4",4,4,0.0383087179641792,0.0131091435765715
"5",5,5,0.350724814697666,0.0108777622619017
