"","X","V","Imp","rand"
"1",1,1,0.00944693596369185,0.0130947937765677
"2",2,2,0.139803907858411,0.00339474006729806
"3",3,3,0.00441469223856037,0.0616027765176865
"4",4,4,0.00548174392126052,0.323081825760405
"5",5,5,0.00571040693063902,0.06586651290138
"6",6,6,0.0317481369146953,0.00493696306833788
"7",7,7,0.0524211934317539,0.027775949200161
"8",8,8,5.59310168920869e-05,0.00198386143752077
"9",9,9,0.000252611425922462,0.0758917657977452
"10",10,10,0.0503188426050083,0.172366737388132
