"","X","V","Imp","rand"
"1",1,1,0.36044836988177,0.000387058013933626
"2",2,2,0.0475278752774406,0.0453421467468291
"3",3,3,0.0217412384690919,0.664756453177346
"4",4,4,0.0383087179641792,0.000152613884164287
"5",5,5,0.350724814697666,0.0393613983764211
