"","V1","effect_size","nonlinear","location","scale","interactions","V2"
"1",1,0.221307296980639,TRUE,0.243158993371925,1.13107303805174,FALSE,NA
"2",2,-0.218008888069823,TRUE,-0.125088534538661,0.235217202454805,FALSE,NA
"3",3,0.0094832593202382,FALSE,NA,NA,FALSE,NA
"4",4,-0.195726129998473,TRUE,0.876923035285646,1.49194459049943,FALSE,NA
"5",5,0.132672748712825,FALSE,NA,NA,FALSE,NA
"6",1,0.311471450184893,FALSE,NA,NA,TRUE,5
"7",3,0.021651306261757,FALSE,NA,NA,TRUE,5
