"","X","V","Imp","rand"
"1",1,1,0.262718937103701,0.00412845562682795
"2",2,2,0.00295714538545915,0.000169413583774923
"3",3,3,0.00876719774177117,0.0520621330833091
"4",4,4,0.287722197341939,0.152017625685374
"5",5,5,0.142952825009106,0.54161701649972
