"","X","V","Imp","rand"
"1",1,1,0.0194782625582714,5.46583419340802e-05
"2",2,2,0.0163075395008927,0.470650344889843
"3",3,3,0.0209778556527588,0.118798256831652
"4",4,4,0.0314201543168842,0.0205097754048908
"5",5,5,0.0104528986979847,0.139986279276624
