"","X","V","Imp","rand"
"1",1,1,0.138777658352134,0.073514623140443
"2",2,2,0.0278744527225921,0.147308924702797
"3",3,3,0.164443250069893,0.00165868072428238
"4",4,4,0.0304591997980288,0.19283882368765
"5",5,5,0.000870413494770497,0.334675274658631
