"","X","V","Imp","rand"
"1",1,1,0.20242008687516,0.0859314901131395
"2",2,2,0.0117527088890004,0.024212942804256
"3",3,3,0.313757079572223,0.0908895491858076
"4",4,4,0.0172642494492449,0.0542255704599508
"5",5,5,0.0381723326063546,0.00545969160467942
"6",6,6,2.23797778854202e-05,0.165382117215063
"7",7,7,0.109966747424934,0.0257272821323919
"8",8,8,0.312683206056486,0.00410096162136336
"9",9,9,0.137214562774027,0.283865980276888
"10",10,10,0.148379040688657,0.0101648001841582
