"","X","V","Imp","rand"
"1",1,1,0.060955527197848,0.00208541298034306
"2",2,2,0.0547595781592993,0.00319343681868085
"3",3,3,0.00639090320175156,0.069050697266494
"4",4,4,0.00385182412481312,0.10440384784246
"5",5,5,0.00305783872704088,0.0791967547307546
"6",6,6,0.00194419361219072,0.0619376073870974
"7",7,7,0.00833151273926234,0.00241348941576455
"8",8,8,0.0265206495074573,0.361393090652218
"9",9,9,0.000876081067892792,0.0101007640330508
"10",10,10,0.00108746273261292,0.0562059367694275
