"","X","V","Imp","rand"
"1",1,1,0.20242008687516,0.00389258325770142
"2",2,2,0.0117527088890004,0.0870938252583428
"3",3,3,0.313757079572223,0.0169952765114589
"4",4,4,0.0172642494492449,0.053605710682991
"5",5,5,0.0381723326063546,0.0301405409048334
"6",6,6,2.23797778854202e-05,0.218121989580771
"7",7,7,0.109966747424934,0.214472344653957
"8",8,8,0.312683206056486,0.000425903688230899
"9",9,9,0.137214562774027,0.00606500482835221
"10",10,10,0.148379040688657,0.119179941021497
