"","X","V","Imp","rand"
"1",1,1,0.0139825335381297,0.203693311864778
"2",2,2,0.239437709834685,0.00239856311514464
"3",3,3,0.218109636881124,0.00660928180673948
"4",4,4,0.01097421859785,0.0111148514117351
"5",5,5,0.00200678533103592,0.000173626928891529
"6",6,6,0.481897529451786,0.183349491219968
"7",7,7,0.000262215872319485,0.288012537079575
"8",8,8,0.29505511810365,0.00727570830131706
"9",9,9,0.00854241777618517,0.0182283478089477
"10",10,10,0.0339301168425201,0.0291413028178661
