"","X","V","Imp","rand"
"1",1,1,0.00338510824731136,0.348461494717765
"2",2,2,0.00974781400382924,0.282430040907839
"3",3,3,0.0457992182839481,0.0872992124457857
"4",4,4,0.00782054001424097,0.025781018047727
"5",5,5,0.000121108261666586,0.00602423361027168
