"","X","V","Imp","rand"
"1",1,1,0.00201272377581069,0.0210793529982417
"2",2,2,0.00696671894139592,0.00159967008482562
"3",3,3,0.000267195512607248,0.19948414410773
"4",4,4,0.00180524549986622,0.0239967637661716
"5",5,5,0.00713873358991041,0.340018067245712
"6",6,6,0.00170600503287507,0.0386223038417107
"7",7,7,0.136521047881346,0.0339365207846576
"8",8,8,0.00362069472070277,0.00704190520135031
"9",9,9,0.123938138289987,0.00131781495667645
"10",10,10,0.0109394001138695,0.0829003025074991
