"","V1","effect_size","nonlinear","location","scale","interactions","V2"
"1",1,0.0581816830910843,FALSE,NA,NA,FALSE,NA
"2",2,0.0956185297248798,FALSE,NA,NA,FALSE,NA
"3",3,-0.208860923381597,FALSE,NA,NA,FALSE,NA
"4",4,0.079051361931264,TRUE,1.05025121414895,4.246653932826,FALSE,NA
"5",5,-0.0110049198846055,FALSE,NA,NA,FALSE,NA
"6",3,-0.00157142219105328,FALSE,NA,NA,TRUE,4
"7",2,0.000604910777081518,FALSE,NA,NA,TRUE,3
