"","X","V","Imp","rand"
"1",1,1,0.0840615948456622,0.00561871668962003
"2",2,2,0.0158652229052617,0.189514570245294
"3",3,3,0.00299744079916399,0.100403658477799
"4",4,4,0.0704027256669524,8.90797447362292e-05
"5",5,5,0.0584911811225274,0.0360965898844142
"6",6,6,0.100399808623535,0.0407310058345765
"7",7,7,0.164618513826832,0.00603653633111597
"8",8,8,0.00137129237544584,0.275291339538214
"9",9,9,0.0638587883475484,0.0127904540142922
"10",10,10,0.000481518231485276,0.0834207785527089
