"","X","V","Imp","rand"
"1",1,1,0.0764803648891977,0.0284175012954628
"2",2,2,0.311784713253383,0.414550502874867
"3",3,3,1.50785543587196e-05,0.0340560016419871
"4",4,4,0.145346414718132,0.049964075564061
"5",5,5,0.0289799023957957,0.22299927510917
