"","X","V","Imp","rand"
"1",1,1,0.0139929299828353,0.125923447743352
"2",2,2,0.050182212956805,0.191223973921907
"3",3,3,0.05426386777243,0.289013875274062
"4",4,4,0.116388044897046,0.143830291929322
"5",5,5,0.0151706638191196,8.98163690834728e-07
