"","X","V","Imp","rand"
"1",1,1,0.0096752859128403,0.0708034874501865
"2",2,2,0.218733487702105,0.012800868333612
"3",3,3,0.0532695820088664,0.0252780619821794
"4",4,4,0.0232656572811793,0.637258145268008
"5",5,5,0.0630573518793179,0.00382049766932654
