"","V1","effect_size","nonlinear","location","scale","interactions","V2"
"1",1,-0.0983630312304389,FALSE,NA,NA,FALSE,NA
"2",2,-0.44966005274673,TRUE,1.6320056626964,0.347379578277469,FALSE,NA
"3",3,-0.0986025156654324,TRUE,0.982289142448313,2.51578231329534,FALSE,NA
"4",4,-0.152530840426385,FALSE,NA,NA,FALSE,NA
"5",5,0.0545059749026672,TRUE,-0.486741769363599,0.41079332632944,FALSE,NA
"6",3,0.0435471259133146,FALSE,NA,NA,TRUE,5
"7",2,0.0165393246659131,FALSE,NA,NA,TRUE,5
