"","X","V","Imp","rand"
"1",1,1,0.0371981867661128,0.193327884237808
"2",2,2,0.0601763259726205,0.133434205398637
"3",3,3,0.0213952031616781,0.00078329548743874
"4",4,4,0.0585441762551869,0.0196732920140143
"5",5,5,0.036041355255233,6.14934024086888e-05
"6",6,6,0.05895982916424,0.0898602812624659
"7",7,7,0.0358400617270844,0.106049763715564
"8",8,8,0.202801652730448,0.120662484574443
"9",9,9,0.00912486330985134,0.0655541284550609
"10",10,10,0.0424112960444291,0.0205694630819462
