"","V1","effect_size","nonlinear","location","scale","interactions","V2"
"1",1,-0.192868314572697,0,NA,NA,FALSE,NA
"2",2,0.245308634117555,0,NA,NA,FALSE,NA
"3",3,-0.146270992208565,0,NA,NA,FALSE,NA
"4",4,-0.241959038382919,0,NA,NA,FALSE,NA
"5",5,-0.18984560899645,0,NA,NA,FALSE,NA
"6",6,0.24281645159305,0,NA,NA,FALSE,NA
"7",7,-0.189314716086955,0,NA,NA,FALSE,NA
"8",8,0.450335044972571,0,NA,NA,FALSE,NA
"9",9,0.0955241504010967,0,NA,NA,FALSE,NA
"10",10,0.205940030213723,0,NA,NA,FALSE,NA
