"","X","V","Imp","rand"
"1",1,1,0.00156270592420913,0.049743147861877
"2",2,2,0.00839003970267771,0.00923298584579822
"3",3,3,5.52898539191061e-05,0.00574373639822639
"4",4,4,1.89288614842387e-05,0.0249806323533082
"5",5,5,0.000493166011565398,0.0453887233717006
"6",6,6,0.00823730744361762,0.0846407135282912
"7",7,7,0.021879940444669,0.0622567533878884
"8",8,8,0.00769044404170994,0.234505874015143
"9",9,9,0.00190039869936618,0.210682925498662
"10",10,10,0.0122714663930091,0.022819367449164
