"","X","V","Imp","rand"
"1",1,1,0.000983927577169138,0.157610055435527
"2",2,2,0.00470026722083239,0.0662376507992948
"3",3,3,0.00402641539239658,0.025017158347037
"4",4,4,0.0135971233410822,0.111039208642926
"5",5,5,0.0639043506541152,0.0252158913835486
"6",6,6,0.0321672672927617,0.179773665007964
"7",7,7,0.0092885774118556,0.0141730892819915
"8",8,8,0.0460128076579064,0.00183298438696015
"9",9,9,0.00259085818122217,0.0180432885884362
"10",10,10,0.0727261453738825,0.151052593421271
