"","X","V","Imp","rand"
"1",1,1,0.017202626598884,0.126714844460782
"2",2,2,0.00714393838155764,0.0381969625800743
"3",3,3,0.00147899542459019,0.000341387849156227
"4",4,4,0.00126756220353317,0.0153937958412132
"5",5,5,0.00586449842150434,0.126639186838692
"6",6,6,0.000265614658104876,0.0603142240563821
"7",7,7,0.00979052321674199,0.00281231738959338
"8",8,8,0.00392415875130227,0.0204804173245351
"9",9,9,0.0152358491516301,0.177101536971349
"10",10,10,0.00029785221067284,0.182002792874448
