"","X","V","Imp","rand"
"1",1,1,0.00137925679901332,0.331092118413056
"2",2,2,0.000105640449856948,0.0635191099684262
"3",3,3,0.0209785242447166,0.351728606659359
"4",4,4,0.00607977597152318,0.00365384080303195
"5",5,5,0.0339374308703213,2.04529497982112e-06
