"","X","V","Imp","rand"
"1",1,1,0.017202626598884,0.0515459395068501
"2",2,2,0.00714393838155764,0.21879242444249
"3",3,3,0.00147899542459019,0.00598757796623894
"4",4,4,0.00126756220353317,0.00969006533477925
"5",5,5,0.00586449842150434,0.0472730950218609
"6",6,6,0.000265614658104876,0.0990251834432494
"7",7,7,0.00979052321674199,0.0298249566715137
"8",8,8,0.00392415875130227,0.0144213173567045
"9",9,9,0.0152358491516301,0.266407964650405
"10",10,10,0.00029785221067284,0.00702741249589471
