"","V1","effect_size","nonlinear","location","scale","interactions","V2"
"1",1,0.0371383467458276,TRUE,-1.28754439135507,0.385201342403889,FALSE,NA
"2",2,-0.0102781540101785,FALSE,NA,NA,FALSE,NA
"3",3,-0.144839650112518,TRUE,1.14503748970188,0.231159109156579,FALSE,NA
"4",4,0.0779729181929417,FALSE,NA,NA,FALSE,NA
"5",5,0.184221146642619,TRUE,2.05002244066084,0.117541674990207,FALSE,NA
