"","V1","effect_size","nonlinear","location","scale","interactions","V2"
"1",1,-0.131158783918135,0,NA,NA,FALSE,NA
"2",2,0.0845218219252143,0,NA,NA,FALSE,NA
"3",3,0.0384577095598553,0,NA,NA,FALSE,NA
"4",4,-0.0356028398239968,0,NA,NA,FALSE,NA
"5",5,0.076580013198643,0,NA,NA,FALSE,NA
"6",6,0.0162976887350592,0,NA,NA,FALSE,NA
"7",7,0.0989470728053235,0,NA,NA,FALSE,NA
"8",8,-0.0626431061753987,0,NA,NA,FALSE,NA
"9",9,-0.123433581944421,0,NA,NA,FALSE,NA
"10",10,0.0172583953678446,0,NA,NA,FALSE,NA
