"","X","V","Imp","rand"
"1",1,1,0.0238005782016305,0.0675037190567419
"2",2,2,0.0268310925193318,0.265606981204315
"3",3,3,0.00301661619628814,0.00773712135625058
"4",4,4,0.00604305733196094,0.0465453793514168
"5",5,5,0.002785681377142,0.362591002133329
