"","V1","effect_size","nonlinear","location","scale","interactions","V2"
"1",1,0.154274360156283,TRUE,0.130888694658477,0.518133759498596,FALSE,NA
"2",2,-0.163801991805142,TRUE,2.2976935611277,0.45751763926819,FALSE,NA
"3",3,0.0549237307207744,FALSE,NA,NA,FALSE,NA
"4",4,0.0777371039591837,TRUE,0.680029104107572,1.5699237873805,FALSE,NA
"5",5,0.052779554537169,FALSE,NA,NA,FALSE,NA
