"","X","V","Imp","rand"
"1",1,1,0.137917656378086,0.335540910741488
"2",2,2,0.0193420891953185,0.0111892997687582
"3",3,3,0.000635566852464102,0.0605390827082655
"4",4,4,0.138151703822173,0.0625074221627333
"5",5,5,0.104489173755916,0.0177296243486527
"6",6,6,0.0340853199539328,0.0195619091713198
"7",7,7,0.00920215588092159,0.180737299351709
"8",8,8,0.0146288263827553,0.0498719964788753
"9",9,9,7.7145586744214e-05,0.0113288759126919
"10",10,10,0.197311686907012,0.0009760845482731
