"","X","V","Imp","rand"
"1",1,1,0.0345988846803781,0.235990360912969
"2",2,2,0.00621072138504707,0.0514122997794338
"3",3,3,0.0489905922759799,0.143041863636623
"4",4,4,0.011608686564984,0.000596113768612236
"5",5,5,0.00457948749220583,0.319069853315989
