"","X","V","Imp","rand"
"1",1,1,0.0345988846803781,0.0559570299018442
"2",2,2,0.00621072138504707,3.15266454764712e-07
"3",3,3,0.0489905922759799,0.103431004330423
"4",4,4,0.011608686564984,0.0928710914783078
"5",5,5,0.00457948749220583,0.497705668394323
