"","X","V","Imp","rand"
"1",1,1,0.0480101247490225,0.00933014229598181
"2",2,2,0.585425703833541,0.007194572112333
"3",3,3,0.641206775699056,0.277475427639831
"4",4,4,0.131309861075469,0.432532666087115
"5",5,5,0.0638892544700397,0.0234630572157218
