"","V1","effect_size","nonlinear","location","scale","interactions","V2"
"1",1,-0.025042929934008,TRUE,0.74555499048863,0.581871551461518,FALSE,NA
"2",2,-0.125483603676286,FALSE,NA,NA,FALSE,NA
"3",3,-0.267445707868161,TRUE,-1.50934708320097,1.51358893132749,FALSE,NA
"4",4,-0.362367025369954,FALSE,NA,NA,FALSE,NA
"5",5,0.128476760780683,TRUE,-0.798386971541138,1.85650406769457,FALSE,NA
"6",1,0.0473829764093429,FALSE,NA,NA,TRUE,5
"7",2,0.569679569041954,FALSE,NA,NA,TRUE,3
