"","X","V","Imp","rand"
"1",1,1,0.131989914371397,0.000439162489709417
"2",2,2,0.00716296582624357,0.000627180048854833
"3",3,3,0.495159682508929,0.170148831180655
"4",4,4,0.517891708269504,0.00377320706715996
"5",5,5,0.25708565341766,0.575010923877945
