"","X","V","Imp","rand"
"1",1,1,0.000167128721151373,0.129150245515478
"2",2,2,0.000810709527534184,0.250652977818076
"3",3,3,0.107014714158999,0.0158349252111286
"4",4,4,0.000858326630533498,0.000134403443897403
"5",5,5,0.0715465642271102,0.0034614596374057
"6",6,6,0.000361275207887711,0.0745386202155255
"7",7,7,0.000378266397835291,0.0089115310145694
"8",8,8,0.000765404153664166,0.00143809204356873
"9",9,9,0.0372855876127913,0.18101004299079
"10",10,10,0.180163552255334,0.0848482239942871
