"","X","V","Imp","rand"
"1",1,1,0.131989914371397,0.133682396346356
"2",2,2,0.00716296582624357,0.0805351334233153
"3",3,3,0.495159682508929,0.274578026826539
"4",4,4,0.517891708269504,0.255585458549928
"5",5,5,0.25708565341766,0.00561438162939785
