"","X","V","Imp","rand"
"1",1,1,0.0388933517706999,0.506621014589275
"2",2,2,0.127900655984137,0.0346244863581457
"3",3,3,0.0802910063257901,0.142690846005764
"4",4,4,0.174414091493433,3.46429338191231e-05
"5",5,5,0.140975864044666,0.0660278368579762
