"","V1","effect_size","nonlinear","location","scale","interactions","V2"
"1",1,0.197213974582685,TRUE,1.3239807819701,2.22934538572971,FALSE,NA
"2",2,0.3576320119678,FALSE,NA,NA,FALSE,NA
"3",3,-0.283356676868201,FALSE,NA,NA,FALSE,NA
"4",4,0.417629131519142,TRUE,-0.64300364733255,0.165531880639845,FALSE,NA
"5",5,-0.375467527283873,TRUE,0.726418817073322,1.61654378092828,FALSE,NA
