"","X","V","Imp","rand"
"1",1,1,0.0046947893782426,0.141501839115427
"2",2,2,0.09841822599734,0.149799867395546
"3",3,3,0.000329407102311727,0.0138570341860784
"4",4,4,0.000238456439486969,0.0055810084898586
"5",5,5,0.00733593261635847,0.116539416851733
"6",6,6,0.104543327842138,0.155061972889607
"7",7,7,0.00472342384365431,0.0573932115219209
"8",8,8,0.0171630806109699,0.0312006708908352
"9",9,9,0.0104920184113385,0.0746564795757399
"10",10,10,0.00426023717755114,0.00440753347443869
