"","X","V","Imp","rand"
"1",1,1,0.0212095871027732,0.0112223778797206
"2",2,2,0.0446881482716789,0.0050946464173609
"3",3,3,0.0357790345776615,0.00012460005285376
"4",4,4,0.0133027972860088,0.0457439565683183
"5",5,5,0.0531320509268048,0.139350010932523
"6",6,6,0.00168890221324977,0.00130154358346516
"7",7,7,0.0313917149662496,0.116838657488561
"8",8,8,0.0171901438121855,0.421259855834777
"9",9,9,0.0201236060792137,0.00899301226870781
"10",10,10,0.0114517800609945,5.92074827152944e-05
