"","V1","effect_size","nonlinear","location","scale","interactions","V2"
"1",1,0.145635116310501,0,NA,NA,FALSE,NA
"2",2,0.211395714884855,0,NA,NA,FALSE,NA
"3",3,0.189153468320466,0,NA,NA,FALSE,NA
"4",4,0.115337753082019,0,NA,NA,FALSE,NA
"5",5,0.230503906532633,0,NA,NA,FALSE,NA
"6",6,0.0410962554650636,0,NA,NA,FALSE,NA
"7",7,0.177177072349245,0,NA,NA,FALSE,NA
"8",8,-0.131111188737596,0,NA,NA,FALSE,NA
"9",9,0.141857696580812,0,NA,NA,FALSE,NA
"10",10,-0.107012990150703,0,NA,NA,FALSE,NA
