"","X","V","Imp","rand"
"1",1,1,0.00103367808038387,0.00795230637145303
"2",2,2,0.134395966595868,0.0566580516901276
"3",3,3,0.144947480739504,0.0674773997450024
"4",4,4,0.089569124274374,0.0232420928163183
"5",5,5,0.0318868764747802,0.0106787714238804
"6",6,6,0.0347293649267162,0.121532768803167
"7",7,7,0.000154278990036341,0.0077701674155495
"8",8,8,0.000149876358071292,0.0259038544717359
"9",9,9,8.20848928497623e-05,0.0302691162071052
"10",10,10,0.0345812625207179,0.398511230678489
