"","X","V","Imp","rand"
"1",1,1,0.339539959011721,0.289383056434047
"2",2,2,0.00176028129941267,0.196044187528657
"3",3,3,0.000263665114649521,0.251334059308057
"4",4,4,0.211564862498873,0.0124078988844042
"5",5,5,0.0650657482165767,0.000825912223831459
