"","X","V","Imp","rand"
"1",1,1,0.0789724260611212,0.476561610447353
"2",2,2,0.110342763266383,0.00819314079554695
"3",3,3,0.197342774809832,0.0190922545567485
"4",4,4,0.213737058727958,0.0981841360207756
"5",5,5,0.0567458041946886,0.148055477995286
