"","X","V","Imp","rand"
"1",1,1,0.106719941933406,0.0408215700310708
"2",2,2,0.128044927524403,0.355363087293493
"3",3,3,0.0209284722019057,0.209205317223894
"4",4,4,0.00260884027336744,0.00325008814346885
"5",5,5,0.00104065937346566,0.14132726723158
