"","V1","effect_size","nonlinear","location","scale","interactions","V2"
"1",1,-0.174541940646044,FALSE,NA,NA,FALSE,NA
"2",2,-0.332178812187627,TRUE,0.0052919208548153,0.64580950466916,FALSE,NA
"3",3,-0.385791702597655,FALSE,NA,NA,FALSE,NA
"4",4,-0.462317054333882,TRUE,0.0466101648559573,0.226352426689118,FALSE,NA
"5",5,-0.238213778347703,TRUE,-1.40676694075009,1.00270093786986,FALSE,NA
"6",1,-0.0485075370166341,FALSE,NA,NA,TRUE,3
