"","X","V","Imp","rand"
"1",1,1,0.0087606686735378,0.03632102079338
"2",2,2,0.138816195992591,0.374980977819392
"3",3,3,0.00903097751514493,0.288118547324263
"4",4,4,0.350285971300526,0.00958063637375852
"5",5,5,0.055689229075646,0.0409937247740764
