"","X","V","Imp","rand"
"1",1,1,0.0660186075689088,0.0537755979174002
"2",2,2,0.0764037450745492,0.00828052949154849
"3",3,3,0.00591383488635003,0.018403259361262
"4",4,4,0.00853278584998141,0.11431416862741
"5",5,5,0.0281562079021853,0.555221119518718
