"","V1","effect_size","nonlinear","location","scale","interactions","V2"
"1",1,-0.093598443755961,TRUE,0.0488224633728747,1.80662018588768,FALSE,NA
"2",2,0.372580455730827,TRUE,1.72104036074629,0.253063788171858,FALSE,NA
"3",3,0.095031455398436,FALSE,NA,NA,FALSE,NA
"4",4,0.591849618822658,TRUE,-0.787856161762115,1.02155304323406,FALSE,NA
"5",5,-0.235985654385274,FALSE,NA,NA,FALSE,NA
