"","X","V","Imp","rand"
"1",1,1,0.0031876781185351,0.234168647321833
"2",2,2,0.151518744607197,0.000103235147995797
"3",3,3,0.000907489380992933,0.180950468901217
"4",4,4,0.058735196274514,0.0513885236447467
"5",5,5,0.118274451689958,0.0405051077138786
"6",6,6,0.00278458473529141,0.0297179160968926
"7",7,7,0.0044750583840465,0.00183225104660497
"8",8,8,0.0380100264998377,0.00380912685252327
"9",9,9,0.174096419721994,0.115146509854497
"10",10,10,0.00952173781025089,0.0923746394777339
