"","X","V","Imp","rand"
"1",1,1,0.0831740399946847,0.0203747692346033
"2",2,2,0.00352059603015694,0.0977245964904017
"3",3,3,6.92341353197936e-05,0.0213525182262998
"4",4,4,0.00939830282480433,0.115051983116041
"5",5,5,0.00158676773999185,0.119220944690449
"6",6,6,0.00889720880249654,0.00589514922085873
"7",7,7,0.241675210852912,0.215386450061327
"8",8,8,0.0248667050419946,0.15197490113078
"9",9,9,0.223250936421193,0.000299330653181288
"10",10,10,0.0219999176565938,0.00269442029329656
