"","X","V","Imp","rand"
"1",1,1,0.363764428886587,0.0420132862393718
"2",2,2,0.313263954447811,0.106870095681005
"3",3,3,0.0260216363762906,0.533397325637369
"4",4,4,0.0445385854435206,0.044301112845839
"5",5,5,0.392966155457528,0.0234051744165439
