"","X","V","Imp","rand"
"1",1,1,0.0203530761379927,0.0438215701175889
"2",2,2,0.0100114442275456,0.00166869572664759
"3",3,3,0.02319025169752,0.0230329130273016
"4",4,4,0.032752288024462,0.0523211299234052
"5",5,5,0.109079349426643,0.122251664303981
"6",6,6,2.48131593804076e-05,0.0229178115639625
"7",7,7,0.0701419355207732,0.181629688102033
"8",8,8,0.0120433529834823,0.0120843625081741
"9",9,9,0.014278365681795,0.197933488656635
"10",10,10,0.100668609548808,0.0923001350457487
