"","X","V","Imp","rand"
"1",1,1,0.209392843050839,0.687089874334088
"2",2,2,0.192049776520537,0.0629061284396503
