"","X","V","Imp","rand"
"1",1,1,0.0110546803501131,0.000640938232776237
"2",2,2,0.143657528971536,0.658856688198494
"3",3,3,5.07006950145693e-05,0.0868378818851922
"4",4,4,0.0171421166119746,0.000774613092479898
"5",5,5,0.126811161700106,0.00288168364618665
