"","V1","effect_size","nonlinear","location","scale","interactions","V2"
"1",1,-0.0501380155768787,FALSE,NA,NA,FALSE,NA
"2",2,-0.165136723353878,TRUE,0.834932490578854,1.56543188533726,FALSE,NA
"3",3,-0.00712044205190726,FALSE,NA,NA,FALSE,NA
"4",4,0.130927906162035,FALSE,NA,NA,FALSE,NA
"5",5,0.0433925153050554,FALSE,NA,NA,FALSE,NA
"6",1,-0.00854085974412572,FALSE,NA,NA,TRUE,5
"7",2,0.116387391571481,FALSE,NA,NA,TRUE,5
