"","X","V","Imp","rand"
"1",1,1,0.012466335231021,0.145671500389703
"2",2,2,0.00363202978134475,0.0517647820009254
"3",3,3,0.0400296391700009,0.0312344404821719
"4",4,4,0.00165022886048745,0.0237340275975527
"5",5,5,0.345674115667971,0.076687297608958
"6",6,6,0.000113884398124299,0.168861026109373
"7",7,7,0.00185204128635443,0.00784171421903784
"8",8,8,0.295913327461085,0.0032079277068948
"9",9,9,0.030010247055171,0.188942796486657
"10",10,10,0.0206449259028544,0.0520461603182089
