"","X","V","Imp","rand"
"1",1,1,0.00142293512706538,0.000243208576824877
"2",2,2,0.037052203013932,0.102288993590184
"3",3,3,0.00248044389378174,0.0732703843972766
"4",4,4,0.0353357098780373,0.103028424907066
"5",5,5,0.0166817025118956,0.471130853187874
