"","V1","effect_size","nonlinear","location","scale","interactions","V2"
"1",1,-0.0377218123512827,TRUE,1.30855001541534,0.222920497413725,FALSE,NA
"2",2,0.19248948806086,TRUE,-0.960649416883504,4.65875564862914,FALSE,NA
"3",3,-0.0498040549933611,FALSE,NA,NA,FALSE,NA
"4",4,0.141365306175509,FALSE,NA,NA,FALSE,NA
"5",5,0.0364711176680076,TRUE,-0.243506448037461,0.165005658753216,FALSE,NA
"6",4,-0.0153515600879419,FALSE,NA,NA,TRUE,5
