"","X","V","Imp","rand"
"1",1,1,0.237077179660121,0.0140694006673829
"2",2,2,0.0062838632758763,0.209989738097326
"3",3,3,0.000125665774734444,0.0408876125632046
"4",4,4,0.404242975410125,0.108487270545253
"5",5,5,0.00470392465034637,0.376564855090744
