"","V1","effect_size","nonlinear","location","scale","interactions","V2"
"1",1,-0.100492965486918,FALSE,NA,NA,FALSE,NA
"2",2,0.0792708223489343,TRUE,1.02581786543724,0.312963969539851,FALSE,NA
"3",3,-0.0112100746979868,TRUE,1.12828741408423,1.05308826170386,FALSE,NA
"4",4,-0.421028065409373,FALSE,NA,NA,FALSE,NA
"5",5,0.0685851634855992,TRUE,1.05415384029751,0.895324400716036,FALSE,NA
"6",1,-0.226978343547766,FALSE,NA,NA,TRUE,4
