"","X","V","Imp","rand"
"1",1,1,0.0188012934168431,0.00671765437404849
"2",2,2,0.00227948070425792,0.0863655352259241
"3",3,3,0.0280773737575437,0.140639752164634
"4",4,4,0.0016788899403937,0.00295940317283958
"5",5,5,0.0150370858857218,0.05076315992645
"6",6,6,0.000984265258696482,0.0628996391447023
"7",7,7,0.0417029744562122,0.255311274578692
"8",8,8,0.029676691407279,0.00647899598290575
"9",9,9,0.0280040912805163,0.133237592028788
"10",10,10,3.06361770128117e-05,0.00455570172295506
