"","X","V","Imp","rand"
"1",1,1,0.00160535959569413,0.157071476127477
"2",2,2,0.00277692464040534,0.00895215545151407
"3",3,3,0.00308251115714461,0.0137913156403518
"4",4,4,0.00628146737166519,0.0531055240625955
"5",5,5,0.0224778467922453,0.088011784103515
"6",6,6,0.0208708157955801,0.171598750094674
"7",7,7,0.00824873306684482,0.0628931941035257
"8",8,8,0.0020531314909896,0.125850534211683
"9",9,9,0.0317877769440801,0.0650521667918873
"10",10,10,0.00245381559455211,0.00348861367312188
