"","X","V","Imp","rand"
"1",1,1,0.0482793828376485,0.735190221845194
"2",2,2,0.0843415656036582,0.0148066688079291
