"","X","V","Imp","rand"
"1",1,1,0.0542649039106891,0.00163078361439178
"2",2,2,0.494058304086868,0.00146851662698989
"3",3,3,0.205096199346043,0.215943881228519
"4",4,4,0.285021482912309,0.523047033462358
"5",5,5,0.0105890000661242,0.00797978969178918
