"","X","V","Imp","rand"
"1",1,1,0.0552578736003272,8.76406434500144e-06
"2",2,2,0.440210091240392,0.645147459964476
"3",3,3,0.0103336926743845,0.0125568793780225
"4",4,4,0.358578739253228,0.024254321802058
"5",5,5,0.875463800256651,0.0680996181381248
