"","X","V","Imp","rand"
"1",1,1,0.530104111053929,0.0378220477837772
"2",2,2,0.0323871613190223,0.712174213914008
