"","X","V","Imp","rand"
"1",1,1,0.106364439464535,0.213817634966714
"2",2,2,0.0803934678993679,0.227342239133172
"3",3,3,0.0129280874157628,0.0809118607830426
"4",4,4,0.100925307435109,0.0721855122896921
"5",5,5,0.0813537539576872,0.155741249522117
