"","V1","effect_size","nonlinear","location","scale","interactions","V2"
"1",1,0.11950993000293,TRUE,0.352650152726209,0.77286208416791,FALSE,NA
"2",2,-0.0755404319705267,FALSE,NA,NA,FALSE,NA
"3",3,-0.113701747637241,TRUE,0.00390562631996658,1.2319703939882,FALSE,NA
"4",4,-0.0940398391102379,FALSE,NA,NA,FALSE,NA
"5",5,-0.0816495126783563,TRUE,0.691304052434269,0.153001703321934,FALSE,NA
"6",1,-0.09208181609523,FALSE,NA,NA,TRUE,4
"7",2,0.0746871110370741,FALSE,NA,NA,TRUE,5
