"","X","V","Imp","rand"
"1",1,1,0.00884500467375092,0.0551518935405068
"2",2,2,0.0288422615580611,0.0223913357406245
"3",3,3,0.088820583914802,0.0798261865438813
"4",4,4,0.126229301009367,0.0141879658727144
"5",5,5,0.0183987240820127,0.025473123457821
"6",6,6,0.0615003436458402,0.0257542682350406
"7",7,7,0.0560790052420371,0.0261032800531309
"8",8,8,0.0356194697632319,0.486879375369374
"9",9,9,0.0367402342176581,0.000485508437880688
"10",10,10,0.101419865816559,0.013744040581755
