"","X","V","Imp","rand"
"1",1,1,0.0296770651755479,0.00138459812478486
"2",2,2,0.101852811705723,0.27222410450495
"3",3,3,0.0559399054797134,7.42483052064485e-06
"4",4,4,0.338377595244699,0.475746674540901
"5",5,5,0.0366492270676056,0.000598096454034998
