"","V1","effect_size","nonlinear","location","scale","interactions","V2"
"1",1,0.0940478850041346,0,NA,NA,FALSE,NA
"2",2,-0.169830096149243,0,NA,NA,FALSE,NA
"3",3,-0.298027824061449,0,NA,NA,FALSE,NA
"4",4,-0.355287631376843,0,NA,NA,FALSE,NA
"5",5,0.135641896484872,0,NA,NA,FALSE,NA
"6",6,0.247992628208663,0,NA,NA,FALSE,NA
"7",7,0.236810061530411,0,NA,NA,FALSE,NA
"8",8,0.188731210358096,0,NA,NA,FALSE,NA
"9",9,0.191677422295006,0,NA,NA,FALSE,NA
"10",10,-0.318464858055891,0,NA,NA,FALSE,NA
