"","X","V","Imp","rand"
"1",1,1,0.0377850297404029,0.0154935352386906
"2",2,2,0.443838696771764,0.314132946735696
"3",3,3,0.144335175173318,0.0801026487312229
"4",4,4,0.00385880163080765,0.0556965128093866
"5",5,5,0.0866346863501694,0.0270410197215983
"6",6,6,0.0266878783260208,0.0367190905252828
"7",7,7,0.0870781192427522,0.0182671393698638
"8",8,8,0.122610572184999,0.172322128524336
"9",9,9,0.331455453024493,2.37517965327175e-06
"10",10,10,0.0211153366643749,0.0302190528065378
