"","X","V","Imp","rand"
"1",1,1,0.0330227228041951,0.0204299942315016
"2",2,2,0.00465070109822433,0.112598362419805
"3",3,3,6.58707339240266e-05,0.124916905350951
"4",4,4,0.000844476161260399,0.19724630415802
"5",5,5,0.00424670098707484,0.034418001384915
"6",6,6,0.000476050994892724,0.0139379957805582
"7",7,7,0.000222334192993609,0.00885893367418776
"8",8,8,0.0124022380274634,0.0175355106848082
"9",9,9,0.00135170610180809,0.214036365447449
"10",10,10,0.00519704428848905,0.00601288254354905
