"","X","V","Imp","rand"
"1",1,1,0.0737110222378032,0.157377264812011
"2",2,2,0.00251396358531089,0.0132140338952176
"3",3,3,0.265342205548267,0.07811755250345
"4",4,4,0.00420259682022409,0.00997951024352648
"5",5,5,0.302598939119862,0.0279563084392166
"6",6,6,0.159546819632233,0.268429205974825
"7",7,7,0.00169446645124749,0.0408196952737859
"8",8,8,0.162967599168374,0.00666905669958707
"9",9,9,4.27826420230069e-05,0.146649088573344
"10",10,10,0.0277340451775652,0.000786748046050518
