"","X","V","Imp","rand"
"1",1,1,0.00140171569038091,0.064709508463134
"2",2,2,0.0839512308933166,0.605063705250481
"3",3,3,0.111217503660478,0.0758981819164194
"4",4,4,0.00813169279074581,0.00146143593107645
"5",5,5,0.0452940540163591,0.00286651725507634
