"","X","V","Imp","rand"
"1",1,1,0.010420585797607,0.0387619138595244
"2",2,2,0.00159359883402109,0.0605646914858461
"3",3,3,0.00179975197976358,0.107744851247776
"4",4,4,0.0115085530752176,0.0918042801698348
"5",5,5,0.0171271507595561,0.00142974019435386
"6",6,6,0.00619229720793542,0.118294628632489
"7",7,7,0.000704094451483319,0.0236055459997691
"8",8,8,0.00715079683254115,0.0397616174531772
"9",9,9,0.00795180684990221,0.211896129478956
"10",10,10,0.0297651110591562,0.0561197192387364
