"","X","V","Imp","rand"
"1",1,1,0.279005409705116,0.121463990689522
"2",2,2,0.0188659599791866,0.154772302768727
"3",3,3,0.0245813944652251,0.133471435434803
"4",4,4,0.226953872379181,0.124744745444032
"5",5,5,0.000259813381304409,0.0397600059091946
"6",6,6,0.00496144334335752,0.147169018576092
"7",7,7,0.290499248507598,0.00199198474214733
"8",8,8,0.350833011839797,0.0258803983314528
"9",9,9,0.0123433365160585,4.97411114302922e-05
"10",10,10,0.302001011091241,0.000692140414741064
