"","X","V","Imp","rand"
"1",1,1,0.279005409705116,0.033674378868114
"2",2,2,0.0188659599791866,0.0131457897193994
"3",3,3,0.0245813944652251,0.0220914917465766
"4",4,4,0.226953872379181,0.133810666341781
"5",5,5,0.000259813381304409,0.00320815342246336
"6",6,6,0.00496144334335752,0.00770128358634587
"7",7,7,0.290499248507598,0.0342141219259937
"8",8,8,0.350833011839797,0.431125218672787
"9",9,9,0.0123433365160585,0.061555917002311
"10",10,10,0.302001011091241,0.00944109651618517
