"","X","V","Imp","rand"
"1",1,1,2.26632590356331e-05,0.0942113050937969
"2",2,2,0.160863303862587,0.0823360386482593
"3",3,3,0.00156106978848368,0.118412951449695
"4",4,4,0.158571152326446,0.0837434007052789
"5",5,5,0.00475315572057918,0.0319998874542137
"6",6,6,1.0800965783297e-06,0.00425128668523567
"7",7,7,0.0248102944757637,0.185565957453385
"8",8,8,0.000129223855892963,0.0005925736743414
"9",9,9,0.00199704180435186,0.10380011197247
"10",10,10,0.00140374278641357,0.0452672596891062
