"","X","V","Imp","rand"
"1",1,1,0.168008489319213,0.490741228822276
"2",2,2,0.101323872582496,0.047866899968099
"3",3,3,0.00492851371593797,0.0213666967316391
"4",4,4,0.350113640884947,0.0405520532116582
"5",5,5,0.0919366331852802,0.149445125294554
