"","X","V","Imp","rand"
"1",1,1,0.0351357788059094,0.201521077662447
"2",2,2,0.000237580944047286,0.152872880807396
"3",3,3,0.0294776289578845,0.00897336336536378
"4",4,4,0.0398695630761241,0.00667154635599942
"5",5,5,0.00552307445986976,0.0213595916779161
"6",6,6,0.000890442218058931,3.47445717337756e-05
"7",7,7,0.0135874495804114,0.0769484047270422
"8",8,8,0.000628235596811143,0.0500827819754219
"9",9,9,0.00158823696695256,0.0167462492153776
"10",10,10,0.00452696384804991,0.214739542590227
