"","X","V","Imp","rand"
"1",1,1,0.0262869292203593,0.00232845187484202
"2",2,2,0.013521457270027,0.63364257998669
"3",3,3,0.000905491268130861,0.0729643885667312
"4",4,4,0.01530596418641,6.73657503435954e-05
"5",5,5,0.00646672896842941,0.0409114267735603
