"","X","V","Imp","rand"
"1",1,1,0.000922631063387138,0.000428120044086043
"2",2,2,0.257946077965414,0.00876934733166974
"3",3,3,0.106686429671063,0.00119073604733367
"4",4,4,0.0693859651393128,0.0330340426583569
"5",5,5,0.000521463004354735,0.332847470740928
"6",6,6,0.0282732240916427,0.00010700474692582
"7",7,7,0.0640990169003025,0.0757129861180122
"8",8,8,0.00975943927027738,1.60023258663775e-05
"9",9,9,0.0162898131693945,0.10656737706175
"10",10,10,0.00861460411832812,0.191322019258193
