"","X","V","Imp","rand"
"1",1,1,3.57179055642337e-05,0.00356026549753146
"2",2,2,0.236350184940205,3.53846959510815e-05
"3",3,3,0.000121752999357757,0.273224798588375
"4",4,4,0.224696345518918,0.461556548796596
"5",5,5,0.000184303283887531,0.0115563884728974
