"","X","V","Imp","rand"
"1",1,1,0.0153679015463961,0.398841721842444
"2",2,2,0.223369346449748,0.033977575936131
"3",3,3,0.105988481657914,0.026349638717778
"4",4,4,0.332265322048304,0.28981353034646
"5",5,5,0.264997189614567,0.00106861762142234
