"","X","V","Imp","rand"
"1",1,1,0.133401875171962,0.350576664908404
"2",2,2,0.211513417745892,0.047949267000533
"3",3,3,7.60525385242755e-05,0.201877867344566
"4",4,4,0.0978061921614174,0.140254216337788
"5",5,5,0.0180173087012618,0.00934125901726368
