"","X","V","Imp","rand"
"1",1,1,0.00210467192998174,0.0820074144608967
"2",2,2,0.00617066374907352,0.257390450008817
"3",3,3,0.0226784392887718,0.0232776924758
"4",4,4,0.00183348439123603,0.0386805035750946
"5",5,5,0.000221452271199836,0.00906247594620411
"6",6,6,0.00363228150188131,0.153871822847458
"7",7,7,0.0672009386215973,0.0941649108342135
"8",8,8,0.0303558825799984,0.0104626446159596
"9",9,9,0.0474017572686648,0.0758351200814285
"10",10,10,0.0667881599082056,0.00524564137426972
