"","X","V","Imp","rand"
"1",1,1,0.28721308677013,0.0697406148985805
"2",2,2,3.25598073237193e-09,0.0558112628392726
"3",3,3,0.051806843720859,0.00296146443858003
"4",4,4,0.00645691239232233,0.620891643429252
"5",5,5,0.217005218558845,0.000553231293555263
