"","X","V","Imp","rand"
"1",1,1,0.011017927079006,0.180198396588634
"2",2,2,0.00439444769035296,0.0100704374148083
"3",3,3,0.00812852195348242,0.041693677536413
"4",4,4,0.00965008482747907,0.0605018865163423
"5",5,5,0.00943515797599242,0.0314915109197968
"6",6,6,0.00121217945279629,1.22374688292859e-05
"7",7,7,0.0211462939689402,1.45056211639254e-05
"8",8,8,0.00334596960589098,0.0844916847020447
"9",9,9,0.000757996570019153,0.000774892095268845
"10",10,10,0.0109976679297833,0.340792702333884
