"","X","V","Imp","rand"
"1",1,1,0.00937344225659765,0.228952496050655
"2",2,2,0.0239517484275899,0.0341949518862122
"3",3,3,0.364653403638982,0.174316498598539
"4",4,4,0.308834871863563,0.311712532199055
"5",5,5,0.00741693976054749,0.000803464428323811
