"","X","V","Imp","rand"
"1",1,1,0.097595532744851,0.0011014708468455
"2",2,2,0.0149136550318631,0.258423654181745
"3",3,3,0.329682640756201,0.290684882950505
"4",4,4,0.320678961110137,0.0825525034470732
"5",5,5,0.0228936447210132,0.117043701994028
