"","X","V","Imp","rand"
"1",1,1,0.097595532744851,0.33437722395164
"2",2,2,0.0149136550318631,0.188640495344757
"3",3,3,0.329682640756201,0.127607963656248
"4",4,4,0.320678961110137,0.00128313181075018
"5",5,5,0.0228936447210132,0.0980883374092171
