"","X","V","Imp","rand"
"1",1,1,0.00784089757547585,0.387317053974985
"2",2,2,0.000682113513946594,0.0029712285551901
"3",3,3,0.0254349634227514,0.15202623022284
"4",4,4,0.00805171342025105,0.0583572252247004
"5",5,5,0.108269571446523,0.0102553890235568
"6",6,6,0.0062809121764466,0.0010715936951395
"7",7,7,0.163624422125327,0.0406455763802646
"8",8,8,0.0257290405707506,0.069852093364102
"9",9,9,0.163493713478541,0.0129654098910598
"10",10,10,0.0530813435676145,0.0145203083792546
