"","X","V","Imp","rand"
"1",1,1,0.0826745163206673,0.0553082176168587
"2",2,2,0.228658072570976,0.247357038713606
"3",3,3,0.212097214145698,0.00164119850935867
"4",4,4,0.0367030304262753,0.18966336547304
"5",5,5,0.00236696060246586,0.255945124619144
