"","X","V","Imp","rand"
"1",1,1,0.00784089757547585,0.075934926040588
"2",2,2,0.000682113513946594,0.157766247266216
"3",3,3,0.0254349634227514,1.87979323247938e-05
"4",4,4,0.00805171342025105,0.000351448323358905
"5",5,5,0.108269571446523,0.205012496108265
"6",6,6,0.0062809121764466,0.0165449518967999
"7",7,7,0.163624422125327,0.241727296536687
"8",8,8,0.0257290405707506,3.91053415877937e-05
"9",9,9,0.163493713478541,0.0133640947149507
"10",10,10,0.0530813435676145,0.0392244751565603
