"","V1","effect_size","nonlinear","location","scale","interactions","V2"
"1",1,0.287531765759311,TRUE,2.76555425135667,0.598161221947521,FALSE,NA
"2",2,-0.478182049611836,FALSE,NA,NA,FALSE,NA
"3",3,0.460540133045642,TRUE,0.156921255425732,0.640523642301559,FALSE,NA
"4",4,-0.191580349791609,FALSE,NA,NA,FALSE,NA
"5",5,0.0486514193263245,TRUE,0.627081152379087,0.490316717419773,FALSE,NA
