"","X","V","Imp","rand"
"1",1,1,0.10397937309369,0.474496998964962
"2",2,2,0.000715653711536288,0.153586939300313
"3",3,3,0.22363614360318,0.106053658696113
"4",4,4,0.192014656227826,0.0158134309437735
"5",5,5,0.0421847192453774,4.57748630370089e-05
