"","X","V","Imp","rand"
"1",1,1,0.00626312448038335,0.0199287053221757
"2",2,2,0.00300325233038992,0.00838734241145422
"3",3,3,0.0016011681488644,0.00640515989752706
"4",4,4,0.000143081284170513,0.126579058446924
"5",5,5,0.0200871420722005,0.00150328630275591
"6",6,6,0.00249269907845943,0.106161532118494
"7",7,7,7.18508814415439e-07,0.238435209897739
"8",8,8,0.00328342864449001,0.0873913326999851
"9",9,9,0.00698245978541923,0.0141011401601166
"10",10,10,0.0186367142822928,0.141101531053811
