"","X","V","Imp","rand"
"1",1,1,0.0681492600531864,0.0198913002720203
"2",2,2,0.0132097653003154,4.53165839837842e-06
"3",3,3,0.052485082470012,0.301233072603061
"4",4,4,0.00135070322461606,0.125371147492414
"5",5,5,0.00108607126880773,0.000571103107748711
"6",6,6,0.0566246679037485,0.00200450788528215
"7",7,7,0.00355223629838873,0.0871847808017688
"8",8,8,0.0118475902800292,0.0152783304822544
"9",9,9,0.00295249788983831,0.135910596916472
"10",10,10,0.0499095620407219,0.0625275490522866
