"","X","V","Imp","rand"
"1",1,1,0.0346946242282775,0.354404442081595
"2",2,2,0.00257062854187727,0.0553079075424491
"3",3,3,0.0167971332788831,0.0680950019389905
"4",4,4,0.00826817909981349,0.0205515805106133
"5",5,5,0.000185515636432935,0.251613680994804
