"","V1","effect_size","nonlinear","location","scale","interactions","V2"
"1",1,-0.186264930215748,FALSE,NA,NA,FALSE,NA
"2",2,-0.0507013662722936,TRUE,-0.357118163074438,0.22517635114491,FALSE,NA
"3",3,0.129603754879568,TRUE,-0.664057600624791,0.0420622233381798,FALSE,NA
"4",4,0.0909295282062625,FALSE,NA,NA,FALSE,NA
"5",5,0.0136204124912917,TRUE,0.15744057868284,0.574762036558241,FALSE,NA
