"","X","V","Imp","rand"
"1",1,1,0.000144467521083537,0.000287774965795382
"2",2,2,0.000603690300700148,0.0697868304463636
"3",3,3,0.00112688166920802,0.00083345338885474
"4",4,4,0.00629701349799143,0.00608274490535446
"5",5,5,0.0156504390698385,0.0977504154594882
"6",6,6,0.0152979409437229,0.134661891631312
"7",7,7,0.0370332699898324,0.265865909244883
"8",8,8,0.000166908179498799,0.0214112541726038
"9",9,9,0.000295762700034894,0.121793312325465
"10",10,10,0.0578476414812775,0.0315248519337977
