"","X","V","Imp","rand"
"1",1,1,0.0197752400989185,0.290102099269591
"2",2,2,0.000496610620908339,0.0751171176429187
"3",3,3,0.000153274912872505,0.010896860964167
"4",4,4,0.0209496288511193,0.0213028404649177
"5",5,5,0.00969782633435221,0.00903705925539844
"6",6,6,0.00122042826756233,0.0431901302878819
"7",7,7,0.00485508535743245,0.0240174364982225
"8",8,8,0.00371396623584616,0.142976815845218
"9",9,9,0.0279269343043263,0.108337002719478
"10",10,10,0.0167243175883901,0.0250186332676179
