"","X","V","Imp","rand"
"1",1,1,0.0166743456216617,0.0871857572179198
"2",2,2,0.000369068063903254,0.0748583872882626
"3",3,3,0.00162731628926197,0.0127096754970407
"4",4,4,0.00407847581663916,0.0059529032533888
"5",5,5,0.0403763456306743,0.0313097901812865
"6",6,6,0.0226189155151245,0.0168321960227015
"7",7,7,0.375184453101817,0.00295601156604147
"8",8,8,0.0018868494682599,0.00120617866413402
"9",9,9,0.0215047352839744,0.35535453098095
"10",10,10,0.375180626289909,0.161580167149043
