"","X","V","Imp","rand"
"1",1,1,5.96260647570064e-06,0.158237766334087
"2",2,2,0.20807885080024,0.0670702890083663
"3",3,3,0.0115659629072175,0.180423256504019
"4",4,4,0.162114676009971,0.00596108688760879
"5",5,5,0.0363894038845593,0.338391370089064
