"","X","V","Imp","rand"
"1",1,1,0.123576854942404,0.678381745261346
"2",2,2,0.105393317637009,0.0716175982742221
