"","X","V","Imp","rand"
"1",1,1,0.0424726598553463,0.0968732572310396
"2",2,2,0.347851136133904,0.0103655066451822
"3",3,3,0.1087023226561,0.545982275461596
"4",4,4,0.0051862443382358,0.0622815165141547
"5",5,5,0.223998447256134,0.034434796886061
