"","X","V","Imp","rand"
"1",1,1,0.0110186182141182,0.0689678341317989
"2",2,2,6.87172395453433e-05,0.119788805747708
"3",3,3,0.00106168582206038,0.00378943521536215
"4",4,4,0.0136560749499075,0.00829203263870496
"5",5,5,0.00219381131075327,0.00830230034348
"6",6,6,0.000251223946586977,0.0427877817238582
"7",7,7,0.0214552808604732,0.104773916379101
"8",8,8,0.00211842140151342,0.0843163566504344
"9",9,9,0.000733842795842741,0.144981062799756
"10",10,10,0.00994000013646026,0.163999540912723
