"","V1","effect_size","nonlinear","location","scale","interactions","V2"
"1",1,-0.206088961022531,FALSE,NA,NA,FALSE,NA
"2",2,0.51111310906183,FALSE,NA,NA,FALSE,NA
"3",3,-0.148619637925298,TRUE,1.69481141486226,1.77155826977434,FALSE,NA
"4",4,-0.0720155839956589,TRUE,-1.03231806135785,0.665969140361995,FALSE,NA
"5",5,0.473284742260021,TRUE,1.04813329391896,0.1217336465599,FALSE,NA
"6",2,0.0866145258790534,FALSE,NA,NA,TRUE,3
