"","X","V","Imp","rand"
"1",1,1,0.0230317763926598,0.233991651853083
"2",2,2,0.102184978420304,0.0526978613421781
"3",3,3,0.0248317271049496,0.0354926730905564
"4",4,4,0.196459237744033,0.00753551652678153
"5",5,5,0.0481826544354389,0.00333760356428023
"6",6,6,0.029997679479276,0.0413345433500563
"7",7,7,0.296680334893837,0.0894636877262182
"8",8,8,0.166586896336811,0.00251572853815881
"9",9,9,0.000441917976013776,0.253553188396839
"10",10,10,0.0372615072707055,0.0299471836628883
