"","X","V","Imp","rand"
"1",1,1,5.61297906986991e-05,0.00122064587513082
"2",2,2,0.00789919697154207,0.0434401751111707
"3",3,3,0.179005917557093,0.218931196461798
"4",4,4,0.00353677822180647,0.0140256863977475
"5",5,5,0.131701983130555,0.00462089708314291
"6",6,6,0.128649455665356,0.103309620241313
"7",7,7,0.00403300852376644,0.14825879025575
"8",8,8,0.0245996154252903,0.140839936795831
"9",9,9,0.00212806425427573,0.071230109416913
"10",10,10,0.00822611679398879,0.00411175463407749
