"","X","V","Imp","rand"
"1",1,1,0.0102002728069707,0.186046562475585
"2",2,2,0.101650869940196,0.0556922485934704
"3",3,3,0.0030454159833856,0.0157033037485113
"4",4,4,3.62871353097189e-05,0.180959200810566
"5",5,5,0.021823500006737,0.0308027875889478
"6",6,6,0.262644710918697,0.036406111601035
"7",7,7,0.0616386364969064,0.0206315553754948
"8",8,8,0.00420013314748902,0.206806569804144
"9",9,9,0.0504043725360358,0.0115643021004296
"10",10,10,0.0468491534782082,0.00533666886780195
