"","X","V","Imp","rand"
"1",1,1,0.0470724636229871,0.00116494994248993
"2",2,2,0.0154269153534057,0.748790849848766
