"","X","V","Imp","rand"
"1",1,1,0.160277243777612,0.00360262325030846
"2",2,2,0.00236953056546705,0.0035098998731056
"3",3,3,0.00368909040361852,0.0421632043160228
"4",4,4,0.144880880926201,0.638102703707878
"5",5,5,0.00726389448720474,0.0626773935276115
