"","V1","effect_size","nonlinear","location","scale","interactions","V2"
"1",1,0.151141540363912,TRUE,0.280521055777843,0.244971850886941,FALSE,NA
"2",2,-0.0486778241652916,FALSE,NA,NA,FALSE,NA
"3",3,0.0607378827719449,TRUE,0.285280659720216,0.138380088843405,FALSE,NA
"4",4,-0.0862983335422221,FALSE,NA,NA,FALSE,NA
"5",5,0.0852284840132965,TRUE,-0.482982211581277,0.296675055362853,FALSE,NA
"6",1,-0.137433478554036,FALSE,NA,NA,TRUE,4
