"","X","V","Imp","rand"
"1",1,1,0.00198989887135173,0.00256950236928409
"2",2,2,0.00329513740900137,0.0532788763156741
"3",3,3,0.0723956641184883,0.0476838395915933
"4",4,4,0.0298778076020041,0.0992365947233559
"5",5,5,0.0288324253451002,0.00391482144928291
"6",6,6,0.198495246777602,0.481918129432025
"7",7,7,0.0464936414479823,0.0568910296197973
"8",8,8,1.45534062772628e-05,0.00182643819842313
"9",9,9,0.00304176918685794,0.00266914058168516
"10",10,10,0.178056073797719,1.69747526658732e-06
