"","V1","effect_size","nonlinear","location","scale","interactions","V2"
"1",1,-0.0446082825420541,0,NA,NA,FALSE,NA
"2",2,0.0574032874407152,0,NA,NA,FALSE,NA
"3",3,0.269064423732474,0,NA,NA,FALSE,NA
"4",4,-0.172851981770543,0,NA,NA,FALSE,NA
"5",5,0.169801134699095,0,NA,NA,FALSE,NA
"6",6,-0.445528053861485,0,NA,NA,FALSE,NA
"7",7,-0.215623842484968,0,NA,NA,FALSE,NA
"8",8,-0.00381489269537989,0,NA,NA,FALSE,NA
"9",9,-0.0551522364628846,0,NA,NA,FALSE,NA
"10",10,-0.421966910785335,0,NA,NA,FALSE,NA
