"","X","V","Imp","rand"
"1",1,1,0.00332006517799554,0.0107554429145603
"2",2,2,0.0555458122026947,0.211367277662987
"3",3,3,0.238326864246342,0.341989246965328
"4",4,4,0.0107261393099459,0.180673555197591
"5",5,5,0.31878925380797,0.00526391773710033
