"","V1","effect_size","nonlinear","location","scale","interactions","V2"
"1",1,0.057620006751089,FALSE,NA,NA,FALSE,NA
"2",2,0.235681590716574,TRUE,-1.72960672378879,0.156642363359031,FALSE,NA
"3",3,0.453529374303198,TRUE,0.334833930087927,1.56499930276516,FALSE,NA
"4",4,0.103567076380218,TRUE,-0.292387621910193,0.709012156310392,FALSE,NA
"5",5,-0.53493110109385,FALSE,NA,NA,FALSE,NA
"6",3,-0.0326379708904914,FALSE,NA,NA,TRUE,5
