"","X","V","Imp","rand"
"1",1,1,0.229341321366499,0.0869902997372899
"2",2,2,0.23402366598628,0.0138378700266476
"3",3,3,0.0876903409434745,0.589305608534222
"4",4,4,0.0110601258727979,0.0102602471472533
"5",5,5,0.000349004720534505,0.0496010998938857
