"","X","V","Imp","rand"
"1",1,1,0.229341321366499,0.0627765247041185
"2",2,2,0.23402366598628,0.114462535228113
"3",3,3,0.0876903409434745,0.189930721530312
"4",4,4,0.0110601258727979,0.000425868339834192
"5",5,5,0.000349004720534505,0.382353060102589
