"","V1","effect_size","nonlinear","location","scale","interactions","V2"
"1",1,-0.478895940018809,FALSE,NA,NA,FALSE,NA
"2",2,0.483759925982176,FALSE,NA,NA,FALSE,NA
"3",3,-0.296125549291976,TRUE,-0.0223008360776994,0.276958687230945,FALSE,NA
"4",4,-0.105167133044492,TRUE,-0.186382652637684,1.73981519780102,FALSE,NA
"5",5,-0.0186816680340516,TRUE,1.43074115600087,2.36758219996903,FALSE,NA
