"","X","V","Imp","rand"
"1",1,1,0.323718716055176,0.0574905827173325
"2",2,2,0.000848565969876484,0.658125991909444
"3",3,3,0.320935737648144,0.00235977397019599
"4",4,4,0.0442584326859466,0.0130990081160341
"5",5,5,0.0961999738309054,0.0189159482307942
