"","X","V","Imp","rand"
"1",1,1,0.0519692172637592,0.147927465080026
"2",2,2,0.0213630307518329,0.0606587584825494
"3",3,3,0.0128816428853939,0.379713195845902
"4",4,4,0.00391343010717104,0.160518982948006
"5",5,5,0.0110099733902808,0.00110918069989948
