"","X","V","Imp","rand"
"1",1,1,0.145619558500068,0.00131336070095601
"2",2,2,0.000260406353924998,0.011989105165015
"3",3,3,0.132031758886087,0.10988407310232
"4",4,4,0.00118314908276371,0.216205042198954
"5",5,5,0.187751267982124,0.023709117168186
"6",6,6,6.02922676345186e-07,0.07127765597807
"7",7,7,0.0451256977805854,0.04112156946871
"8",8,8,0.00256923374686905,0.051400993447566
"9",9,9,0.0111960045076617,0.220836341146061
"10",10,10,0.0367536815105842,0.00224891145740719
