"","X","V","Imp","rand"
"1",1,1,0.145619558500068,0.00158444107478992
"2",2,2,0.000260406353924998,0.0340727549889216
"3",3,3,0.132031758886087,0.000257060804103693
"4",4,4,0.00118314908276371,0.351795902873953
"5",5,5,0.187751267982124,0.00886162161480443
"6",6,6,6.02922676345186e-07,0.00362427634237356
"7",7,7,0.0451256977805854,0.0771446038528208
"8",8,8,0.00256923374686905,0.0400532611055861
"9",9,9,0.0111960045076617,0.0135649968484892
"10",10,10,0.0367536815105842,0.219033652816281
