"","X","V","Imp","rand"
"1",1,1,0.00485557707259772,0.232412986797244
"2",2,2,0.029448439659762,0.0718660980270738
"3",3,3,0.0446965483956931,0.00599113705807941
"4",4,4,0.0490776204726755,0.046432691095314
"5",5,5,0.0269196874349811,0.00212253294735651
"6",6,6,0.036905930374871,0.00957359672120175
"7",7,7,0.000822959979954304,0.000364587036326426
"8",8,8,0.00204199400106235,0.147737481334405
"9",9,9,0.0691744638391164,2.74873961216928e-06
"10",10,10,0.0725907453940303,0.233486297779691
