"","X","V","Imp","rand"
"1",1,1,0.248649739759927,0.0316095896381063
"2",2,2,0.00122497389463249,0.00155097810706509
"3",3,3,0.256498268622727,0.0424217948561648
"4",4,4,0.172033365109078,0.292321694188944
"5",5,5,0.00464752582179848,0.0624238920570102
"6",6,6,0.00797287852451672,0.0426670220038254
"7",7,7,0.00963240553759925,0.00199434913847483
"8",8,8,0.0159303055199683,0.269566022330666
"9",9,9,0.160372491785279,0.00521772303934532
"10",10,10,7.92998744985233e-07,2.83860504372071e-05
