"","X","V","Imp","rand"
"1",1,1,0.00776653739024556,0.141074760766381
"2",2,2,0.00432192336312754,0.0520234539586255
"3",3,3,0.00320125503361129,0.0470030960928494
"4",4,4,0.0526884938032302,0.0106315702240925
"5",5,5,0.166112730222616,0.00146962132604975
"6",6,6,0.00142743633946789,0.0160637225199073
"7",7,7,0.13248710002001,0.000680084451550906
"8",8,8,0.125979145913413,0.00983399403056523
"9",9,9,0.036391461989362,0.279098465025965
"10",10,10,0.032116079602784,0.192086917804344
