"","X","V","Imp","rand"
"1",1,1,0.00776653739024556,0.104664790830392
"2",2,2,0.00432192336312754,0.0247041896367916
"3",3,3,0.00320125503361129,0.184979167868839
"4",4,4,0.0526884938032302,0.00900337694737844
"5",5,5,0.166112730222616,0.033780436349274
"6",6,6,0.00142743633946789,0.196294180014841
"7",7,7,0.13248710002001,0.01806865113297
"8",8,8,0.125979145913413,0.0334154867772119
"9",9,9,0.036391461989362,0.095055032824731
"10",10,10,0.032116079602784,0.049800455941549
