"","V1","effect_size","nonlinear","location","scale","interactions","V2"
"1",1,0.0881279603204656,0,NA,NA,FALSE,NA
"2",2,-0.0657413367914552,0,NA,NA,FALSE,NA
"3",3,-0.056579634442185,0,NA,NA,FALSE,NA
"4",4,0.229539743406736,0,NA,NA,FALSE,NA
"5",5,-0.407569294994871,0,NA,NA,FALSE,NA
"6",6,0.037781428499567,0,NA,NA,FALSE,NA
"7",7,0.363987774547456,0,NA,NA,FALSE,NA
"8",8,0.354935410903749,0,NA,NA,FALSE,NA
"9",9,0.190765463303403,0,NA,NA,FALSE,NA
"10",10,-0.179209596849008,0,NA,NA,FALSE,NA
