"","X","V","Imp","rand"
"1",1,1,0.0637153327571601,0.000184624474200418
"2",2,2,0.00383747407597913,0.0270380298825773
"3",3,3,0.0382313328179268,0.185275599863874
"4",4,4,0.017548803939251,0.0494873827751331
"5",5,5,0.0559817811077647,0.150972731953956
"6",6,6,0.000215618525328517,0.151435619560573
"7",7,7,0.00174675125479365,0.0862429265820697
"8",8,8,0.0218224913206301,0.0157622914394195
"9",9,9,0.0405224312617562,0.00642531120173944
"10",10,10,0.00631508364455459,0.077171300732107
