"","V1","effect_size","nonlinear","location","scale","interactions","V2"
"1",1,-0.0356737513520248,0,NA,NA,FALSE,NA
"2",2,0.0293781031822802,0,NA,NA,FALSE,NA
"3",3,-0.0525380972016817,0,NA,NA,FALSE,NA
"4",4,0.0228102836263055,0,NA,NA,FALSE,NA
"5",5,-0.1868991454775,0,NA,NA,FALSE,NA
"6",6,-0.290444230937837,0,NA,NA,FALSE,NA
"7",7,0.00107446674346801,0,NA,NA,FALSE,NA
"8",8,0.231745295162121,0,NA,NA,FALSE,NA
"9",9,-0.242861202174265,0,NA,NA,FALSE,NA
"10",10,-0.112210453168269,0,NA,NA,FALSE,NA
