"","X","V","Imp","rand"
"1",1,1,0.271008510544554,0.00651345628740119
"2",2,2,0.432538778503886,0.743472926464059
