"","X","V","Imp","rand"
"1",1,1,0.157035686910415,0.000712114430748502
"2",2,2,0.188847635591163,0.0300309758943133
"3",3,3,0.130742878284983,0.0445878277844395
"4",4,4,0.02433340647841,0.0114053578650427
"5",5,5,0.000322711921881067,0.0195950265458848
"6",6,6,0.148515863295735,0.0674672026916976
"7",7,7,0.0520940712163186,0.00145974148591184
"8",8,8,0.00660627315232338,0.0664039408599711
"9",9,9,0.0135660619164007,0.113029221228217
"10",10,10,0.0587225245298713,0.395306665476179
