"","X","V","Imp","rand"
"1",1,1,0.00113212703814987,0.0425153328057758
"2",2,2,0.0658584761010529,0.000241646655137116
"3",3,3,0.00380378157833562,0.0938255891613754
"4",4,4,0.00105964231644215,0.00336961199869803
"5",5,5,0.00624827369263969,0.0445503431747778
"6",6,6,0.0118785524314752,0.000199619131681686
"7",7,7,0.00400920782057564,0.0955757440360362
"8",8,8,1.88767940457131e-05,0.105584522524303
"9",9,9,0.000174880231003862,0.00103498758140422
"10",10,10,0.0395604447511279,0.36303671629789
