"","X","V","Imp","rand"
"1",1,1,0.188109019937282,0.160234036311716
"2",2,2,0.056487626818791,0.00200447259308911
"3",3,3,0.00777588660602996,0.0582312229386118
"4",4,4,0.0786596608636073,0.116592525092636
"5",5,5,0.379852976871982,0.00522240312279382
"6",6,6,0.023287903901678,0.175625868939136
"7",7,7,0.0360993067698927,0.0363412493759526
"8",8,8,0.0540722957915355,0.0429272977811792
"9",9,9,8.64549750719071e-05,0.143115415600504
"10",10,10,0.367518560769203,0.00970015392594446
