"","X","V","Imp","rand"
"1",1,1,0.168777613212013,0.00154766475277735
"2",2,2,0.0681099078179244,0.0285051392757476
"3",3,3,0.0108393993909623,0.0500416610544563
"4",4,4,0.00600861139107792,0.0899043204171509
"5",5,5,0.0838635156894475,0.107591691807822
"6",6,6,0.0541844123102466,0.19387919973027
"7",7,7,0.0113783189392393,0.165959933167299
"8",8,8,0.0366964530630934,0.0522910456182094
"9",9,9,0.0546490356558697,0.0348289033724606
"10",10,10,6.60847974949594e-06,0.025435729067863
