"","X","V","Imp","rand"
"1",1,1,0.156604774656581,0.275799822683879
"2",2,2,0.00966332746225275,0.146815740646218
"3",3,3,0.00149106559294691,0.0157792679366906
"4",4,4,0.043466028777781,0.00640665330768659
"5",5,5,0.0387671217482333,0.305153452669479
