"","X","V","Imp","rand"
"1",1,1,0.00371074161294694,0.158226006402118
"2",2,2,0.112610708122632,0.138335057706145
"3",3,3,0.046962851351753,0.107617811761525
"4",4,4,0.0103293988011052,0.135174166832814
"5",5,5,0.14730090534184,0.210616916220011
