"","V1","effect_size","nonlinear","location","scale","interactions","V2"
"1",1,-0.0609158568268307,FALSE,NA,NA,FALSE,NA
"2",2,0.0585521583713327,TRUE,1.6116533918006,1.44565075441244,FALSE,NA
"3",3,0.143609228040343,TRUE,-0.165805252230964,0.0470073609612882,FALSE,NA
"4",4,-0.101633649944815,TRUE,0.791108117109554,0.234495098236948,FALSE,NA
"5",5,-0.108532536576548,FALSE,NA,NA,FALSE,NA
"6",2,0.10918235287269,FALSE,NA,NA,TRUE,5
"7",3,0.0263392409734098,FALSE,NA,NA,TRUE,5
