"","X","V","Imp","rand"
"1",1,1,0.00665757890243563,0.00830146144387109
"2",2,2,0.00682575879399622,0.00439612196318334
"3",3,3,0.0761558543679713,0.089270207842356
"4",4,4,0.00286565277873594,0.0530696365019208
"5",5,5,0.0938836155651846,0.00619917929148431
"6",6,6,0.0025390937496045,0.0176823392918736
"7",7,7,0.10542364066774,0.247761033846178
"8",8,8,0.00600038762208855,0.12992895370621
"9",9,9,0.104385743324854,0.185374074235407
"10",10,10,1.86310579012451e-05,0.0080153372621905
