"","X","V","Imp","rand"
"1",1,1,0.113559891672303,0.24416932996742
"2",2,2,0.130867724400653,0.0721519910692706
"3",3,3,0.00151781947437345,0.0774698189914666
"4",4,4,0.0106803958987886,0.310547270465313
"5",5,5,0.0265203841287244,0.0455914926997459
