"","X","V","Imp","rand"
"1",1,1,0.0376910890400828,0.0550204953304105
"2",2,2,0.0448117247373265,0.0790051803928565
"3",3,3,0.0706179240423303,0.0268923019989724
"4",4,4,0.0651095226567883,0.312250021800953
"5",5,5,0.000788599918384644,0.0024938521978261
"6",6,6,0.0641943195747456,4.02801097761155e-05
"7",7,7,0.00375909014372691,0.0255999514924569
"8",8,8,0.00724133010481832,0.000467443740110042
"9",9,9,0.0753386827991163,0.124572160057509
"10",10,10,2.51707803429997e-05,0.123652663357739
