"","V1","effect_size","nonlinear","location","scale","interactions","V2"
"1",1,0.0887182837205563,TRUE,0.243777057472442,2.69179733271215,FALSE,NA
"2",2,-0.158678185629504,TRUE,-0.471834333936338,0.0360656155266265,FALSE,NA
"3",3,0.0389592026917062,TRUE,1.3635654046428,0.401269105728716,FALSE,NA
"4",4,0.0201738227185584,FALSE,NA,NA,FALSE,NA
"5",5,0.12746360795543,FALSE,NA,NA,FALSE,NA
"6",1,0.105688957805982,FALSE,NA,NA,TRUE,2
"7",4,0.0102734127757088,FALSE,NA,NA,TRUE,5
