"","X","V","Imp","rand"
"1",1,1,0.685967898612555,0.719996802956255
"2",2,2,0.392835274621969,0.0299936915852833
