"","X","V","Imp","rand"
"1",1,1,0.018778994217532,0.0155029510919625
"2",2,2,0.00954004862448799,0.131389397626984
"3",3,3,0.000167266089860901,0.0113877789630223
"4",4,4,0.00462660838541157,0.12370355784268
"5",5,5,0.00208261824199163,0.0136003468329326
"6",6,6,0.00150423252117083,0.0281202874581747
"7",7,7,0.00384963390204098,0.291398306354207
"8",8,8,0.00265225997388491,0.0730987071449662
"9",9,9,0.0153787339351335,0.00155480057815717
"10",10,10,0.00389778170171504,0.0603334685372522
