"","X","V","Imp","rand"
"1",1,1,0.00122981411337236,1.61368927440849e-06
"2",2,2,0.00196344183567082,0.245261868136633
"3",3,3,0.00306043986928856,0.00834421185600001
"4",4,4,0.0091263986082846,0.00063485684421192
"5",5,5,0.00189563737776476,0.122669832417672
"6",6,6,0.00357787679641813,1.06504974464718e-06
"7",7,7,0.0017018966383994,0.147758097728742
"8",8,8,0.00656337355082521,0.0572601782960438
"9",9,9,0.00155805094341069,0.0127215775091621
"10",10,10,0.0318184659990473,0.155235170960239
