"","X","V","Imp","rand"
"1",1,1,0.251888086431074,7.3058229179585e-08
"2",2,2,0.0579420690774217,0.0218041893711325
"3",3,3,0.00630460132298725,0.0711383603175579
"4",4,4,0.0839595017214693,0.108919432963051
"5",5,5,0.0418530030492722,0.0131447839640715
"6",6,6,0.00580706918632556,0.0110727589199936
"7",7,7,0.0795999872441703,0.005007882642959
"8",8,8,0.018837191495921,0.260961977907493
"9",9,9,0.0158048240576844,0.0102809072726245
"10",10,10,0.00049839793099714,0.247663505199428
