"","X","V","Imp","rand"
"1",1,1,0.00573124476131032,2.40765772880777e-05
"2",2,2,0.00497466920808518,0.0135869157879481
"3",3,3,0.00639689240853319,0.0963682418347138
"4",4,4,0.00660982920272492,0.464964644933855
"5",5,5,0.00334580671195746,1.99803242482077e-05
"6",6,6,8.07498508545609e-05,0.0049092058553655
"7",7,7,0.0141341884796927,0.0365419269273365
"8",8,8,0.00264972414863283,0.00227998107080377
"9",9,9,0.0144276190324888,0.033406201119874
"10",10,10,0.00414427344949489,0.098133114977501
