"","X","V","Imp","rand"
"1",1,1,0.0754843442637209,0.390691061633387
"2",2,2,0.0104916184567967,0.327286747922313
"3",3,3,0.00821291893790108,0.0226294714492863
"4",4,4,0.0825606778796807,0.00823775484596118
"5",5,5,0.385748025384106,0.00120936388785819
