"","X","V","Imp","rand"
"1",1,1,0.0160977650709303,0.0141072588883586
"2",2,2,0.0332958364273793,0.615419504823813
"3",3,3,0.00494273946248283,0.0247010986041283
"4",4,4,0.000105543395346325,0.0569800736462416
"5",5,5,0.0461322703937701,0.038785302869449
