"","V1","effect_size","nonlinear","location","scale","interactions","V2"
"1",1,-0.126876968244557,TRUE,1.49283826706046,0.496259952895343,FALSE,NA
"2",2,0.118595957704672,FALSE,NA,NA,FALSE,NA
"3",3,-0.0703046190693245,TRUE,-2.09430637935332,1.06604235242577,FALSE,NA
"4",4,-0.0102734315273099,FALSE,NA,NA,FALSE,NA
"5",5,0.164016569743057,TRUE,0.479941870770482,1.03329792148889,FALSE,NA
"6",2,-0.019230835243491,FALSE,NA,NA,TRUE,5
