"","X","V","Imp","rand"
"1",1,1,0.482366071354039,0.38157049318943
"2",2,2,0.811426661177856,0.368368654917878
