"","X","V","Imp","rand"
"1",1,1,0.00636598382175244,0.0244298348390687
"2",2,2,0.02861140132242,0.012212059993066
"3",3,3,0.0130512539930185,0.473020777745165
"4",4,4,0.0146135063104384,0.0429806081502903
"5",5,5,0.0118648849745915,0.0299504092015709
"6",6,6,0.00449731660629364,0.00938764954244269
"7",7,7,0.0298363572780286,0.00567460228668711
"8",8,8,0.0150336759269991,0.00247820272426164
"9",9,9,0.124304482193331,0.146115388052811
"10",10,10,0.00181835184543428,0.00374422890319511
