"","X","V","Imp","rand"
"1",1,1,0.00857459334003156,0.0769744230062773
"2",2,2,0.0150859685103718,0.251661726798592
"3",3,3,0.0126450066430189,0.0447993564712426
"4",4,4,0.106410719613631,0.0293814696215359
"5",5,5,0.0881285091203084,0.347177478273335
