"","X","V","Imp","rand"
"1",1,1,0.0342658278587151,0.0838643700829702
"2",2,2,2.16782240356272e-05,0.0689884872044669
"3",3,3,0.121136437495763,0.0504378710402855
"4",4,4,0.000392779301479255,0.118352180268117
"5",5,5,0.00716372710517917,0.160649534788252
"6",6,6,0.00304234874762961,0.0297212562861248
"7",7,7,0.00123708993421696,0.151669057796863
"8",8,8,0.0370086796677453,0.00418151114198507
"9",9,9,0.0329618473895624,0.0669450577756625
"10",10,10,0.0127574678765695,0.0150711286247941
