"","X","V","Imp","rand"
"1",1,1,0.00857459334003156,0.327751737253243
"2",2,2,0.0150859685103718,0.0292457333863817
"3",3,3,0.0126450066430189,0.00556896682906336
"4",4,4,0.106410719613631,0.387115840661795
"5",5,5,0.0881285091203084,0.000315132339035919
