"","V1","effect_size","nonlinear","location","scale","interactions","V2"
"1",1,-0.185110312675213,0,NA,NA,FALSE,NA
"2",2,-0.00465598797631901,0,NA,NA,FALSE,NA
"3",3,0.348046602476971,0,NA,NA,FALSE,NA
"4",4,0.019818660436045,0,NA,NA,FALSE,NA
"5",5,0.084638803779231,0,NA,NA,FALSE,NA
"6",6,-0.0551574904036579,0,NA,NA,FALSE,NA
"7",7,0.0351722892945137,0,NA,NA,FALSE,NA
"8",8,-0.192376401015679,0,NA,NA,FALSE,NA
"9",9,-0.181553979272178,0,NA,NA,FALSE,NA
"10",10,-0.112948961378888,0,NA,NA,FALSE,NA
