"","X","V","Imp","rand"
"1",1,1,0.00125820653985109,0.232920937129198
"2",2,2,0.00036516977951349,0.00796154157490771
"3",3,3,0.0133137642124894,0.0215035943451512
"4",4,4,0.00225727576459785,0.264100102199883
"5",5,5,0.00560945475961932,0.12084113044766
"6",6,6,7.04066690910623e-06,0.0885484498028626
"7",7,7,0.0173152533641163,0.0113019071670402
"8",8,8,0.0151389739071075,0.00142501782442747
"9",9,9,0.000994539240747791,7.63548235406484e-05
"10",10,10,0.00623906183935898,0.00130673282448125
