"","X","V","Imp","rand"
"1",1,1,0.00125820653985109,0.01325640262186
"2",2,2,0.00036516977951349,0.0646713858878364
"3",3,3,0.0133137642124894,0.0753537557113809
"4",4,4,0.00225727576459785,0.00199957330759905
"5",5,5,0.00560945475961932,0.176642921279128
"6",6,6,7.04066690910623e-06,0.0417994485128036
"7",7,7,0.0173152533641163,0.000753015021078477
"8",8,8,0.0151389739071075,0.0279224391481763
"9",9,9,0.000994539240747791,0.307146035494195
"10",10,10,0.00623906183935898,0.0404449155637234
