"","X","V","Imp","rand"
"1",1,1,0.0220887257033526,0.000899661633598174
"2",2,2,0.0414125008607607,0.0211961681846164
"3",3,3,0.0219969126346363,0.011943309512536
"4",4,4,0.107065774649353,0.244835786354738
"5",5,5,0.120597324779132,0.00782422939922279
"6",6,6,0.0724703958954171,0.00784099525913792
"7",7,7,0.018333722034544,0.000401552646684834
"8",8,8,0.148604336053551,0.253709702432988
"9",9,9,0.112995787455281,0.181316854476586
"10",10,10,0.113146261619077,0.0199921621992318
