"","X","V","Imp","rand"
"1",1,1,0.189556479877508,0.000345650247144421
"2",2,2,0.0340611488910697,0.043662476551274
"3",3,3,0.102347504508447,0.116828157462144
"4",4,4,0.0100724239702743,0.181412284972906
"5",5,5,0.00477571233132794,0.00416415937314553
"6",6,6,0.00482193987381302,0.0632499715679459
"7",7,7,0.0130482374442621,0.00436888900762593
"8",8,8,0.0187865207192163,0.0614774200400379
"9",9,9,0.0379260148360945,0.259540459952661
"10",10,10,0.0279465771199942,0.0148400120280908
