"","X","V","Imp","rand"
"1",1,1,0.189556479877508,0.0139471594083649
"2",2,2,0.0340611488910697,0.000137422815837652
"3",3,3,0.102347504508447,0.00404115737778638
"4",4,4,0.0100724239702743,0.0177735615723427
"5",5,5,0.00477571233132794,0.00654984274508709
"6",6,6,0.00482193987381302,9.42055752500347e-05
"7",7,7,0.0130482374442621,0.020022220420965
"8",8,8,0.0187865207192163,0.0208651063134315
"9",9,9,0.0379260148360945,0.66449373184967
"10",10,10,0.0279465771199942,0.00207485198391644
