"","X","V","Imp","rand"
"1",1,1,0.0273643522418846,0.0143791646420161
"2",2,2,0.128190803178338,0.201201204870417
"3",3,3,0.0677158652852166,0.47730810283078
"4",4,4,0.0154399430846083,0.0347894012681027
"5",5,5,0.0112851383824478,0.0224204050870932
