"","X","V","Imp","rand"
"1",1,1,0.0872612210188284,0.173317491408814
"2",2,2,0.0975082990625655,0.146405737341146
"3",3,3,0.102488510735396,0.0185423406529379
"4",4,4,0.198548975705683,0.221945857302539
"5",5,5,0.198797439777039,0.189613011578954
