"","X","V","Imp","rand"
"1",1,1,0.00697844782441866,0.000208980007012622
"2",2,2,0.000162297981157126,0.00367063986579693
"3",3,3,0.0471823637162408,0.199368037131861
"4",4,4,0.000865757633669808,0.198900626644551
"5",5,5,0.00730183341335172,0.347846853200908
