"","V1","effect_size","nonlinear","location","scale","interactions","V2"
"1",1,-0.295400103281682,FALSE,NA,NA,FALSE,NA
"2",2,0.241397804103446,FALSE,NA,NA,FALSE,NA
"3",3,-0.251501712715434,TRUE,0.947794468746917,0.620242575649172,FALSE,NA
"4",4,-0.000876154470674882,TRUE,0.53301886126856,0.620128887705505,FALSE,NA
"5",5,-0.0157870743969043,TRUE,2.0496360469349,0.498278789687902,FALSE,NA
"6",2,-0.0392353992365998,FALSE,NA,NA,TRUE,3
"7",4,0.198548208059026,FALSE,NA,NA,TRUE,5
