"","X","V","Imp","rand"
"1",1,1,0.282313845239841,0.135116913266989
"2",2,2,0.0194404066455626,0.0968847050941546
"3",3,3,0.0338828363800724,0.174725284740172
"4",4,4,0.00693878151106623,0.320735781671274
"5",5,5,0.219839649085472,0.0225309910683275
