"","X","V","Imp","rand"
"1",1,1,0.109121591778724,0.00117157641494517
"2",2,2,0.0238183776822931,0.0774183090279189
"3",3,3,0.00160131362278916,0.54573480719257
"4",4,4,0.00929399998796528,0.0370887697809653
"5",5,5,0.106161563542899,0.0885390451754842
