"","X","V","Imp","rand"
"1",1,1,0.282313845239841,0.398508396416523
"2",2,2,0.0194404066455626,0.0279478497632855
"3",3,3,0.0338828363800724,0.165867054066113
"4",4,4,0.00693878151106623,0.0199176920088872
"5",5,5,0.219839649085472,0.137656162746757
