"","V1","effect_size","nonlinear","location","scale","interactions","V2"
"1",1,-0.330335574497698,TRUE,-1.56072331081934,0.515514418017119,FALSE,NA
"2",2,-0.154332037122216,FALSE,NA,NA,FALSE,NA
"3",3,-0.0400164169159254,FALSE,NA,NA,FALSE,NA
"4",4,-0.096405393977543,TRUE,0.530957708727592,1.35613788753272,FALSE,NA
"5",5,-0.325824436687764,TRUE,-0.795247891985182,1.74999347988696,FALSE,NA
