"","V1","effect_size","nonlinear","location","scale","interactions","V2"
"1",1,0.531332142110602,TRUE,0.685417346374318,1.22554461560668,FALSE,NA
"2",2,0.139428858725741,FALSE,NA,NA,FALSE,NA
"3",3,-0.184072910500357,TRUE,-0.537579669106384,0.107978721614927,FALSE,NA
"4",4,-0.0832993488033744,FALSE,NA,NA,FALSE,NA
"5",5,0.468870610174568,TRUE,-0.536501927614106,0.315858877078051,FALSE,NA
