"","X","V","Imp","rand"
"1",1,1,0.212937024657071,0.00774739681208031
"2",2,2,0.197439799802909,0.0123701876611636
"3",3,3,0.00728615818446068,0.0650655866533719
"4",4,4,0.287334748007947,0.000556499935259696
"5",5,5,0.00218214838423283,0.0862210439992504
"6",6,6,0.292028734164266,0.0240287984381503
"7",7,7,0.00165677030326788,0.00475215011494629
"8",8,8,0.00604827956167771,0.0692943760070261
"9",9,9,0.000415283340356058,0.0397239502581566
"10",10,10,0.0503683924084597,0.44021509730586
