"","X","V","Imp","rand"
"1",1,1,0.181776325578044,0.466137026482074
"2",2,2,0.0107365706319107,0.0669218545952562
"3",3,3,0.0170106803703256,0.0344926897707161
"4",4,4,0.0217461611386736,0.0536242114703742
"5",5,5,0.165915250958753,0.128816272951256
