"","X","V","Imp","rand"
"1",1,1,0.00373609309738802,0.168176871952754
"2",2,2,0.0302936491125976,0.0047510970275389
"3",3,3,2.43103596452586e-06,0.00285046888854144
"4",4,4,0.0248752852337892,0.0705177600934491
"5",5,5,0.00840200947226041,0.0115218964498708
"6",6,6,0.00335527218109623,0.128150319561258
"7",7,7,0.00200602719713941,0.0264754457564518
"8",8,8,0.000293732365751302,7.03349577330962e-05
"9",9,9,0.0119886037333545,0.324544793740248
"10",10,10,0.0299075212633257,0.0129387934800533
