"","V1","effect_size","nonlinear","location","scale","interactions","V2"
"1",1,0.0388397458509111,FALSE,NA,NA,FALSE,NA
"2",2,0.103617424364393,FALSE,NA,NA,FALSE,NA
"3",3,-0.130424999023675,TRUE,0.703553709574158,0.551269629970193,FALSE,NA
"4",4,-0.0295243660640336,TRUE,-0.661897980848579,0.404267999343574,FALSE,NA
"5",5,-0.0807584310500323,TRUE,-0.471652947174558,2.78740358335857,FALSE,NA
"6",1,-0.0208744729471905,FALSE,NA,NA,TRUE,4
"7",1,0.15939332677309,FALSE,NA,NA,TRUE,5
