"","X","V","Imp","rand"
"1",1,1,0.00413906435553237,0.0308042566127937
"2",2,2,0.00693937599196779,0.0832042629865927
"3",3,3,2.01110989754012e-06,0.00391665315469228
"4",4,4,0.240344887514481,0.441870798011781
"5",5,5,0.274901948322594,0.190197721883595
