"","X","V","Imp","rand"
"1",1,1,0.00413906435553237,0.281800603126457
"2",2,2,0.00693937599196779,0.025897333381356
"3",3,3,2.01110989754012e-06,0.057574177157579
"4",4,4,0.240344887514481,0.0428085763893625
"5",5,5,0.274901948322594,0.341865684759504
