"","V1","effect_size","nonlinear","location","scale","interactions","V2"
"1",1,-0.0643355605830273,FALSE,NA,NA,FALSE,NA
"2",2,0.0833029170675781,FALSE,NA,NA,FALSE,NA
"3",3,0.00141813606453687,TRUE,-0.337653602873862,0.352137579582632,FALSE,NA
"4",4,0.301718063133276,TRUE,-1.08855703328725,1.22429342004926,FALSE,NA
"5",5,0.354387994194228,TRUE,-0.106187247110418,1.53968456006589,FALSE,NA
"6",4,0.149311097893586,FALSE,NA,NA,TRUE,5
