"","X","V","Imp","rand"
"1",1,1,0.372134099087059,0.422168790929412
"2",2,2,0.190360767448144,0.327830097497859
