"","X","V","Imp","rand"
"1",1,1,0.00254012327214394,0.178612778780001
"2",2,2,0.0420027366442891,0.0202412130423865
"3",3,3,0.0653189256247628,0.00137769431324696
"4",4,4,0.0973022161688196,0.0198269449680488
"5",5,5,0.0562212460002608,0.0284391208460994
"6",6,6,0.00017079888102699,0.00386568830394586
"7",7,7,0.0237218049610034,0.255566058358419
"8",8,8,0.000179250913463745,0.0817839569725843
"9",9,9,0.166906379478915,0.140379526976313
"10",10,10,0.10813238551457,0.0199022613550296
