"","X","V","Imp","rand"
"1",1,1,0.10292233122827,0.0181490396299768
"2",2,2,0.00707009904498327,0.236687348800439
"3",3,3,0.0194607294875087,0.382730031195029
"4",4,4,0.00550456403807522,0.0108906366228568
"5",5,5,0.115024257983836,0.101584487324654
