"","X","V","Imp","rand"
"1",1,1,0.000132910542669865,0.405083197880942
"2",2,2,0.00119645523824567,0.169055584824001
"3",3,3,0.00536636808111398,0.0200495666358641
"4",4,4,0.000309284865468251,0.145705228577378
"5",5,5,0.0554757313152487,0.0100799718746371
