"","V1","effect_size","nonlinear","location","scale","interactions","V2"
"1",1,-0.0115286834751356,TRUE,0.512468914244694,0.35906485049054,FALSE,NA
"2",2,-0.0345898140822651,FALSE,NA,NA,FALSE,NA
"3",3,-0.0732554986408118,TRUE,-0.295344406956077,0.469885914120823,FALSE,NA
"4",4,-0.0175864966797896,TRUE,0.26693800395877,0.63031790079549,FALSE,NA
"5",5,0.235532866741032,FALSE,NA,NA,FALSE,NA
