"","X","V","Imp","rand"
"1",1,1,0.107672991367741,0.00933449247636586
"2",2,2,0.113599930897913,0.153484510172111
"3",3,3,0.0914697482965456,0.00107383723742756
"4",4,4,0.00319248974974888,0.259811767862265
"5",5,5,0.0873646410839611,0.326288291662482
