"","X","V","Imp","rand"
"1",1,1,0.000534503298953395,0.00256997416726417
"2",2,2,0.00235136076046015,0.0141988595009846
"3",3,3,0.177761438234787,0.0401128173497429
"4",4,4,0.00227966836982108,0.0146246294772014
"5",5,5,0.213902755128372,0.00257499408985486
"6",6,6,0.213703734991729,0.0405322890662016
"7",7,7,0.0238607737812981,0.0410322056277278
"8",8,8,0.154511925719259,0.000215532276074754
"9",9,9,0.151571820485235,0.303725603735247
"10",10,10,0.00228495362799673,0.290333125117299
