"","X","V","Imp","rand"
"1",1,1,0.000658073365944309,0.152259975440407
"2",2,2,0.0377199494036866,0.0251458868354043
"3",3,3,0.120635426857358,0.0318151577200759
"4",4,4,0.007071677323528,0.155822624176279
"5",5,5,0.00481899431502234,0.0150410990845163
"6",6,6,0.00267927248188482,0.0228368278895852
"7",7,7,0.00151457686405709,0.00598599864507209
"8",8,8,0.111913857979146,0.0993733827482429
"9",9,9,0.00233381004500309,0.241216880914968
"10",10,10,0.045358411809913,0.000364491738464604
