"","X","V","Imp","rand"
"1",1,1,0.208743839127019,0.0456526615498245
"2",2,2,0.0489637989539686,0.0780012062548422
"3",3,3,0.143828411136734,0.0124288250724961
"4",4,4,0.168069754553237,0.596517756017202
"5",5,5,0.0821978632385163,0.017398724906135
