"","X","V","Imp","rand"
"1",1,1,0.0170044259473444,0.226620447709637
"2",2,2,0.211964876200808,0.000136902410692131
"3",3,3,0.01084873072408,0.195177683613604
"4",4,4,0.38432878256586,0.32765859005231
"5",5,5,0.456041940607167,0.00051330942962614
