"","X","V","Imp","rand"
"1",1,1,0.0169235902539204,0.0141216005453947
"2",2,2,0.132151659175117,0.0110644314640379
"3",3,3,0.239310588845342,0.331066452782171
"4",4,4,0.0737666235922112,0.392395669053177
"5",5,5,0.100342854792809,0.00135102321746349
