"","V1","effect_size","nonlinear","location","scale","interactions","V2"
"1",1,-0.130401019732763,TRUE,0.393198249956169,0.771793302186784,FALSE,NA
"2",2,0.460396433740323,TRUE,1.11851291185294,2.05204372658374,FALSE,NA
"3",3,-0.104157240382414,FALSE,NA,NA,FALSE,NA
"4",4,0.280654925487826,TRUE,-1.99634036629172,0.740856155150527,FALSE,NA
"5",5,0.387917961999549,FALSE,NA,NA,FALSE,NA
"6",4,-0.305561595365283,FALSE,NA,NA,TRUE,5
