"","X","V","Imp","rand"
"1",1,1,0.144953821964769,0.0764281880854375
"2",2,2,0.00922325621421107,0.539097413761664
"3",3,3,0.0132246742169727,0.00685338054577659
"4",4,4,0.0814408717900206,0.126751480737019
"5",5,5,0.00113501964616916,0.000857922819350094
