"","V1","effect_size","nonlinear","location","scale","interactions","V2"
"1",1,-0.380728015734026,TRUE,1.25715958542226,0.43144976021722,FALSE,NA
"2",2,-0.0960377853462431,FALSE,NA,NA,FALSE,NA
"3",3,0.114998583543332,TRUE,-1.08783069555463,0.343871872872114,FALSE,NA
"4",4,-0.285378471139679,FALSE,NA,NA,FALSE,NA
"5",5,0.0336900526293617,TRUE,-0.563913404279217,0.833849158790622,FALSE,NA
