"","X","V","Imp","rand"
"1",1,1,0.0102648836044183,0.0207339774096423
"2",2,2,0.0165875823345901,0.072181662375433
"3",3,3,0.0535743249165476,0.0412357323502844
"4",4,4,0.053409015249288,0.00097123836446039
"5",5,5,0.00482760722649852,0.0967788769393292
"6",6,6,0.000814343960307976,0.383704187309128
"7",7,7,0.0106250873701652,0.0390166453943267
"8",8,8,2.57018767554518e-05,0.0154352046437074
"9",9,9,0.000444535298203318,0.0443885497437984
"10",10,10,0.0153122376910504,0.0353748355018779
