"","X","V","Imp","rand"
"1",1,1,0.0260678931005536,0.0256528317018186
"2",2,2,3.7919022199516e-05,0.012318199723674
"3",3,3,0.0192854510378104,0.0747905571222294
"4",4,4,0.0220076967668596,0.0214619565910926
"5",5,5,0.012000238849737,0.00274189533323801
"6",6,6,6.59867672584109e-05,0.126032208312846
"7",7,7,0.00223389222572654,0.00380565773372197
"8",8,8,0.113828846706875,0.0110318502809315
"9",9,9,0.0108835240268179,0.0291639540959849
"10",10,10,0.0435163932035357,0.442995070085576
