"","X","V","Imp","rand"
"1",1,1,0.0397385476506793,0.0887215769644221
"2",2,2,0.400086818445537,0.00175236062706778
"3",3,3,0.0168534031461763,0.288638301314084
"4",4,4,0.0774385000864167,0.0522474010203819
"5",5,5,0.145121511455629,0.00498440232980994
"6",6,6,0.0104929755877011,0.00553058940232675
"7",7,7,0.000295489798371135,0.00100557183425556
"8",8,8,0.00405760923777748,0.000781271008732831
"9",9,9,0.191371985600545,0.21272639554155
"10",10,10,0.00138177550746475,0.0934830807744499
