"","X","V","Imp","rand"
"1",1,1,0.000632394555259774,0.13580448318417
"2",2,2,0.364327454852218,0.0101029685417186
"3",3,3,0.010954239259711,0.0915647484421974
"4",4,4,0.0128352511807634,0.0494415601157303
"5",5,5,0.0136522552722283,0.111556857215814
"6",6,6,0.00974142667595183,0.192424126158277
"7",7,7,0.349701715722277,0.0448256897156668
"8",8,8,0.00395465332600299,0.00120726096727599
"9",9,9,0.0170215442404395,0.0971183255410683
"10",10,10,0.393730670961791,0.0157680837303925
