"","X","V","Imp","rand"
"1",1,1,0.141751658309515,8.26418453204203e-06
"2",2,2,0.091987307373027,0.00161015772216949
"3",3,3,0.00351953327781042,0.204449583710433
"4",4,4,0.24649340860519,0.535365240054517
"5",5,5,0.00975494933858097,0.0085521974402808
