"","X","V","Imp","rand"
"1",1,1,0.000118703779326097,0.0564351867980673
"2",2,2,5.64386518209795e-05,0.00594493972424757
"3",3,3,0.0177502521518716,0.0633566741287839
"4",4,4,0.00129971709681546,0.00931125317383872
"5",5,5,0.000119480179471573,0.0147986113785222
"6",6,6,0.000194460696455029,0.0199795847901543
"7",7,7,0.029906411982437,0.135707988587906
"8",8,8,1.14703025578507e-05,0.148963472052883
"9",9,9,0.0105733544281524,1.76515662209765e-05
"10",10,10,0.00246025542766819,0.295481305999618
