"","X","V","Imp","rand"
"1",1,1,0.321247409247713,0.160770729568635
"2",2,2,0.117539924219115,0.00206680129932062
"3",3,3,0.00440766124290746,0.18611939994691
"4",4,4,0.527185401741927,0.0082102519005373
"5",5,5,0.268350032867502,0.00131975126318378
"6",6,6,0.0138617766054555,0.15684827397776
"7",7,7,0.0189178601599832,0.108160177269366
"8",8,8,0.000726214687683342,0.0834628174386337
"9",9,9,0.0990642010666188,0.028323917580056
"10",10,10,0.0384071460610066,0.0147129124998623
