"","X","V","Imp","rand"
"1",1,1,0.079638101700323,0.00652669739487997
"2",2,2,0.0258098911903946,0.397669058496002
"3",3,3,1.24478815312175e-06,0.0214293463372036
"4",4,4,0.124996709449288,0.0803471575313318
"5",5,5,0.0195654390100861,0.244026787346124
