"","X","V","Imp","rand"
"1",1,1,0.0209148669335664,0.0366887342507353
"2",2,2,0.0301846547087268,0.0389499674806358
"3",3,3,0.22116076854184,0.0313709594564412
"4",4,4,0.192487077096116,0.0259769129103588
"5",5,5,0.132382089588147,0.0356098235444987
"6",6,6,0.01724438340813,0.412757939708476
"7",7,7,0.0429585491761039,0.150563448033092
"8",8,8,0.0505564503690493,0.0114712712440465
"9",9,9,0.134528785811161,0.00644922293961457
"10",10,10,0.0679133349839448,0.000157307492824451
