"","V1","effect_size","nonlinear","location","scale","interactions","V2"
"1",1,0.282202235463015,FALSE,NA,NA,FALSE,NA
"2",2,-0.16065457102241,FALSE,NA,NA,FALSE,NA
"3",3,-0.00111570074532634,TRUE,1.74254522563417,0.2699104542844,FALSE,NA
"4",4,0.353548737021203,TRUE,0.636581361618811,0.994717451701772,FALSE,NA
"5",5,0.139876513432692,TRUE,0.456351784327634,0.124598853755742,FALSE,NA
