"","X","V","Imp","rand"
"1",1,1,0.000896353005020889,0.184259543650104
"2",2,2,0.00928685232706627,0.222583918777268
"3",3,3,0.195045742869171,0.0691994191582786
"4",4,4,0.0140568319358035,0.231691883482138
"5",5,5,0.194709345592585,0.0422615000068292
