"","V1","effect_size","nonlinear","location","scale","interactions","V2"
"1",1,-0.0299391550485462,FALSE,NA,NA,FALSE,NA
"2",2,0.0963683159916488,TRUE,-0.229238988820229,0.427484428044409,FALSE,NA
"3",3,-0.0183676248828742,TRUE,-0.0914686365882301,0.171128631311409,FALSE,NA
"4",4,0.11856151119062,TRUE,-0.170911392750815,1.6677093002105,FALSE,NA
"5",5,-0.000986086837973531,FALSE,NA,NA,FALSE,NA
"6",3,0.194708373225333,FALSE,NA,NA,TRUE,5
