"","X","V","Imp","rand"
"1",1,1,0.332675016408154,0.168200133649139
"2",2,2,5.52529633937742e-06,0.0989733183241698
"3",3,3,0.309313483529493,0.0709041126284387
"4",4,4,0.00449670205496613,0.0558426441279956
"5",5,5,0.0634324458324008,0.356059867397106
