"","V1","effect_size","nonlinear","location","scale","interactions","V2"
"1",1,0.259909177936966,FALSE,NA,NA,FALSE,NA
"2",2,-0.00235059489052823,TRUE,-0.558488293339168,1.58938733852448,FALSE,NA
"3",3,0.210217144631944,FALSE,NA,NA,FALSE,NA
"4",4,-0.0670574533886139,TRUE,-0.15813142173822,3.27848672850018,FALSE,NA
"5",5,-0.25185798743022,TRUE,1.00530927639583,0.813556317672442,FALSE,NA
"6",1,0.265122235632285,FALSE,NA,NA,TRUE,3
