"","X","V","Imp","rand"
"1",1,1,0.288907658488964,0.163092619623765
"2",2,2,0.524580190470052,0.450919488681376
"3",3,3,0.00220747574668545,0.0234400807857475
"4",4,4,0.264897808163299,0.0829035123176738
"5",5,5,0.324580376430845,0.0296082390830131
