"","X","V","Imp","rand"
"1",1,1,0.0115783236124365,0.0076174201949811
"2",2,2,0.0417309078949174,0.446591297554259
"3",3,3,0.0567889011721928,0.0465110757393516
"4",4,4,0.138552636043677,0.151484097537725
"5",5,5,0.00137934999055279,0.0977769807801097
