"","X","V","Imp","rand"
"1",1,1,0.0162197706728867,0.156597435128833
"2",2,2,0.00393703321551719,0.0185075919006202
"3",3,3,0.146698417958252,0.224607136585665
"4",4,4,0.154640816787184,0.0954991051756052
"5",5,5,0.0271643621524159,0.254774540730412
