"","X","V","Imp","rand"
"1",1,1,0.0159452343522541,0.290472820061525
"2",2,2,0.0465622796945191,0.459526961692165
