"","X","V","Imp","rand"
"1",1,1,0.00733043008058592,0.00446641170110131
"2",2,2,0.243680515265978,0.0433052998268185
"3",3,3,0.00803989609102939,0.0141683829534763
"4",4,4,0.000202119667994982,0.00137464159564757
"5",5,5,0.163385846184172,0.0615978320006768
"6",6,6,1.85331645734876e-05,0.00465534097964929
"7",7,7,6.25918160577832e-06,0.301950863652175
"8",8,8,0.085772409781949,0.272775671866048
"9",9,9,5.89851752226899e-05,0.00828997833482921
"10",10,10,0.00892260792286244,0.0373952027383095
