"","X","V","Imp","rand"
"1",1,1,0.0573949369078218,0.00769839925704651
"2",2,2,0.00510394731868834,0.742295558904355
