"","X","V","Imp","rand"
"1",1,1,0.0245330209128614,0.0132775245648516
"2",2,2,0.149908609155411,0.0155213253695946
"3",3,3,0.0218478879881579,0.588630199005456
"4",4,4,0.00549288991913094,0.0849116795574225
"5",5,5,0.165122233620099,0.047632952645563
