"","V1","effect_size","nonlinear","location","scale","interactions","V2"
"1",1,0.156630204344058,TRUE,0.221558008276829,0.049076739817729,FALSE,NA
"2",2,0.0643527256884659,FALSE,NA,NA,FALSE,NA
"3",3,-0.0680834447892291,TRUE,0.420529091856843,0.0943353062062067,FALSE,NA
"4",4,0.0741140332132245,FALSE,NA,NA,FALSE,NA
"5",5,0.0462856914654266,TRUE,-1.78769296055028,0.194550471380353,FALSE,NA
"6",2,0.145767335851876,FALSE,NA,NA,TRUE,5
"7",3,-0.0172125325337899,FALSE,NA,NA,TRUE,5
