"","X","V","Imp","rand"
"1",1,1,0.002759664768985,0.00197052438717804
"2",2,2,0.00320859851868537,0.152117483921681
"3",3,3,0.000848839278282602,0.0170884954400692
"4",4,4,0.102512893509749,0.52415926931745
"5",5,5,0.140648294444151,0.0546603418706898
