"","X","V","Imp","rand"
"1",1,1,0.476566836774429,0.278852404981905
"2",2,2,0.0135035435386545,0.00809075962615533
"3",3,3,0.150495713056908,0.435419075339523
"4",4,4,0.345355799507629,0.00252964760655091
"5",5,5,0.143327760326157,0.0251040689169306
