"","X","V","Imp","rand"
"1",1,1,0.000723227732359811,0.0296932107552358
"2",2,2,0.061776740333831,0.720352832111605
