"","X","V","Imp","rand"
"1",1,1,0.0935969507999227,0.0767873985628151
"2",2,2,0.000434396106518129,0.121444302626664
"3",3,3,0.0116867933199704,0.349149212701154
"4",4,4,0.00974494546906241,0.0971933164722152
"5",5,5,0.120045568920079,0.0345794244136747
"6",6,6,0.00588636441921498,0.0389804803665152
"7",7,7,0.000170929634960551,0.00518232245917135
"8",8,8,4.23391774455328e-06,4.04620016907462e-05
"9",9,9,0.00146712309987615,0.0251231129903078
"10",10,10,0.00694217667015732,0.00148902076708984
