"","X","V","Imp","rand"
"1",1,1,0.00882053371218151,0.0699658175742142
"2",2,2,0.00776959653557481,0.238721084885944
"3",3,3,0.0378923224777003,0.30114974837897
"4",4,4,0.00797688501756147,0.0178337408319521
"5",5,5,3.60825022814046e-05,0.122300601263599
