"","X","V","Imp","rand"
"1",1,1,0.0160530377270395,0.000578784412336362
"2",2,2,0.0116086168664134,2.02641761411887e-05
"3",3,3,0.015176123620059,0.200218615764606
"4",4,4,0.00455463313415745,0.0134876518787614
"5",5,5,0.0106369247689786,0.000882218308749175
"6",6,6,0.0083111260268578,0.0359666321736126
"7",7,7,0.00323408126569619,0.242223689005227
"8",8,8,0.00846042646792087,0.00635036282268744
"9",9,9,9.50140793855086e-05,0.231526758697936
"10",10,10,0.00119805245329175,0.0187433692689938
