"","X","V","Imp","rand"
"1",1,1,0.000200477163700071,0.487490170660674
"2",2,2,0.098326481911465,0.00421983874464966
"3",3,3,0.00269696582431917,0.0680525203962788
"4",4,4,0.0465406926568987,0.11538489225297
"5",5,5,0.108161404807089,0.000180672128904868
"6",6,6,0.00122870591197728,0.000322651937693129
"7",7,7,0.0499425950848327,0.0012225601289555
"8",8,8,0.015685285129106,0.00659182023573669
"9",9,9,0.115452170367067,0.0167619016253153
"10",10,10,0.0159840994818292,0.0496840653095848
