"","X","V","Imp","rand"
"1",1,1,2.09178549285319e-05,0.0232877490761686
"2",2,2,0.0159466606798913,0.124304080931603
"3",3,3,0.0309387581871748,0.153867143017587
"4",4,4,0.00597183165792776,0.0201663887035101
"5",5,5,0.00960444911953622,0.428281353691051
