"","X","V","Imp","rand"
"1",1,1,0.00860660635956779,0.262371812804269
"2",2,2,0.0367516265172172,0.011365920481699
"3",3,3,0.0204340507064839,0.00756061461259847
"4",4,4,2.73464935451278e-05,0.0490549538130883
"5",5,5,0.0395703477361522,0.419440124824307
