"","V1","effect_size","nonlinear","location","scale","interactions","V2"
"1",1,-0.0927717972207491,FALSE,NA,NA,FALSE,NA
"2",2,0.122798479922497,TRUE,0.816079676062768,1.20241586673529,FALSE,NA
"3",3,0.142947720186381,TRUE,0.286757012788412,0.644111339002848,FALSE,NA
"4",4,0.0052293874923482,TRUE,0.536922492132833,0.66290270537138,FALSE,NA
"5",5,0.133784109258951,FALSE,NA,NA,FALSE,NA
"6",2,0.0216721598459413,FALSE,NA,NA,TRUE,5
