"","X","V","Imp","rand"
"1",1,1,0.0839981396382421,0.127984748284371
"2",2,2,0.00140883186419439,0.401147301391221
"3",3,3,0.43167794716559,0.0979116068497012
"4",4,4,0.00394082974991247,0.0601558106416163
"5",5,5,0.0414537651448828,0.0627945521786798
