"","X","V","Imp","rand"
"1",1,1,0.237343330066519,0.141709578820574
"2",2,2,0.00613343884386489,0.102419581185724
"3",3,3,0.0259295643513001,0.193029228277527
"4",4,4,0.0182966758046459,0.000971827007400031
"5",5,5,0.321586108330022,0.0364179789119113
"6",6,6,0.244967243000296,0.057799516095524
"7",7,7,0.0052565039646498,0.214015455429779
"8",8,8,0.169624458061858,0.00284885177099471
"9",9,9,0.208283584542572,0.000760978940269091
"10",10,10,3.02983864933423e-05,2.54607956396378e-05
