"","X","V","Imp","rand"
"1",1,1,9.34171883517413e-05,0.000725325877053677
"2",2,2,0.00244563765611191,0.127634717627538
"3",3,3,0.000764810422556054,0.0888534226910161
"4",4,4,0.000977973620186245,0.0954217138723269
"5",5,5,0.0110165812757023,0.0677131052616928
"6",6,6,0.00525479680265482,0.00395341954777356
"7",7,7,0.0220503801070132,0.00267352366348118
"8",8,8,0.0124626328561486,0.012591378838284
"9",9,9,3.28730814465977e-06,0.244381054523232
"10",10,10,0.00740735477387719,0.105822164279373
