"","X","V","Imp","rand"
"1",1,1,0.0308464658995867,0.264471489578571
"2",2,2,0.0966897952284412,0.00042465299451876
"3",3,3,0.0189069232658813,0.0546871664252414
"4",4,4,0.00139997480376642,0.309783047348413
"5",5,5,0.0986751068556679,0.120632204914074
