"","V1","effect_size","nonlinear","location","scale","interactions","V2"
"1",1,-0.00966525676594995,0,NA,NA,FALSE,NA
"2",2,-0.0494533887222292,0,NA,NA,FALSE,NA
"3",3,-0.0276552060660566,0,NA,NA,FALSE,NA
"4",4,0.0312725697726657,0,NA,NA,FALSE,NA
"5",5,0.104959903180702,0,NA,NA,FALSE,NA
"6",6,-0.0724899772565478,0,NA,NA,FALSE,NA
"7",7,0.148493703930548,0,NA,NA,FALSE,NA
"8",8,-0.11163616285124,0,NA,NA,FALSE,NA
"9",9,-0.00181309352893329,0,NA,NA,FALSE,NA
"10",10,0.0860659908086649,0,NA,NA,FALSE,NA
