"","X","V","Imp","rand"
"1",1,1,9.53864009479571e-06,0.143238031043745
"2",2,2,0.170233099204576,0.00233344349787065
"3",3,3,0.0665839424868879,0.509147428618837
"4",4,4,0.237604241868754,0.0321215751638979
"5",5,5,0.0253898108369428,0.0631565389222044
