"","X","V","Imp","rand"
"1",1,1,0.00906272824015752,0.267471623666318
"2",2,2,1.36253629601202e-06,0.10519515278379
"3",3,3,0.0250600362082649,0.0435318222838326
"4",4,4,0.00396210760055591,0.00773790443378577
"5",5,5,0.0432076310247234,0.0101199993174061
"6",6,6,0.0518924977688103,0.000150705374597875
"7",7,7,0.00138721136164495,0.00191157963783736
"8",8,8,0.00268148913977482,0.166811637226622
"9",9,9,0.0722522738239336,0.124559601036774
"10",10,10,0.0403715938527321,0.0225072249654356
