"","X","V","Imp","rand"
"1",1,1,0.00579269834059277,0.0147035652746999
"2",2,2,0.128074553923602,0.140100564681019
"3",3,3,0.111205548696734,0.000512503286315962
"4",4,4,0.10228319270154,0.0521450982141756
"5",5,5,0.167105903096057,0.263720611027578
"6",6,6,0.0170197916063721,0.00627098128172498
"7",7,7,0.0276764244968831,0.0240346435744608
"8",8,8,0.000271059600479411,0.00917888285084507
"9",9,9,2.17347511849242e-05,0.0709488923501994
"10",10,10,0.00304431801719678,0.168380708895698
