"","X","V","Imp","rand"
"1",1,1,0.0707530030144104,0.150127320212122
"2",2,2,0.140642349453661,0.170076621643723
"3",3,3,0.11362681601532,0.414539888028277
"4",4,4,0.0667279768833408,0.0146219755080223
"5",5,5,0.170749147840092,0.000613316657242717
