"","V1","effect_size","nonlinear","location","scale","interactions","V2"
"1",1,-0.265994366508786,TRUE,0.210891059099819,0.510066573508084,FALSE,NA
"2",2,-0.375023131891435,TRUE,0.850956172413619,0.492378768511117,FALSE,NA
"3",3,-0.337085769523604,FALSE,NA,NA,FALSE,NA
"4",4,0.258317589186917,FALSE,NA,NA,FALSE,NA
"5",5,0.413218039102956,TRUE,0.800335385177769,0.428916667588055,FALSE,NA
