"","V1","effect_size","nonlinear","location","scale","interactions","V2"
"1",1,0.0761097782193114,0,NA,NA,FALSE,NA
"2",2,-0.357875053508347,0,NA,NA,FALSE,NA
"3",3,-0.333474959624758,0,NA,NA,FALSE,NA
"4",4,-0.319817436518931,0,NA,NA,FALSE,NA
"5",5,-0.408785889061813,0,NA,NA,FALSE,NA
"6",6,-0.130459923372552,0,NA,NA,FALSE,NA
"7",7,0.166362328959663,0,NA,NA,FALSE,NA
"8",8,0.0164638877692789,0,NA,NA,FALSE,NA
"9",9,0.00466205439532018,0,NA,NA,FALSE,NA
"10",10,-0.0551753388498592,0,NA,NA,FALSE,NA
