"","X","V","Imp","rand"
"1",1,1,2.88082052482443e-05,0.0648974215307505
"2",2,2,0.0987887970653734,0.268294807874519
"3",3,3,0.285658499243621,0.198352232610749
"4",4,4,0.274375618927166,0.00180709753956609
"5",5,5,0.0869039889800943,0.216637470925062
