"","V1","effect_size","nonlinear","location","scale","interactions","V2"
"1",1,-0.005367327570425,TRUE,0.871355124526655,0.664643650408834,FALSE,NA
"2",2,0.314306851763326,TRUE,1.48685597054586,3.45714079571848,FALSE,NA
"3",3,0.00904119560687775,FALSE,NA,NA,FALSE,NA
"4",4,-0.00708907253408156,TRUE,1.74060236780621,0.341858800500631,FALSE,NA
"5",5,0.275050171663732,FALSE,NA,NA,FALSE,NA
"6",3,0.274325363977773,FALSE,NA,NA,TRUE,4
"7",3,-0.0112513920478458,FALSE,NA,NA,TRUE,5
