"","X","V","Imp","rand"
"1",1,1,0.0424895939596837,0.115165088477989
"2",2,2,0.0180522981616618,0.0335763986428232
"3",3,3,0.320356872735486,0.0580149809470511
"4",4,4,0.292846838428071,0.235153448915606
"5",5,5,0.0682120297272066,0.308086389596005
