"","X","V","Imp","rand"
"1",1,1,0.00145782840279671,0.0594483946140354
"2",2,2,0.0637206037069499,0.0449262202553714
"3",3,3,0.0568218499057443,0.437808653202374
"4",4,4,0.00565590536105799,0.0818478742943912
"5",5,5,0.122338859352572,0.126027987858558
