"","V1","effect_size","nonlinear","location","scale","interactions","V2"
"1",1,-0.0381815191263615,TRUE,0.66697965159772,0.571840022224933,FALSE,NA
"2",2,0.252429403412023,TRUE,-1.39018515220769,4.14913258494294,FALSE,NA
"3",3,-0.238373341432603,FALSE,NA,NA,FALSE,NA
"4",4,0.0752057535103398,TRUE,1.45306518523286,0.482678624335676,FALSE,NA
"5",5,0.349769723321748,FALSE,NA,NA,FALSE,NA
