"","V1","effect_size","nonlinear","location","scale","interactions","V2"
"1",1,-0.206130041380881,FALSE,NA,NA,FALSE,NA
"2",2,0.1343588410253,FALSE,NA,NA,FALSE,NA
"3",3,0.182005158447546,TRUE,-1.39949469253709,0.151648452971131,FALSE,NA
"4",4,-0.0749389310979379,TRUE,1.65766871569847,3.49930314139194,FALSE,NA
"5",5,0.26117432823156,TRUE,0.553987837003879,1.58895400651089,FALSE,NA
"6",3,0.28723099503397,FALSE,NA,NA,TRUE,4
