"","X","V","Imp","rand"
"1",1,1,0.0654163348597196,0.00104825701565375
"2",2,2,0.0518618931575031,0.0995639607074867
"3",3,3,0.00256600907865547,0.152444081605092
"4",4,4,0.25152074320827,0.119175847657164
"5",5,5,0.173617761468988,0.377767151316367
