"","X","V","Imp","rand"
"1",1,1,0.00460915532845545,3.29495398716108e-05
"2",2,2,0.522749071423409,4.55652456131887e-05
"3",3,3,0.0176507007724624,0.686480178000754
"4",4,4,0.363265070507823,0.0175451965308365
"5",5,5,0.909184908163802,0.045839761296902
