"","X","V","Imp","rand"
"1",1,1,0.0147706171552065,0.0273540083078042
"2",2,2,0.00184923728112884,0.278308360830492
"3",3,3,0.0015590251938645,0.0892560457066243
"4",4,4,0.000592801979544255,0.000967231673728068
"5",5,5,0.00383619268586588,0.000159972238102338
"6",6,6,0.032911628707783,0.0606611298625091
"7",7,7,0.00410061234226323,0.150361430822303
"8",8,8,7.13886220853777e-05,0.113946206754245
"9",9,9,9.16194098487749e-10,0.0158449076447038
"10",10,10,0.00278069738323321,0.0131370634169868
