"","X","V","Imp","rand"
"1",1,1,0.103769098981291,0.222061665816395
"2",2,2,0.00134950461337197,0.344266691597358
"3",3,3,0.107947748899388,0.0501589377030818
"4",4,4,0.00651715884023905,0.0404122951006282
"5",5,5,0.0396085235210908,0.0930936143323063
