"","V1","effect_size","nonlinear","location","scale","interactions","V2"
"1",1,0.00641442108785007,TRUE,0.295107585065295,1.69556643060389,FALSE,NA
"2",2,0.0367356041650599,FALSE,NA,NA,FALSE,NA
"3",3,0.0649599470134427,TRUE,-0.039622128696412,2.49936643043969,FALSE,NA
"4",4,-0.0807289219563785,TRUE,1.80457182665155,0.178431982640177,FALSE,NA
"5",5,-0.199018902421581,FALSE,NA,NA,FALSE,NA
"6",1,-0.103727954183399,FALSE,NA,NA,TRUE,3
