"","X","V","Imp","rand"
"1",1,1,0.260059739689932,0.0910821214820035
"2",2,2,0.0474960101100529,0.257698109849807
"3",3,3,0.52141510012843,0.249433214102884
"4",4,4,0.166104143787999,0.0100813305809766
"5",5,5,0.000131019156573058,0.141701793794503
