"","X","V","Imp","rand"
"1",1,1,0.260059739689932,0.26332950206653
"2",2,2,0.0474960101100529,0.00150065322778664
"3",3,3,0.52141510012843,0.338813612085993
"4",4,4,0.166104143787999,0.102588773781073
"5",5,5,0.000131019156573058,0.0437009126157176
