"","X","V","Imp","rand"
"1",1,1,0.437802263396012,0.296791935958874
"2",2,2,0.653920010085753,0.024397328819563
"3",3,3,0.453110667768933,0.0932000587213209
"4",4,4,0.0338551610799813,0.192440734927101
"5",5,5,0.0135117434819327,0.143169072708408
