"","V1","effect_size","nonlinear","location","scale","interactions","V2"
"1",1,-0.49607272310238,FALSE,NA,NA,FALSE,NA
"2",2,0.158776808991598,TRUE,0.0212208421799571,0.124728450893037,FALSE,NA
"3",3,0.126944277328813,TRUE,-0.0711949126790404,0.249540392309427,FALSE,NA
"4",4,-0.183997720311914,TRUE,-0.904269803122385,0.167308952474443,FALSE,NA
"5",5,0.116240025300809,FALSE,NA,NA,FALSE,NA
"6",1,-0.191714116789801,FALSE,NA,NA,TRUE,2
"7",2,-0.436995818222398,FALSE,NA,NA,TRUE,3
