"","X","V","Imp","rand"
"1",1,1,0.00424338646780146,0.0324489969127825
"2",2,2,0.167642895543459,0.0203138140801087
"3",3,3,0.000198423896013396,0.402110865806383
"4",4,4,0.0712213562602437,0.00664291446277941
"5",5,5,0.000121921032673735,0.00376202128096219
"6",6,6,0.172714152640003,0.028635999378044
"7",7,7,0.0200742184666777,0.069232916469795
"8",8,8,0.00230065441015916,0.0294653775888234
"9",9,9,0.131178019147843,0.0286221421110322
"10",10,10,0.00311420552612633,0.128760684048042
