"","V1","effect_size","nonlinear","location","scale","interactions","V2"
"1",1,0.128883919318743,0,NA,NA,FALSE,NA
"2",2,0.00146966932165081,0,NA,NA,FALSE,NA
"3",3,0.0298600785351686,0,NA,NA,FALSE,NA
"4",4,-0.0185050379595617,0,NA,NA,FALSE,NA
"5",5,-0.0556759527908755,0,NA,NA,FALSE,NA
"6",6,-0.0777782762361423,0,NA,NA,FALSE,NA
"7",7,-0.0760047973192554,0,NA,NA,FALSE,NA
"8",8,0.107199516321488,0,NA,NA,FALSE,NA
"9",9,-0.0229746561650721,0,NA,NA,FALSE,NA
"10",10,0.133060080985016,0,NA,NA,FALSE,NA
