"","X","V","Imp","rand"
"1",1,1,0.156494980886146,0.0101519296508507
"2",2,2,0.00121110915263592,0.137425975080783
"3",3,3,0.0348126636968138,0.146727056687211
"4",4,4,0.104121332854351,0.122682325887778
"5",5,5,0.00447591392321892,0.333006186431135
