"","V1","effect_size","nonlinear","location","scale","interactions","V2"
"1",1,0.180526131158327,FALSE,NA,NA,FALSE,NA
"2",2,0.0348009935581719,FALSE,NA,NA,FALSE,NA
"3",3,0.0198617588720065,TRUE,-1.15054819736123,0.47311648959294,FALSE,NA
"4",4,0.120971939847728,FALSE,NA,NA,FALSE,NA
"5",5,-0.0669022714354223,FALSE,NA,NA,FALSE,NA
"6",1,0.0894871226238286,FALSE,NA,NA,TRUE,4
"7",1,0.0344181742313241,FALSE,NA,NA,TRUE,3
