"","X","V","Imp","rand"
"1",1,1,0.000407364352671835,0.105470340798112
"2",2,2,0.0515967963466269,0.134007102689324
"3",3,3,0.0531643366037641,0.0334264286982373
"4",4,4,0.188396877048019,0.18388828611754
"5",5,5,0.0496145907612985,0.293204245621389
