"","X","V","Imp","rand"
"1",1,1,0.145242831313405,0.424956831198628
"2",2,2,0.0959004409280951,0.325039139393702
