"","V1","effect_size","nonlinear","location","scale","interactions","V2"
"1",1,-0.0201832691274688,FALSE,NA,NA,FALSE,NA
"2",2,0.227149282073765,FALSE,NA,NA,FALSE,NA
"3",3,-0.0737223300990021,TRUE,-0.341358615784466,0.25449025304988,FALSE,NA
"4",4,-0.434047090818518,TRUE,0.431444562589758,0.467486564824989,FALSE,NA
"5",5,0.0434193057609238,TRUE,1.36150242900238,0.264459644494199,FALSE,NA
"6",3,-0.0477293546485379,FALSE,NA,NA,TRUE,5
