"","X","V","Imp","rand"
"1",1,1,0.0779734534344464,0.0455931087980087
"2",2,2,0.0322670673814947,0.400314935571222
"3",3,3,0.000939054385115348,0.0140230073184382
"4",4,4,0.268973828968782,0.0382249104727375
"5",5,5,0.0070583330578201,0.00026019408503151
"6",6,6,0.0114591051883474,0.0215463554689077
"7",7,7,0.303699039959032,0.103426595723751
"8",8,8,0.00277360925004864,0.000243674220824107
"9",9,9,0.00696305800648128,0.015289210569285
"10",10,10,0.00207553690350105,0.11106689696641
