"","X","V","Imp","rand"
"1",1,1,0.148154488200612,0.136770589877317
"2",2,2,0.0212692664959006,0.00514977971633716
"3",3,3,0.00496098875617267,0.272780493083382
"4",4,4,0.131808257118513,0.321528718872667
"5",5,5,0.00252898310988962,0.0136809130484799
