"","X","V","Imp","rand"
"1",1,1,0.148154488200612,0.00101621199031347
"2",2,2,0.0212692664959006,0.271516789519856
"3",3,3,0.00496098875617267,0.234013181946116
"4",4,4,0.131808257118513,0.19871544302314
"5",5,5,0.00252898310988962,0.0447353751495318
