"","X","V","Imp","rand"
"1",1,1,0.00763101137893436,0.0207321084518906
"2",2,2,0.041408163827099,0.0147772406062396
"3",3,3,0.00124761160395719,0.142062572635608
"4",4,4,0.000259593380451555,0.00717806516134314
"5",5,5,0.0196664901479862,0.0204139228385788
"6",6,6,0.0160629224723082,0.029959486004999
"7",7,7,0.0397176007303308,0.346881783648112
"8",8,8,0.00342323627640909,0.0535566114585126
"9",9,9,0.00805607112306726,0.110329097532498
"10",10,10,0.00103003653721732,0.00405847569588751
