"","X","V","Imp","rand"
"1",1,1,0.000458663425082944,0.00729225597802044
"2",2,2,0.00789670944543135,0.463211274497987
"3",3,3,0.157557811392246,0.0648842852204393
"4",4,4,0.0113887259458141,0.18128203032856
"5",5,5,0.0726968238293054,0.0333251085961477
