"","X","V","Imp","rand"
"1",1,1,0.026218244302874,0.00629375345901096
"2",2,2,0.0065940636820117,0.0203521538899893
"3",3,3,0.00107815934948255,0.218661778737305
"4",4,4,0.000291706431417825,0.000306968553703384
"5",5,5,0.0624762175388124,0.00926000613449822
"6",6,6,0.0207253474569781,0.00258833210140535
"7",7,7,0.00951125294979078,0.0492827465344349
"8",8,8,0.0628466524323801,0.278952013121579
"9",9,9,0.0141864356995272,0.0897734866577564
"10",10,10,0.0460623087124768,0.0744694117942249
