"","X","V","Imp","rand"
"1",1,1,0.026218244302874,0.00198684917755883
"2",2,2,0.0065940636820117,0.0174788690942808
"3",3,3,0.00107815934948255,0.0574662518750277
"4",4,4,0.000291706431417825,0.00287500428426626
"5",5,5,0.0624762175388124,0.19585604625016
"6",6,6,0.0207253474569781,0.032493436932018
"7",7,7,0.00951125294979078,0.174124736231653
"8",8,8,0.0628466524323801,0.138512699427982
"9",9,9,0.0141864356995272,0.00240153719451533
"10",10,10,0.0460623087124768,0.126798121063296
