"","X","V","Imp","rand"
"1",1,1,0.0125424678014667,0.0246304299139564
"2",2,2,0.122721656115613,0.28293381312518
"3",3,3,0.00219224056600926,0.0620895303177436
"4",4,4,0.101754143382351,5.64192627926006e-05
"5",5,5,0.323288307030091,0.380283488168662
