"","X","V","Imp","rand"
"1",1,1,0.00883476488818599,0.0613931545640008
"2",2,2,0.0786223864852628,0.206069526098008
"3",3,3,0.0344967901270883,0.0451487639381763
"4",4,4,0.0363460364947065,0.067891913431522
"5",5,5,0.00535745008094326,0.00973744995154383
"6",6,6,0.000402801104359319,0.108121631220149
"7",7,7,0.058328879372741,0.0952517287131424
"8",8,8,0.0213782604405285,0.130083702987393
"9",9,9,0.293031708593968,0.00218309588946718
"10",10,10,0.0256961960983598,0.0241182698260222
