"","V1","effect_size","nonlinear","location","scale","interactions","V2"
"1",1,-0.0939934300267098,0,NA,NA,FALSE,NA
"2",2,-0.280396837509382,0,NA,NA,FALSE,NA
"3",3,0.185733115321658,0,NA,NA,FALSE,NA
"4",4,0.190646365018341,0,NA,NA,FALSE,NA
"5",5,0.0731946041791556,0,NA,NA,FALSE,NA
"6",6,0.0200699054397204,0,NA,NA,FALSE,NA
"7",7,0.241513725019389,0,NA,NA,FALSE,NA
"8",8,0.146213065218292,0,NA,NA,FALSE,NA
"9",9,0.541324032898936,0,NA,NA,FALSE,NA
"10",10,0.160300330936526,0,NA,NA,FALSE,NA
