"","X","V","Imp","rand"
"1",1,1,0.242791006643716,0.070853497751773
"2",2,2,0.0227997154205895,0.0083309943883146
"3",3,3,0.060108474704258,2.27142098209979e-05
"4",4,4,0.152453406067969,0.0064897781286017
"5",5,5,0.0285806282774351,0.299834685217249
"6",6,6,0.000207728482104038,0.00135197848834901
"7",7,7,0.159420370083885,3.45777013265072e-05
"8",8,8,0.0988109604332755,0.107505224484933
"9",9,9,0.0120409357542271,0.0884330260117542
"10",10,10,0.000727403741384719,0.167139083770955
