"","X","V","Imp","rand"
"1",1,1,0.00993713134468911,0.219372398773855
"2",2,2,0.182224713561617,0.00102410518692803
"3",3,3,0.00137615640015272,0.00501956537504636
"4",4,4,0.0205283946389943,0.268209334717206
"5",5,5,0.052992792642535,0.256351728994653
