"","X","V","Imp","rand"
"1",1,1,0.00993713134468911,0.276513703009526
"2",2,2,0.182224713561617,0.000531107974267808
"3",3,3,0.00137615640015272,0.196348636333118
"4",4,4,0.0205283946389943,0.258802976594502
"5",5,5,0.052992792642535,0.0178022067879222
