"","X","V","Imp","rand"
"1",1,1,0.231816091684209,0.085751956652205
"2",2,2,0.242907913017168,0.043505962254332
"3",3,3,0.00628180081041407,0.0162206874421221
"4",4,4,0.0841876054906882,0.00726876233783576
"5",5,5,0.0867980986467673,0.0310303076724405
"6",6,6,0.0261469428993668,0.0790574241095186
"7",7,7,0.00227388462146521,0.259758661974676
"8",8,8,0.047604872522948,0.0151712704931493
"9",9,9,0.0336783124663531,0.0986720414162863
"10",10,10,0.188626393373008,0.113558809431245
