"","X","V","Imp","rand"
"1",1,1,0.471003593336962,0.168130985627531
"2",2,2,0.473480749803272,0.0568737249708744
"3",3,3,0.253876442110956,0.0271633359058161
"4",4,4,0.00506036635421404,0.497819976412207
"5",5,5,0.335291025624345,8.43514203828708e-06
