"","X","V","Imp","rand"
"1",1,1,0.055750692960207,0.032073637555693
"2",2,2,0.0140751475502476,0.429342222240753
"3",3,3,0.000721381406979698,0.00204340987998837
"4",4,4,0.0101887311616211,0.238717356379989
"5",5,5,0.000190900515414417,0.0478779118063708
