"","V1","effect_size","nonlinear","location","scale","interactions","V2"
"1",1,0.236115846482626,FALSE,NA,NA,FALSE,NA
"2",2,0.0694114813458732,FALSE,NA,NA,FALSE,NA
"3",3,-0.0268585443942835,FALSE,NA,NA,FALSE,NA
"4",4,0.0305210968676094,TRUE,0.994474639802736,0.516853852197528,FALSE,NA
"5",5,-0.0138166752663011,FALSE,NA,NA,FALSE,NA
"6",2,0.00925719380761906,FALSE,NA,NA,TRUE,4
