"","X","V","Imp","rand"
"1",1,1,0.0352711660677038,0.0650218416132459
"2",2,2,0.0126803477177861,0.28151634383716
"3",3,3,0.0227979431902437,0.148344924609241
"4",4,4,0.46201402705873,0.0493216915637742
"5",5,5,0.214459229481308,0.00447901367713296
"6",6,6,0.0117220955879746,0.0310869505091066
"7",7,7,0.0254922887284986,0.0302015121609085
"8",8,8,0.367316357211668,0.00509054173170388
"9",9,9,0.467955646224679,0.0252856819650798
"10",10,10,0.00727776574153379,0.109600974218572
