"","X","V","Imp","rand"
"1",1,1,0.190692554111126,0.0372649047007731
"2",2,2,0.206750995257022,0.0525200394583575
"3",3,3,5.54677173057807e-06,0.229656812739794
"4",4,4,0.0468437032211962,0.0509219138756661
"5",5,5,0.04730516881873,0.379631773419862
