"","V1","effect_size","nonlinear","location","scale","interactions","V2"
"1",1,-0.0540296813127094,TRUE,0.614091066473765,0.247337116859853,FALSE,NA
"2",2,0.137759383014912,FALSE,NA,NA,FALSE,NA
"3",3,-0.00235515853618776,FALSE,NA,NA,FALSE,NA
"4",4,-0.03748946207006,FALSE,NA,NA,FALSE,NA
"5",5,0.0432079317236582,FALSE,NA,NA,FALSE,NA
"6",4,-0.0454382434548937,FALSE,NA,NA,TRUE,5
"7",1,-0.187773347648373,FALSE,NA,NA,TRUE,2
