"","X","V","Imp","rand"
"1",1,1,0.150721826978949,0.260482537960443
"2",2,2,0.14537530036265,0.0289854226307676
"3",3,3,0.394263383298724,0.000677189439392384
"4",4,4,0.00561346659741895,0.0537390638334823
"5",5,5,0.446249109304462,0.40601132656439
