"","X","V","Imp","rand"
"1",1,1,0.182618006465514,0.0705389470388593
"2",2,2,0.0784534757698907,0.264710013058297
"3",3,3,0.179974272740857,0.19217370799014
"4",4,4,0.198283595862415,0.220548815534698
"5",5,5,0.0926382127038757,0.00196697671244527
