"","V1","effect_size","nonlinear","location","scale","interactions","V2"
"1",1,0.089171023857722,TRUE,1.20990020318449,0.158348834831822,FALSE,NA
"2",2,-0.0510386606361782,FALSE,NA,NA,FALSE,NA
"3",3,0.0708970996264965,FALSE,NA,NA,FALSE,NA
"4",4,-0.0749230711958536,TRUE,0.432038599826467,0.249315616012087,FALSE,NA
"5",5,0.238772118852238,TRUE,0.335939535353631,0.244539946317673,FALSE,NA
"6",1,-0.142770355483115,FALSE,NA,NA,TRUE,2
"7",3,0.389236984563275,FALSE,NA,NA,TRUE,5
