"","X","V","Imp","rand"
"1",1,1,0.0597858382196698,0.562624209150438
"2",2,2,0.106642200450536,0.10873908285915
"3",3,3,0.0605923215305744,0.00236747579979754
"4",4,4,0.0240454408111949,0.0641626494961087
"5",5,5,0.103099265841841,0.0120511159709435
