"","X","V","Imp","rand"
"1",1,1,0.00302258160409793,0.0586907051396124
"2",2,2,0.00819720234681243,0.00197535501443622
"3",3,3,0.00479315280903815,0.0667135944660249
"4",4,4,0.0154416682785102,0.000133581466317948
"5",5,5,0.0484033534464532,0.0483458589164617
"6",6,6,0.00662167308858789,0.0106253913050427
"7",7,7,0.0890985837936099,0.104937710182008
"8",8,8,0.0599341066425387,0.0301289675003919
"9",9,9,0.00661112959400293,0.345337398907271
"10",10,10,0.00786479736068731,0.0830514056812022
