"","V1","effect_size","nonlinear","location","scale","interactions","V2"
"1",1,-0.0790178582547113,FALSE,NA,NA,FALSE,NA
"2",2,-0.326561174132101,FALSE,NA,NA,FALSE,NA
"3",3,0.246155076182829,TRUE,-1.42593122800252,1.51197485617342,FALSE,NA
"4",4,0.155065924081324,TRUE,0.329950706377514,0.658672721125185,FALSE,NA
"5",5,0.222614576219377,TRUE,-1.05159027552064,0.0661412100307643,FALSE,NA
"6",1,-0.0535420162965082,FALSE,NA,NA,TRUE,5
