"","X","V","Imp","rand"
"1",1,1,0.01463370446352,0.0204788545088243
"2",2,2,0.00121679820237299,0.0291216302899407
"3",3,3,0.000341465008757943,0.0631185228856944
"4",4,4,0.00830606233371345,0.00226352599013519
"5",5,5,0.0196785935173008,0.033399000139209
"6",6,6,0.0367455611572072,0.0175189490190976
"7",7,7,0.0177706270225348,0.0357374871940642
"8",8,8,0.0477892196578649,0.18143445993801
"9",9,9,0.103397556125867,0.0928376387560779
"10",10,10,0.000117705550146407,0.274086178066793
