"","X","V","Imp","rand"
"1",1,1,0.00906241231863717,0.00372817550435845
"2",2,2,0.0436949146501692,0.0173104195305434
"3",3,3,0.00558244036698049,0.263249128486937
"4",4,4,0.323360693397721,0.443945709597205
"5",5,5,0.311342632997183,0.0217551102441205
