"","V1","effect_size","nonlinear","location","scale","interactions","V2"
"1",1,0.0951967032971057,TRUE,1.31390020742478,1.52675370304825,FALSE,NA
"2",2,0.209033285986154,TRUE,-1.76696963900865,1.80131397946718,FALSE,NA
"3",3,0.0747157303851103,TRUE,-0.579907234716542,1.91288848026636,FALSE,NA
"4",4,-0.263851711504659,FALSE,NA,NA,FALSE,NA
"5",5,0.239999302631071,FALSE,NA,NA,FALSE,NA
"6",4,-0.253742967733783,FALSE,NA,NA,TRUE,5
