"","X","V","Imp","rand"
"1",1,1,0.0142829006334296,0.000737635193998653
"2",2,2,0.0462537895908824,0.00894083385723726
"3",3,3,0.109008825156804,0.0390760708685733
"4",4,4,8.73653780506358e-07,0.151941672707034
"5",5,5,0.00147952298262207,0.0633941888087949
"6",6,6,0.000304662285391013,0.0696663060111973
"7",7,7,0.042784729422881,0.0870422622577169
"8",8,8,0.117201747950607,0.0514832430742185
"9",9,9,0.000138906432011764,0.195098416377047
"10",10,10,0.010871444522145,0.0826162968737585
