"","X","V","Imp","rand"
"1",1,1,0.0154753270436615,0.406542219103346
"2",2,2,0.0191851163986565,0.113556732507318
"3",3,3,0.00686006310062028,0.13650837008047
"4",4,4,0.0489240013608869,0.0369349349917543
"5",5,5,0.159552962564324,0.0564531452173673
