"","X","V","Imp","rand"
"1",1,1,0.0226968708199187,0.0530224247343114
"2",2,2,0.0884650044877772,0.00588209105264754
"3",3,3,0.00575287918987085,0.0595827965346922
"4",4,4,0.0225750109377696,0.018310184333438
"5",5,5,0.0879806215676679,0.00120803879691818
"6",6,6,0.00934603860741558,0.12529360072306
"7",7,7,0.021014254799165,0.00352941513937604
"8",8,8,6.34957900308863e-06,0.0104015650787166
"9",9,9,0.000208253681124553,0.303674518812469
"10",10,10,0.0158840987893683,0.169175670888809
