"","X","V","Imp","rand"
"1",1,1,0.0226968708199187,0.0597113113338085
"2",2,2,0.0884650044877772,0.0072482102317154
"3",3,3,0.00575287918987085,4.28892496439557e-07
"4",4,4,0.0225750109377696,0.00162379154094374
"5",5,5,0.0879806215676679,0.247572907859417
"6",6,6,0.00934603860741558,0.220218526637718
"7",7,7,0.021014254799165,0.0107993718618169
"8",8,8,6.34957900308863e-06,0.119411319201459
"9",9,9,0.000208253681124553,0.0543537852651567
"10",10,10,0.0158840987893683,0.0290444938002754
