"","X","V","Imp","rand"
"1",1,1,0.0177738788024695,0.191774589251758
"2",2,2,0.544714488544683,0.558224763625325
