"","X","V","Imp","rand"
"1",1,1,0.0399208743563669,2.59590433625361e-05
"2",2,2,0.0555349219533762,0.0646462068377569
"3",3,3,0.0387014916093246,0.00935920634672305
"4",4,4,0.0134623547949073,0.0193786925902234
"5",5,5,0.0921646571467732,1.78186818698488e-05
"6",6,6,0.030783676528016,0.108320663759744
"7",7,7,5.45606558403789e-06,0.00178040330357735
"8",8,8,0.118776967858992,0.165232307697339
"9",9,9,0.00945243789027622,0.0446192549425554
"10",10,10,0.12489652176384,0.336612726011738
