"","X","V","Imp","rand"
"1",1,1,0.003617796330628,0.396501571631872
"2",2,2,0.051145615454165,0.0986401852020605
"3",3,3,0.0634890909146837,0.024674570113336
"4",4,4,0.0346725029173295,0.0169750620604627
"5",5,5,0.0103331337586696,8.9776902125524e-05
"6",6,6,0.0363134048920877,0.0154235717605333
"7",7,7,0.00283978255613331,0.00951202057299203
"8",8,8,0.0580388853276887,0.0135072585082958
"9",9,9,0.06074177469893,0.00624884017719979
"10",10,10,0.0338254099281898,0.168410240452087
