"","X","V","Imp","rand"
"1",1,1,0.00851792121385612,0.010267869663498
"2",2,2,0.0455421502594684,0.0208980497900165
"3",3,3,0.155147978552648,0.2190418773351
"4",4,4,0.0651063751130544,0.263929205729584
"5",5,5,0.232638574201243,0.0173577429034807
"6",6,6,0.00412699265484128,0.000538706405318687
"7",7,7,0.00473817451141612,0.00500263054849465
"8",8,8,0.00778953303621854,0.0125012703047427
"9",9,9,0.00856524176095897,0.00262063375925305
"10",10,10,0.0303295634218644,0.197836180001634
