"","V1","effect_size","nonlinear","location","scale","interactions","V2"
"1",1,-0.0922925848259551,0,NA,NA,FALSE,NA
"2",2,0.213406068937761,0,NA,NA,FALSE,NA
"3",3,-0.393888281816873,0,NA,NA,FALSE,NA
"4",4,0.255159509156634,0,NA,NA,FALSE,NA
"5",5,-0.482326211397684,0,NA,NA,FALSE,NA
"6",6,0.0642416738172448,0,NA,NA,FALSE,NA
"7",7,0.0688343991868609,0,NA,NA,FALSE,NA
"8",8,-0.0882583312567065,0,NA,NA,FALSE,NA
"9",9,0.0925485913504845,0,NA,NA,FALSE,NA
"10",10,0.174153849862311,0,NA,NA,FALSE,NA
