"","X","V","Imp","rand"
"1",1,1,0.0399239209568539,0.0314040686309857
"2",2,2,0.0316340694249003,0.186847996521283
"3",3,3,0.0482736886805784,0.0410433310020231
"4",4,4,0.0395863791708403,0.0209398854782681
"5",5,5,0.0821368855559374,0.0828286244081016
"6",6,6,0.191525832517781,0.00164370448779185
"7",7,7,0.0142660142489781,0.0947408652566507
"8",8,8,0.100153623584987,0.000355260354973472
"9",9,9,1.19469742060628e-06,0.198991393721794
"10",10,10,0.0149465869153061,0.0912037426185153
