"","X","V","Imp","rand"
"1",1,1,0.000809500852852179,0.0593406452574636
"2",2,2,0.0750800923252948,0.0120897512248358
"3",3,3,0.170864899097735,0.19306313583151
"4",4,4,0.235707889486205,0.127532373762803
"5",5,5,0.318038235196548,0.35791253678507
