"","X","V","Imp","rand"
"1",1,1,0.0920179900593323,0.0302735417027026
"2",2,2,0.37042146413057,0.199467212499083
"3",3,3,0.15380195895164,0.000638856710543243
"4",4,4,0.0533091558557166,0.490119878045275
"5",5,5,0.249252794730102,0.02949525541188
