"","X","V","Imp","rand"
"1",1,1,0.177524935622658,0.28716302728466
"2",2,2,0.00576664470070325,0.0695314580646169
"3",3,3,0.135457441029612,0.0140654917740936
"4",4,4,0.166035082540231,0.341550821425175
"5",5,5,0.247092071472261,0.0376711184851947
