"","V1","effect_size","nonlinear","location","scale","interactions","V2"
"1",1,-0.175830947420244,TRUE,-0.275439773692425,0.980241721330824,FALSE,NA
"2",2,0.0759384270360089,FALSE,NA,NA,FALSE,NA
"3",3,0.155306408944577,TRUE,0.349238807036084,0.413059650371597,FALSE,NA
"4",4,-0.233875441570676,FALSE,NA,NA,FALSE,NA
"5",5,-0.316991573894803,TRUE,0.682564630456474,0.655762157402933,FALSE,NA
"6",3,0.111337360370352,FALSE,NA,NA,TRUE,4
"7",1,0.146608413551957,FALSE,NA,NA,TRUE,5
