"","X","V","Imp","rand"
"1",1,1,0.00209974845700287,0.00662073424930044
"2",2,2,0.227869220589591,0.0635114936356455
"3",3,3,0.191918375193424,0.0120029816579492
"4",4,4,0.0159229985395669,0.048234442383677
"5",5,5,0.0202610057230066,0.118248195385327
"6",6,6,0.0119421173161068,0.0481264808760765
"7",7,7,0.18764355616636,0.0344274366624371
"8",8,8,0.109952763845747,0.244470649630739
"9",9,9,0.0534199466048445,0.10404201431455
"10",10,10,0.0133909943974922,0.0703078617822107
