"","X","V","Imp","rand"
"1",1,1,0.00209974845700287,1.69518689598526e-05
"2",2,2,0.227869220589591,0.309625549975251
"3",3,3,0.191918375193424,0.0020137022169979
"4",4,4,0.0159229985395669,0.0988574217086177
"5",5,5,0.0202610057230066,0.124834342265042
"6",6,6,0.0119421173161068,0.0437846129824416
"7",7,7,0.18764355616636,0.140422463243575
"8",8,8,0.109952763845747,0.0176464942239903
"9",9,9,0.0534199466048445,0.012697643421236
"10",10,10,0.0133909943974922,8.29832042910963e-05
