"","X","V","Imp","rand"
"1",1,1,0.137829955916679,0.0136268442670394
"2",2,2,0.209539123475416,0.411034500343154
"3",3,3,0.0351600756873487,0.0664706114426906
"4",4,4,0.277472982651127,0.105305320220618
"5",5,5,0.0729887391490919,0.153559609569187
