"","V1","effect_size","nonlinear","location","scale","interactions","V2"
"1",1,-0.371254570230023,TRUE,-0.188550164992268,3.41424607468729,FALSE,NA
"2",2,-0.389529533484752,FALSE,NA,NA,FALSE,NA
"3",3,-0.0748691523400712,TRUE,0.471982322592558,0.615516059100628,FALSE,NA
"4",4,0.468686586785412,FALSE,NA,NA,FALSE,NA
"5",5,0.208408381390634,TRUE,-0.243169831197981,0.36850819317624,FALSE,NA
"6",2,-0.0578058660185674,FALSE,NA,NA,TRUE,4
"7",3,-0.0295546857152279,FALSE,NA,NA,TRUE,5
