"","X","V","Imp","rand"
"1",1,1,0.0135078132523649,0.0488137158915359
"2",2,2,0.0712262273846487,0.00236414406535153
"3",3,3,0.0653583669208552,0.0322604562231092
"4",4,4,0.0268837189834487,0.661705019308279
"5",5,5,0.0105168336405096,0.00484736005345279
