"","X","V","Imp","rand"
"1",1,1,0.0162709109319905,0.119989495551178
"2",2,2,0.0663109526707414,0.0107372626255973
"3",3,3,0.0073818338085954,0.525593240785672
"4",4,4,0.0770865121230128,0.00899230386162364
"5",5,5,0.0829811585956297,0.0846865213626082
