"","X","V","Imp","rand"
"1",1,1,0.0648384377216578,0.000518825875162989
"2",2,2,0.00397400521538676,0.27339608626112
"3",3,3,0.0622578764613066,0.00735195212397667
"4",4,4,0.00859877105472524,0.0209983449689522
"5",5,5,0.00564378053817141,0.0455697639381516
"6",6,6,3.45055419377602e-06,4.6440178158777e-05
"7",7,7,0.00731203137729258,0.00665081515852282
"8",8,8,0.0212680230640474,0.131637095941864
"9",9,9,3.013216213002e-06,0.256558136473945
"10",10,10,0.000963321939983719,0.00730449220274763
