"","X","V","Imp","rand"
"1",1,1,0.0029513702296145,0.00100799702660799
"2",2,2,0.0603791328541785,0.192712616210749
"3",3,3,0.00970389535011255,0.188280805651528
"4",4,4,0.0565180474463548,0.352410909848651
"5",5,5,0.438131310423975,0.0155860367876859
