"","X","V","Imp","rand"
"1",1,1,0.0029513702296145,0.0930419592587084
"2",2,2,0.0603791328541785,0.37743293013212
"3",3,3,0.00970389535011255,0.0290134427276119
"4",4,4,0.0565180474463548,0.245415886149945
"5",5,5,0.438131310423975,0.00499677599793291
