"","X","V","Imp","rand"
"1",1,1,0.173975304629238,0.231969962063215
"2",2,2,0.130367037879973,0.338115661712789
"3",3,3,0.00265983565846207,0.0466732693654447
"4",4,4,0.0807070634426903,0.00213979600213825
"5",5,5,0.0512811330298971,0.131094471290533
