"","X","V","Imp","rand"
"1",1,1,0.0650953559756202,0.441365360939099
"2",2,2,0.0884471893806319,0.308626120804434
