"","X","V","Imp","rand"
"1",1,1,0.409947108698106,0.0865657652218045
"2",2,2,0.0237571438746857,0.175207611554155
"3",3,3,0.00404400401140451,0.0373270844859573
"4",4,4,0.00291889116836845,0.221043724183421
"5",5,5,0.00171282158500003,0.00413676275257355
"6",6,6,0.0298144410901642,0.0861347974129558
"7",7,7,0.00630225889977598,0.0776556427766733
"8",8,8,3.16380646646251e-05,0.0133462001560493
"9",9,9,1.84522343343173e-06,0.0377440676689481
"10",10,10,0.0839667693953057,0.0108242573723686
