"","X","V","Imp","rand"
"1",1,1,0.0787923028613908,0.0261948312201376
"2",2,2,0.0270617810809087,0.1986731830426
"3",3,3,1.41948200118414e-05,0.0428063039497034
"4",4,4,0.119088438960953,0.455429049217353
"5",5,5,0.0250694756140782,0.0269143393049503
