"","V1","effect_size","nonlinear","location","scale","interactions","V2"
"1",1,-0.280699666657071,TRUE,-0.355745400342426,1.90740705831888,FALSE,NA
"2",2,0.164504653675538,FALSE,NA,NA,FALSE,NA
"3",3,0.00376760136052653,TRUE,-0.44799580603388,0.367971738334745,FALSE,NA
"4",4,0.345091928275572,TRUE,-0.807273989999971,0.244428631383926,FALSE,NA
"5",5,-0.158333431763725,FALSE,NA,NA,FALSE,NA
