"","X","V","Imp","rand"
"1",1,1,0.108889655114387,0.398732013725051
"2",2,2,0.453610144084,0.351347746856856
