"","X","V","Imp","rand"
"1",1,1,0.108889655114387,0.739616273035394
"2",2,2,0.453610144084,0.0103826193612207
