"","X","V","Imp","rand"
"1",1,1,0.108889655114387,0.331371573400348
"2",2,2,0.453610144084,0.418590382168742
