"","X","V","Imp","rand"
"1",1,1,0.340001246167285,0.181574573335726
"2",2,2,0.222490586050484,0.568419105401176
