"","X","V","Imp","rand"
"1",1,1,0.00154693675322022,0.0569430412846876
"2",2,2,0.00113379276816551,0.290514604631529
"3",3,3,0.000261458446584455,0.0385817100331046
"4",4,4,0.109036912567323,0.322496656070542
"5",5,5,0.138019221185988,0.0414640122757342
