"","X","V","Imp","rand"
"1",1,1,0.0596198562358295,0.0365293845041959
"2",2,2,0.00409373090237852,0.124264129417227
"3",3,3,0.112358591375398,0.00547802950697557
"4",4,4,0.0570300396900331,0.0299265571873634
"5",5,5,0.00373445700575057,0.000685575591049885
"6",6,6,0.00690662664276872,0.0539583892332595
"7",7,7,0.00560906987990895,0.0118044568309365
"8",8,8,0.0273709369082802,0.118780694874884
"9",9,9,0.00199341077999996,0.111781953366959
"10",10,10,0.0603332603495211,0.256777633060472
