"","V1","effect_size","nonlinear","location","scale","interactions","V2"
"1",1,0.0393311168570156,TRUE,-2.04114150605907,0.00492581259459257,FALSE,NA
"2",2,0.0336718393938542,TRUE,-0.678493323873305,0.792982389177096,FALSE,NA
"3",3,-0.0161696767619039,TRUE,-0.0870212385893387,0.193205690942705,FALSE,NA
"4",4,0.330207378123692,FALSE,NA,NA,FALSE,NA
"5",5,-0.371509382366029,FALSE,NA,NA,FALSE,NA
