"","X","V","Imp","rand"
"1",1,1,0.00566028604060227,0.00982166067270603
"2",2,2,0.130325193686582,0.178100024941761
"3",3,3,0.000356785392723197,0.0944439453649757
"4",4,4,0.0310095799526392,0.0549197190922542
"5",5,5,0.0128050882132061,0.0396957106749566
"6",6,6,0.0940433791987585,0.0235652031165658
"7",7,7,0.0207420190601466,0.230753019724913
"8",8,8,0.128728353240724,0.000197228681065093
"9",9,9,0.156287449244636,0.105958777958087
"10",10,10,0.17314189208485,0.0125386159329693
