"","X","V","Imp","rand"
"1",1,1,0.081326474040621,0.172007442838521
"2",2,2,0.0442588054899708,0.0847832072231792
"3",3,3,0.191190209385055,0.147072343568208
"4",4,4,0.184712926350157,0.26690362473531
"5",5,5,0.0610071786308956,0.0792295077094173
