"","X","V","Imp","rand"
"1",1,1,0.263215287421008,0.583878949388505
"2",2,2,0.0131752344691573,0.116412479530062
"3",3,3,0.368596883457936,0.00138014194574236
"4",4,4,0.0291354224067355,0.00702172736960905
"5",5,5,0.133122067548902,0.0413036443206545
