"","X","V","Imp","rand"
"1",1,1,0.26172543657827,0.159884449976433
"2",2,2,0.052883760161447,0.296389819192686
"3",3,3,0.0409412062326338,0.0164176104910643
"4",4,4,0.28222031695088,0.0398150613852434
"5",5,5,0.0151425279644802,0.237552709890492
