"","X","V","Imp","rand"
"1",1,1,0.0583129074365023,0.429483126013704
"2",2,2,0.114342076255867,0.320516275693602
