"","V1","effect_size","nonlinear","location","scale","interactions","V2"
"1",1,-0.185511174742607,TRUE,0.7927259198682,1.2751085795042,FALSE,NA
"2",2,-0.229964693293225,TRUE,-0.623227682276444,0.403037693817168,FALSE,NA
"3",3,0.202339334368367,FALSE,NA,NA,FALSE,NA
"4",4,-0.234327284640504,TRUE,0.241950663310804,0.654781961347908,FALSE,NA
"5",5,0.123054979437974,FALSE,NA,NA,FALSE,NA
"6",1,0.227311040623888,FALSE,NA,NA,TRUE,4
