"","X","V","Imp","rand"
"1",1,1,0.0250110571323815,0.248904347486145
"2",2,2,0.191646498653613,0.00200007217331755
"3",3,3,0.202480358943554,0.00619511745475232
"4",4,4,0.140702961734873,0.00193101149866979
"5",5,5,0.00700961070331001,0.000249802773997495
"6",6,6,0.056784911463316,0.00920004254745538
"7",7,7,0.078150612077183,0.0326199415635102
"8",8,8,0.000793367850350993,0.24247360474362
"9",9,9,0.0285970027213298,0.111676891389826
"10",10,10,0.438873311422198,0.0946226573488687
