"","X","V","Imp","rand"
"1",1,1,0.0250110571323815,0.137578130154021
"2",2,2,0.191646498653613,0.198891907334472
"3",3,3,0.202480358943554,0.0152464985034161
"4",4,4,0.140702961734873,0.148537907241467
"5",5,5,0.00700961070331001,0.0803992464104472
"6",6,6,0.056784911463316,0.0074855680524562
"7",7,7,0.078150612077183,0.0100753603165782
"8",8,8,0.000793367850350993,0.0155704281259262
"9",9,9,0.0285970027213298,0.0212761477508719
"10",10,10,0.438873311422198,0.114932467531358
