"","X","V","Imp","rand"
"1",1,1,0.000214046964626983,0.0126064004017504
"2",2,2,0.495715658019957,0.110290335074685
"3",3,3,4.5274518290422e-05,0.0103835948103841
"4",4,4,0.0430420436262604,0.596505885103254
"5",5,5,0.0234732656014974,0.0201412481103949
