"","X","V","Imp","rand"
"1",1,1,0.00257373079005734,0.164207249119498
"2",2,2,0.0194480675225818,0.00017071481253028
"3",3,3,0.009019550467825,0.139439130855887
"4",4,4,0.103566140822692,0.126902334130212
"5",5,5,0.358003280358606,0.0520865906788352
"6",6,6,0.00146331588634627,4.11621389112962e-08
"7",7,7,0.313735501427702,0.0278363091829903
"8",8,8,0.331052853958374,0.00211778542676201
"9",9,9,0.0827099875513139,0.229284574351783
"10",10,10,0.418249846717856,0.00795232457564658
