"","X","V","Imp","rand"
"1",1,1,0.0168283673584511,0.0110903458754922
"2",2,2,1.76613974808779e-06,0.300623577643372
"3",3,3,0.107216231617772,0.341187593313966
"4",4,4,0.117628552055624,0.00479135919547793
"5",5,5,0.00894494601192971,0.0923906720240775
