"","V1","effect_size","nonlinear","location","scale","interactions","V2"
"1",1,-0.0900420299212446,FALSE,NA,NA,FALSE,NA
"2",2,0.00132896190618384,FALSE,NA,NA,FALSE,NA
"3",3,0.133580683514166,FALSE,NA,NA,FALSE,NA
"4",4,0.168095566407814,TRUE,0.340047387245891,0.297509997764929,FALSE,NA
"5",5,-0.0149714997851573,FALSE,NA,NA,FALSE,NA
"6",3,-0.0893724326096606,FALSE,NA,NA,TRUE,4
"7",1,0.00872080020611274,FALSE,NA,NA,TRUE,5
