"","X","V","Imp","rand"
"1",1,1,0.566116751486601,0.243151910622758
"2",2,2,0.111595148315603,0.361364745949111
"3",3,3,0.355643959242084,0.0179875988060908
"4",4,4,0.4924943809439,0.0921398980921227
"5",5,5,0.3625883101182,0.0354654728644653
