"","X","V","Imp","rand"
"1",1,1,0.157984801562228,0.212336405401741
"2",2,2,0.0155561315493427,0.00288278890290722
"3",3,3,0.04038434300903,0.00114293894197678
"4",4,4,0.0169169571632427,0.0301627218419388
"5",5,5,0.112820325079882,0.503580768033885
