"","X","V","Imp","rand"
"1",1,1,0.00832729206412007,0.0124831362428174
"2",2,2,0.000255510844579802,0.092084198337981
"3",3,3,0.0635819473512151,0.00354237534394449
"4",4,4,3.75670336361734e-05,0.0491937929658159
"5",5,5,0.000224342686188488,0.134277712278583
"6",6,6,0.00271884318774883,0.00488760591274414
"7",7,7,0.00309606907012374,0.0731427816291999
"8",8,8,0.00541943787555318,0.0168761956668442
"9",9,9,0.00123384748176912,0.180659697954011
"10",10,10,0.0548291443610606,0.182839802391212
