"","X","V","Imp","rand"
"1",1,1,0.0110997053254583,0.0106326181259443
"2",2,2,0.044614113582374,0.0647548665185042
"3",3,3,0.00228279809797629,0.00393573074926462
"4",4,4,0.00105959822698328,0.000392554455157167
"5",5,5,0.0916196359439034,0.0517180204053304
"6",6,6,0.021682558384853,0.20828926609358
"7",7,7,0.0482824711594501,0.303404885402083
"8",8,8,0.00362536381973461,0.0751240121825507
"9",9,9,0.0571802139350756,0.00127262782825551
"10",10,10,0.0442643920526779,0.0304689469593632
