"","X","V","Imp","rand"
"1",1,1,0.171608492778502,0.69160837647003
"2",2,2,0.114482600528811,0.00880999229841329
"3",3,3,0.276285195228551,0.00117015796641658
"4",4,4,0.000419217869444608,0.0371965243935609
"5",5,5,9.80429544580749e-06,0.0112489833483723
