"","X","V","Imp","rand"
"1",1,1,0.0791355025508065,0.0220072899800686
"2",2,2,0.0958887200568546,0.0041574365486284
"3",3,3,0.0127367941781179,0.092475384915827
"4",4,4,0.0260628772289569,0.150250704712132
"5",5,5,0.178083943684271,0.48109251488513
