"","X","V","Imp","rand"
"1",1,1,0.110588488439673,0.485409613480532
"2",2,2,0.139394479398946,0.264589953541722
