"","X","V","Imp","rand"
"1",1,1,0.00903685198956305,7.04440129745794e-05
"2",2,2,0.00382350761769352,0.0017720746783128
"3",3,3,0.00903262384112125,0.152925959927562
"4",4,4,0.0321601158596531,0.546187007067536
"5",5,5,0.00847057420649593,0.0490405020829736
