"","X","V","Imp","rand"
"1",1,1,0.0202259089005564,0.000742078903455196
"2",2,2,1.21458524122268e-05,0.208594986069901
"3",3,3,0.0473268081302303,0.000437262590481786
"4",4,4,0.00353293208169673,0.0307673037796026
"5",5,5,0.047287507535249,0.00302936102256335
"6",6,6,0.00330004296536861,0.102763887517333
"7",7,7,0.0251309122456857,0.00185883863183183
"8",8,8,0.0392068496667199,0.284242965998806
"9",9,9,0.0315247658951415,0.0573418490388746
"10",10,10,0.0324467982361011,0.0602203874900498
