"","X","V","Imp","rand"
"1",1,1,0.000882499293948803,0.023820074905474
"2",2,2,0.00410131506268015,0.000524386417586037
"3",3,3,0.0349240647863407,0.368502999545935
"4",4,4,0.100170492350978,0.00171904500209145
"5",5,5,0.00808056079137315,0.000633119119092661
"6",6,6,0.040837132137038,0.0721045020613449
"7",7,7,0.0117905483983877,0.143953184475631
"8",8,8,0.0473961079704828,0.0407471207470584
"9",9,9,0.00171593696297163,0.0104760477424585
"10",10,10,0.000193194808371439,0.0875183244337046
