"","X","V","Imp","rand"
"1",1,1,1.42211141997701e-09,0.00770368719737555
"2",2,2,0.000234521265662724,0.284531195577327
"3",3,3,0.000454191613692318,0.052401051221586
"4",4,4,0.0252275256418571,0.0502500048474722
"5",5,5,0.0445475408076658,0.0360327947429045
"6",6,6,0.102299706732324,0.0287881408117397
"7",7,7,0.0122342937537684,0.0629619830693508
"8",8,8,0.0426281150252348,0.0816787966559348
"9",9,9,0.0219844706475265,0.0993295796966205
"10",10,10,0.000366406688272817,0.0463075787366954
