"","X","V","Imp","rand"
"1",1,1,0.0348265341738838,0.375001185894988
"2",2,2,0.269450120556727,0.188600823696645
"3",3,3,0.26436651307235,0.0310424737037325
"4",4,4,0.028867464237698,0.0330520265591065
"5",5,5,0.0944619886277284,0.122298019204266
