"","X","V","Imp","rand"
"1",1,1,0.179431786016286,0.261453269284999
"2",2,2,0.40565280001578,0.0143730279044811
"3",3,3,0.395584432199792,0.374576179530675
"4",4,4,0.693171552564667,5.98333405788622e-05
"5",5,5,0.00221092905168806,0.0995302663910734
