"","X","V","Imp","rand"
"1",1,1,0.00625133667352142,0.0665107948077883
"2",2,2,0.0593645012651991,0.407262875918869
"3",3,3,0.00992817590286737,0.262315407111838
"4",4,4,0.11701888263569,0.00145177322976164
"5",5,5,0.164066474974217,0.012455761942269
