"","X","V","Imp","rand"
"1",1,1,0.0408230209542533,0.00447939084121802
"2",2,2,0.00765694654626362,0.184307313019984
"3",3,3,0.0044160412757773,0.38979729071688
"4",4,4,0.0125316525903824,0.0233868641851155
"5",5,5,0.0450863790184089,0.0603987719976626
"6",6,6,0.00315365898494392,0.00170146001402688
"7",7,7,0.006498790746663,0.0237146346489444
"8",8,8,0.00752037672622976,0.0127653384486558
"9",9,9,0.00171186214035793,0.00331726830565256
"10",10,10,0.125111817543608,0.046058800765826
