"","V1","effect_size","nonlinear","location","scale","interactions","V2"
"1",1,0.0790653949178869,FALSE,NA,NA,FALSE,NA
"2",2,0.124945265436253,TRUE,-1.31965545923556,0.0113101750612259,FALSE,NA
"3",3,0.0996402323505288,FALSE,NA,NA,FALSE,NA
"4",4,-0.081523620725904,FALSE,NA,NA,FALSE,NA
"5",5,0.0997021121367298,FALSE,NA,NA,FALSE,NA
"6",4,-0.110372781899429,FALSE,NA,NA,TRUE,5
"7",2,0.0437531819102634,FALSE,NA,NA,TRUE,5
