"","X","V","Imp","rand"
"1",1,1,0.117801745026936,0.000145977056818132
"2",2,2,0.00272171657718885,0.00232413075904595
"3",3,3,0.170879451629005,0.289726054198987
"4",4,4,0.00480220198312527,0.0503950847241789
"5",5,5,0.00257563501540121,0.130649000503217
"6",6,6,0.0217918307719258,0.0145255388833117
"7",7,7,0.00020547263773546,0.104827221140809
"8",8,8,0.196883874294117,0.122796220943732
"9",9,9,0.0448191258970768,0.0141177418071935
"10",10,10,1.51321548803247e-05,0.0204922984245775
