"","X","V","Imp","rand"
"1",1,1,0.00119073599333777,0.202551594538977
"2",2,2,0.00305080041834538,0.108894575528085
"3",3,3,0.00338701657401176,0.00544468661130558
"4",4,4,0.0119632750064014,0.0769654684074283
"5",5,5,0.278767512437705,0.0685459691355609
"6",6,6,0.0491649038187971,0.187734360969348
"7",7,7,0.0111772973414808,0.0002684255714674
"8",8,8,0.150861444906654,0.0642130791284963
"9",9,9,0.0525652794838416,0.0223546815700324
"10",10,10,0.000370861368467083,0.0130218972008723
