"","X","V","Imp","rand"
"1",1,1,0.313717116349366,0.558098049037667
"2",2,2,0.772962677023721,0.191862967746689
