"","X","V","Imp","rand"
"1",1,1,0.0485984611305955,0.049011871440217
"2",2,2,0.0136146974713931,0.0486848196184916
"3",3,3,0.0257683372642107,0.0680488305872892
"4",4,4,0.00580911427492372,0.123043011479807
"5",5,5,0.0147025898161732,0.268587746904707
"6",6,6,0.0155175052271682,0.0593402739740556
"7",7,7,0.0282424088377642,4.2734674949684e-05
"8",8,8,0.176966056210754,0.0809353196800229
"9",9,9,0.0994711133962292,0.0112334637794528
"10",10,10,0.133837425363051,0.0410194816787918
