"","X","V","Imp","rand"
"1",1,1,0.0141592692292193,0.0780007719507176
"2",2,2,0.00918597086373462,0.00470487912801598
"3",3,3,0.0260695621559543,0.0228662896026126
"4",4,4,0.114423246086615,0.0885961679080907
"5",5,5,0.00279716044622486,0.0758459980134672
"6",6,6,0.00265483180420104,0.0496907576740768
"7",7,7,7.13039496011541e-05,0.0469247488628578
"8",8,8,0.108735447011859,0.144006736265405
"9",9,9,0.00180119717527028,0.199465080807455
"10",10,10,1.78909054068779e-06,0.0398961204600197
