"","X","V","Imp","rand"
"1",1,1,0.0212771601144789,0.00878163736434549
"2",2,2,0.431678874378583,0.536042015928492
"3",3,3,0.0129823472935259,0.0916288737162227
"4",4,4,0.00963243992081993,0.027575422111215
"5",5,5,0.359551455289434,0.0859545137358023
