"","X","V","Imp","rand"
"1",1,1,0.0056252516968258,0.0595680144972485
"2",2,2,0.00207125433598642,0.00035501387254563
"3",3,3,0.00222366580272708,0.0667392697028828
"4",4,4,0.139040331430339,0.180168835694856
"5",5,5,0.0597535704003066,0.010098008603213
"6",6,6,0.0119826727588656,0.133800238167966
"7",7,7,0.177483395499009,0.0848878955332949
"8",8,8,0.0325394812962184,0.087658781843138
"9",9,9,0.0387347725124062,1.00240411842201e-05
"10",10,10,0.00230972652372195,0.126709599033701
