"","X","V","Imp","rand"
"1",1,1,1.86766237817389e-05,0.0972283089502019
"2",2,2,0.166793812199746,0.000551100888165098
"3",3,3,0.0392549653589956,0.0350142252124797
"4",4,4,0.175563723784641,0.0601906327882655
"5",5,5,0.0392776614251468,0.557011913294665
