"","X","V","Imp","rand"
"1",1,1,0.0842038387964672,0.00315263541821062
"2",2,2,0.03179052233786,0.0528692750133558
"3",3,3,0.00302933877210321,0.0238667976675336
"4",4,4,0.00263727969456218,0.0925624977459595
"5",5,5,0.128338615217469,0.577537966583366
