"","V1","effect_size","nonlinear","location","scale","interactions","V2"
"1",1,0.00432164595747256,FALSE,NA,NA,FALSE,NA
"2",2,-0.113985241291778,FALSE,NA,NA,FALSE,NA
"3",3,0.0360524678880578,FALSE,NA,NA,FALSE,NA
"4",4,0.147521343598951,TRUE,0.762609839773395,0.577534970361739,FALSE,NA
"5",5,0.0363658700840588,FALSE,NA,NA,FALSE,NA
"6",3,-0.0379551849181762,FALSE,NA,NA,TRUE,5
"7",2,0.153801176967401,FALSE,NA,NA,TRUE,4
