"","X","V","Imp","rand"
"1",1,1,0.169522076401246,0.696500989838016
"2",2,2,0.124345623065618,0.0534905476247906
