"","X","V","Imp","rand"
"1",1,1,0.00185146588661834,0.176689641333544
"2",2,2,0.0104741032728745,0.0584584075862568
"3",3,3,0.447682077129795,0.078729982153576
"4",4,4,0.397003420313485,0.00131230962431438
"5",5,5,0.0255403340149163,0.434807861077368
