"","X","V","Imp","rand"
"1",1,1,0.000763727942115947,0.000172776090358646
"2",2,2,0.230846780342202,0.0351811912588294
"3",3,3,0.00411961277835923,0.010155177232294
"4",4,4,0.0263927046676608,0.156913392705789
"5",5,5,0.034931930647751,0.0545571149425321
"6",6,6,1.0134430420566e-05,0.0244009609347548
"7",7,7,0.00345430418696437,0.101173320180881
"8",8,8,0.0895926158535408,0.240503291121981
"9",9,9,0.00342178727538947,0.0814269971728956
"10",10,10,0.255149057608789,0.0454490249119968
