"","X","V","Imp","rand"
"1",1,1,0.011711014144471,0.330363446523066
"2",2,2,0.450378307152538,0.116165453278452
"3",3,3,0.00439115420355525,0.000493038792195739
"4",4,4,0.000892621905990291,0.0413829898112445
"5",5,5,0.000902292508219676,0.194318027139633
"6",6,6,0.0476584062670505,0.0332619910657772
"7",7,7,0.0777616478260925,0.00847129081193181
"8",8,8,0.036983780668577,0.00247600735860354
"9",9,9,3.47514449257111e-05,0.00466813482177166
"10",10,10,0.0843567206947398,0.0183968294572589
