"","X","V","Imp","rand"
"1",1,1,0.0413809678621576,0.448292956872371
"2",2,2,0.0722881711437626,0.0197739829126938
"3",3,3,0.0606428329390462,0.106984201396762
"4",4,4,0.0631234529227805,0.162671747201008
"5",5,5,0.0125636192175066,0.012263029453359
