"","X","V","Imp","rand"
"1",1,1,0.004456791385843,0.0422833371377598
"2",2,2,0.010442387222074,0.172297800523691
"3",3,3,0.0792318087165743,0.000591850676516582
"4",4,4,0.0500611486349553,0.144653126358467
"5",5,5,0.0304981606320784,0.000495802315740288
"6",6,6,0.287993248147575,0.0417376540129226
"7",7,7,0.0163897217441873,0.0118200877859405
"8",8,8,0.00943591762775008,0.00144112697262683
"9",9,9,0.0525364831442362,0.220495340022146
"10",10,10,0.0214437891362826,0.114052015835172
