"","V1","effect_size","nonlinear","location","scale","interactions","V2"
"1",1,0.0667592045027725,0,NA,NA,FALSE,NA
"2",2,-0.102187999403423,0,NA,NA,FALSE,NA
"3",3,-0.281481453592549,0,NA,NA,FALSE,NA
"4",4,-0.223743488474984,0,NA,NA,FALSE,NA
"5",5,0.174637225791291,0,NA,NA,FALSE,NA
"6",6,0.536650023895998,0,NA,NA,FALSE,NA
"7",7,-0.128022348612214,0,NA,NA,FALSE,NA
"8",8,0.0971386515644009,0,NA,NA,FALSE,NA
"9",9,0.229208383669176,0,NA,NA,FALSE,NA
"10",10,-0.146436980084549,0,NA,NA,FALSE,NA
