"","X","V","Imp","rand"
"1",1,1,0.143079296035359,0.0935837074805606
"2",2,2,0.0571430022657727,0.0041500047789751
"3",3,3,0.0242512823938017,0.0476552426418341
"4",4,4,0.134394164330378,0.0770226548236955
"5",5,5,0.141477447766401,0.527660497438133
