"","X","V","Imp","rand"
"1",1,1,0.0140409792201786,0.327527048532842
"2",2,2,0.0133900320480271,0.0375059264039938
"3",3,3,0.0478690582189206,0.24929986838489
"4",4,4,0.071563532732404,0.0884750750076051
"5",5,5,0.000290495831766903,0.0471847862333884
