"","X","V","Imp","rand"
"1",1,1,0.0497112501790385,0.0410392858655497
"2",2,2,0.0446826229506941,0.0813534934943954
"3",3,3,4.66975434444999e-05,0.0602747336839494
"4",4,4,0.0527869049622306,0.0868850727910084
"5",5,5,0.0651130662863437,0.0739160809620587
"6",6,6,0.000368049228659143,0.0311380624811739
"7",7,7,0.0131214614752282,0.177640059593211
"8",8,8,0.00856060987515611,0.0168786804188008
"9",9,9,0.0185746855595446,0.0306706451428725
"10",10,10,0.00745834501998133,0.150202297529346
