"","X","V","Imp","rand"
"1",1,1,0.400893194011707,0.0468926944436055
"2",2,2,0.0301617389025633,0.437599002952308
"3",3,3,0.302367033260671,0.00361420400617377
"4",4,4,0.00365707387726023,0.244237981834012
"5",5,5,0.00227544530460841,0.0176554803171834
