"","X","V","Imp","rand"
"1",1,1,0.216251329424139,0.0539141363360638
"2",2,2,0.217394883605622,0.696079164596354
