"","X","V","Imp","rand"
"1",1,1,0.216251329424139,0.59748345869405
"2",2,2,0.217394883605622,0.152512663514926
