"","X","V","Imp","rand"
"1",1,1,0.458423017532899,0.227955946031447
"2",2,2,0.687028970611532,0.127803775656502
"3",3,3,0.0972479440973765,0.349527753012255
"4",4,4,0.0208806089291087,0.0047093071275324
"5",5,5,0.00073504537891826,0.0400449056058358
