"","V1","effect_size","nonlinear","location","scale","interactions","V2"
"1",1,0.0669595140709079,TRUE,1.34216081066422,1.46338015786352,FALSE,NA
"2",2,0.482793464747862,TRUE,-1.8321169186998,0.678461587522179,FALSE,NA
"3",3,-0.311846026265169,TRUE,1.00461717533669,0.0216511113670391,FALSE,NA
"4",4,-0.144501241963897,FALSE,NA,NA,FALSE,NA
"5",5,0.0271117203238426,FALSE,NA,NA,FALSE,NA
"6",1,-0.453939441008287,FALSE,NA,NA,TRUE,2
