"","X","V","Imp","rand"
"1",1,1,0.319456603621223,0.247884820192067
"2",2,2,0.264885511618699,0.0500262195087959
"3",3,3,0.0622837246639054,0.0729364144960658
"4",4,4,0.316297836297918,0.0644518923476316
"5",5,5,0.264667759950705,0.314691218280568
