"","X","V","Imp","rand"
"1",1,1,0.00100575957606731,0.181417658150758
"2",2,2,0.00645438992370416,0.0102945065359273
"3",3,3,0.000403873120093176,0.119117073749602
"4",4,4,0.000102919753643034,0.12102443905853
"5",5,5,0.00539980105943347,0.00452750579977896
"6",6,6,0.00387302560434279,0.0805230119440905
"7",7,7,0.0109457711988204,0.0621753944183624
"8",8,8,0.00195564716792357,0.00856973794748095
"9",9,9,0.0043067178429645,0.0054472829388909
"10",10,10,0.0280167173092838,0.156776406764869
