"","V1","effect_size","nonlinear","location","scale","interactions","V2"
"1",1,0.0636196867753765,FALSE,NA,NA,FALSE,NA
"2",2,0.0949943642091245,TRUE,-0.15039574591379,0.321667249535298,FALSE,NA
"3",3,0.249567074478797,FALSE,NA,NA,FALSE,NA
"4",4,-0.0298110251768094,TRUE,-0.178552601007327,1.94551338992062,FALSE,NA
"5",5,0.0938412359440248,TRUE,-0.590157740496495,0.227271034382284,FALSE,NA
"6",1,-0.315409139075826,FALSE,NA,NA,TRUE,4
"7",2,-0.255861582387203,FALSE,NA,NA,TRUE,5
