"","X","V","Imp","rand"
"1",1,1,1.72022960214513e-05,0.00787236254178187
"2",2,2,0.000625088867972472,0.0234693703898825
"3",3,3,0.227449656479132,0.034773695053243
"4",4,4,0.266643072175503,0.00710736040964894
"5",5,5,0.010087565391037,0.0154554579385113
"6",6,6,0.0826789331258805,0.193361763257503
"7",7,7,0.196845698901929,0.0484948333275785
"8",8,8,0.112771684108597,0.399919575054969
"9",9,9,0.00230529714377713,0.0120132454855851
"10",10,10,0.00322319949397262,0.00747787273127521
