"","X","V","Imp","rand"
"1",1,1,0.000143926142520169,0.0558369676423027
"2",2,2,0.0411993262958608,0.0812425887876191
"3",3,3,0.0371300913205206,0.0382477011924246
"4",4,4,0.00599525679292592,0.00416598376254741
"5",5,5,0.00280559872157881,0.0145621630823898
"6",6,6,0.00367232932068686,0.0772454911684364
"7",7,7,0.0147561370576468,0.0636057088525387
"8",8,8,0.00984516688284792,0.0827819516125481
"9",9,9,0.00228358888606153,0.263616455798492
"10",10,10,0.0150396920059691,0.0686425251154636
