"","X","V","Imp","rand"
"1",1,1,0.660616648303827,0.211821351912201
"2",2,2,0.0633608678536134,0.515975643415409
"3",3,3,0.702943429393265,0.000435038281154339
"4",4,4,0.00119359840446519,0.0156559616799589
"5",5,5,0.0132110295171871,0.00622115937815854
