"","X","V","Imp","rand"
"1",1,1,0.0538838293963451,0.0285662322514643
"2",2,2,0.00386488053097101,0.148831439887783
"3",3,3,0.00169686752662676,0.505897639934332
"4",4,4,0.0356637760910229,0.0577576152207651
"5",5,5,0.0704137974853445,0.00894189185180612
