"","X","V","Imp","rand"
"1",1,1,0.286013635407304,8.99738480606243e-06
"2",2,2,0.058454596623844,0.67695111838209
"3",3,3,0.00249020261600981,0.0540985651643911
"4",4,4,0.264835264563978,0.0165052137446875
"5",5,5,0.0661259897209357,0.00243541914783756
