"","X","V","Imp","rand"
"1",1,1,0.130302539017109,0.154537563713994
"2",2,2,3.06236660480554e-06,0.102512814953723
"3",3,3,0.115576568695088,0.0217924540676494
"4",4,4,0.0989504357461658,0.24925388937693
"5",5,5,0.147787601666489,0.221899302577258
