"","X","V","Imp","rand"
"1",1,1,0.0298138327933042,0.00631903959715463
"2",2,2,0.0804394741040463,0.194626139959273
"3",3,3,0.272516805310803,0.00579377280792766
"4",4,4,0.000288607913805952,0.000765739185872557
"5",5,5,0.179437830127302,0.542482619038291
