"","X","V","Imp","rand"
"1",1,1,0.253186148662434,0.0727108700796345
"2",2,2,0.321176512860526,0.114707974986161
"3",3,3,0.0136311060532551,0.000395642685116925
"4",4,4,0.310346641937472,0.00998062367981516
"5",5,5,0.0137602367844635,0.00327512051576268
"6",6,6,0.021407258508898,0.0680528983476098
"7",7,7,0.165976991302321,0.0348459419928467
"8",8,8,0.0650921183421456,0.0649416224782151
"9",9,9,0.241069614934773,0.0382839680282549
"10",10,10,0.0617806271337086,0.34280230991984
