"","X","V","Imp","rand"
"1",1,1,0.0168404908059012,0.366527844791927
"2",2,2,0.446560557325228,0.0367455601473309
"3",3,3,0.00487852419235885,0.214986316589354
"4",4,4,0.273692554060317,0.112457726844352
"5",5,5,0.294424813586751,0.0191769179052189
