"","X","V","Imp","rand"
"1",1,1,0.0289729332840797,0.133757743713667
"2",2,2,0.343374295287031,0.102327255660838
"3",3,3,0.0115533282251283,0.0432196859773875
"4",4,4,0.335632756547722,0.21762352603986
"5",5,5,0.317274410922558,0.0502283859837489
"6",6,6,0.0111175146378401,0.013995967539996
"7",7,7,0.0153395707062623,0.0220209749474697
"8",8,8,0.0036213789883651,0.100137639582043
"9",9,9,0.0087009461128807,0.0663429626523891
"10",10,10,0.0316825485828371,0.000342193749395794
