"","X","V","Imp","rand"
"1",1,1,0.0593242754676702,0.0975952792182847
"2",2,2,0.00105921294266472,0.0366122447985468
"3",3,3,0.138923772188043,0.0442619053341892
"4",4,4,0.102775408337194,0.0110233423488386
"5",5,5,0.111508921049996,0.00241922132793641
"6",6,6,0.102206757951387,4.12639729356052e-05
"7",7,7,0.0811635963415642,0.324198303626439
"8",8,8,0.165681798642491,0.00590932788016859
"9",9,9,0.00484337944496959,0.00190522078765739
"10",10,10,0.121482452473561,0.226012591946729
