"","X","V","Imp","rand"
"1",1,1,0.141697843765757,0.124612660126322
"2",2,2,0.132252649246226,0.577767565259863
"3",3,3,0.250413246097343,0.0125477058035748
"4",4,4,0.113150452518391,0.0340701215198626
"5",5,5,0.0919181818508364,0.000995786895203673
