"","X","V","Imp","rand"
"1",1,1,0.0162949288106263,7.99265369687113e-06
"2",2,2,0.105484427894493,0.00119055699920894
"3",3,3,0.0798471381386373,0.378634729554845
"4",4,4,0.0687099873261116,0.0169922928827673
"5",5,5,0.00249995072779705,0.0085734738537367
"6",6,6,0.0254392219600747,0.0500187618071615
"7",7,7,0.0353723986812549,0.000274600647210155
"8",8,8,0.00336936013491866,0.226230047290613
"9",9,9,0.0933008014355006,0.0230397653898937
"10",10,10,0.015349833767707,0.0450199829250269
