"","X","V","Imp","rand"
"1",1,1,0.00139477834890563,0.127330468103546
"2",2,2,0.0900215814701321,0.148982500238729
"3",3,3,0.0265345240924359,0.112609760765477
"4",4,4,0.00348574260450212,0.0439360998465223
"5",5,5,0.112591330322239,0.317132218945584
