"","V1","effect_size","nonlinear","location","scale","interactions","V2"
"1",1,0.0373467314353697,TRUE,0.658757874302039,0.580263241194189,FALSE,NA
"2",2,-0.1675004860103,TRUE,-0.497670748161576,0.050223851781222,FALSE,NA
"3",3,0.0216843608193541,TRUE,0.508803453840837,0.817288234209162,FALSE,NA
"4",4,-0.0590401778833882,FALSE,NA,NA,FALSE,NA
"5",5,0.156722203524265,FALSE,NA,NA,FALSE,NA
"6",3,-0.026064312588292,FALSE,NA,NA,TRUE,5
"7",2,0.0619651686564454,FALSE,NA,NA,TRUE,5
