"","X","V","Imp","rand"
"1",1,1,0.0829514591601884,0.138078531931736
"2",2,2,0.000360079248415788,0.0172539616521137
"3",3,3,0.00247129985426099,0.0215385358448054
"4",4,4,0.0924781388327392,0.0320982477865855
"5",5,5,0.0012406088448758,0.541027869024761
