"","X","V","Imp","rand"
"1",1,1,0.134885699119129,3.08442253098941e-05
"2",2,2,0.0799538772570174,0.297527725159889
"3",3,3,0.0954172514484352,0.123276854978592
"4",4,4,0.127890352943072,0.13006166803532
"5",5,5,0.0206377039814211,0.199190442300494
