"","V1","effect_size","nonlinear","location","scale","interactions","V2"
"1",1,0.150430805518888,TRUE,-0.881057709130401,0.185969146434218,FALSE,NA
"2",2,-0.0189757542252156,TRUE,1.05912292162113,0.166178267914802,FALSE,NA
"3",3,0.0497121700819929,FALSE,NA,NA,FALSE,NA
"4",4,0.179321239460395,FALSE,NA,NA,FALSE,NA
"5",5,-0.035222277678705,TRUE,0.492324494515887,3.32348149998074,FALSE,NA
"6",1,-0.0603220319111269,FALSE,NA,NA,TRUE,4
