"","V1","effect_size","nonlinear","location","scale","interactions","V2"
"1",1,0.156165571486428,TRUE,-0.509447012040909,0.808435460510564,FALSE,NA
"2",2,-0.282761166458581,TRUE,0.946283379189814,2.78812875581865,FALSE,NA
"3",3,0.308896829780487,TRUE,-1.05795642060541,0.493892868515104,FALSE,NA
"4",4,-0.131880019493577,FALSE,NA,NA,FALSE,NA
"5",5,-0.143658288940879,FALSE,NA,NA,FALSE,NA
"6",1,0.110498013401446,FALSE,NA,NA,TRUE,4
