"","X","V","Imp","rand"
"1",1,1,0.0444317158752823,0.681934917855697
"2",2,2,0.259683570442324,0.047585370307486
"3",3,3,0.215141296887178,0.000366194566778846
"4",4,4,0.0170129847667585,0.000773708205753273
"5",5,5,0.0262705149388575,0.019334397252081
