"","V1","effect_size","nonlinear","location","scale","interactions","V2"
"1",1,-0.210788320063713,TRUE,-0.993128921197263,0.0366153075361053,FALSE,NA
"2",2,0.509591572185337,FALSE,NA,NA,FALSE,NA
"3",3,0.463833264101636,FALSE,NA,NA,FALSE,NA
"4",4,-0.130433832906798,TRUE,-0.16116661815297,0.644797757267952,FALSE,NA
"5",5,-0.162081815571203,TRUE,1.33479528853118,0.189858385361731,FALSE,NA
