"","X","V","Imp","rand"
"1",1,1,0.175296849275544,0.0163022355727753
"2",2,2,0.011099602428936,0.0984038832763192
"3",3,3,0.125076167291732,0.418925549274648
"4",4,4,0.0350802667809514,0.216321755037679
"5",5,5,0.215946358040782,4.30089550790788e-05
