"","X","V","Imp","rand"
"1",1,1,0.00035154177442801,0.0114227779087921
"2",2,2,0.185435670666618,0.08544953169597
"3",3,3,0.203224018715438,0.0178730307338687
"4",4,4,0.232095549955539,0.615882369080543
"5",5,5,0.339142492019052,0.0193515498405915
