"","X","V","Imp","rand"
"1",1,1,0.0132100534026693,0.226086577433164
"2",2,2,0.134096066469812,0.189123405659964
"3",3,3,0.0181848900445847,0.0611313636623774
"4",4,4,0.0721797544427994,0.266511228826828
"5",5,5,0.0123287734332655,0.00714331742045605
