"","X","V","Imp","rand"
"1",1,1,0.0132100534026693,0.10485597233924
"2",2,2,0.134096066469812,0.009950340824246
"3",3,3,0.0181848900445847,0.122315208018532
"4",4,4,0.0721797544427994,0.0496328084432326
"5",5,5,0.0123287734332655,0.463326799732704
