"","X","V","Imp","rand"
"1",1,1,0.0250827025217274,0.0485499427567978
"2",2,2,0.00309063206110165,0.185198846433858
"3",3,3,0.0453387708466354,0.0262554026088071
"4",4,4,0.089405251529974,0.207255862620428
"5",5,5,0.0011873500823398,0.0841843889743649
"6",6,6,0.000395409513950534,0.0540004314076354
"7",7,7,0.22437965153122,0.018680679511326
"8",8,8,0.00653374801440841,0.0297762778517564
"9",9,9,0.0270250223517812,0.0737959709467088
"10",10,10,0.221375563793137,0.0222476010520815
