"","X","V","Imp","rand"
"1",1,1,0.00426010217151584,0.019956954949934
"2",2,2,0.0456507308843635,0.0147731857309834
"3",3,3,0.0183374886842331,0.27014916203444
"4",4,4,0.00431467103077872,0.00215356058328686
"5",5,5,0.0835380227946363,0.118713827510243
"6",6,6,0.000116222782751703,0.00059091678413251
"7",7,7,0.182481746792944,0.0171824156913035
"8",8,8,0.173999732539101,0.0954987251364156
"9",9,9,0.000581603491352945,0.188667693264239
"10",10,10,0.0492141331061219,0.0223128546711843
