"","X","V","Imp","rand"
"1",1,1,0.0351424762016723,0.0543653025720722
"2",2,2,0.023762266109946,0.159978460090359
"3",3,3,0.00392448799270255,0.0101199799958238
"4",4,4,0.11164038634301,0.312498662991058
"5",5,5,0.328887773131148,0.0825067017466625
"6",6,6,0.00215976276789791,0.00689563134200941
"7",7,7,0.0260832505112866,0.00195025202174313
"8",8,8,0.380236007034778,0.0933277566876409
"9",9,9,0.0993185834392532,0.017097455271098
"10",10,10,6.38193174314728e-07,0.0112440152314281
