"","X","V","Imp","rand"
"1",1,1,0.309447419033115,0.00107250709854142
"2",2,2,0.267643725432296,0.00586506662087609
"3",3,3,0.214166694965898,0.133999681973777
"4",4,4,0.293374954538658,0.216367739076187
"5",5,5,0.0182723486462885,0.392803188991306
