"","X","V","Imp","rand"
"1",1,1,0.0568090102031203,0.00370299587154759
"2",2,2,0.00954861768277933,0.231879366103918
"3",3,3,0.174353290906195,0.29242735439778
"4",4,4,0.00854721543409179,0.199206113444714
"5",5,5,0.000729637914391085,0.0227822835818695
