"","X","V","Imp","rand"
"1",1,1,0.325704060325259,0.00695050640489074
"2",2,2,0.107149734099559,0.126685985163662
"3",3,3,0.0663397412736028,0.0434509102032304
"4",4,4,0.0439122029344433,0.427956988638683
"5",5,5,0.00314165282553913,0.0119866615580326
"6",6,6,0.0118001762677919,0.0351493323916585
"7",7,7,3.38362449319944e-07,0.0556331923400233
"8",8,8,0.028831011283178,0.0387735336139463
"9",9,9,0.340293937347861,0.00296646402144387
"10",10,10,0.203374942129153,0.000435428392828996
