"","X","V","Imp","rand"
"1",1,1,0.000197028373910495,0.144756328669254
"2",2,2,0.00131697377616206,2.38846875777671e-05
"3",3,3,0.0548495603609792,0.273514821579869
"4",4,4,0.00299850775353853,0.0707834903169609
"5",5,5,0.0480192448895586,0.0381345478098173
"6",6,6,0.0188274981044789,0.0469347616205408
"7",7,7,0.0111175038002933,0.00834858714637931
"8",8,8,0.00174620960580617,0.0302359771032121
"9",9,9,0.0307693066802638,0.0380705744909987
"10",10,10,1.76305529842197e-07,0.0991907239943577
