"","X","V","Imp","rand"
"1",1,1,0.099033073890959,0.140110851815474
"2",2,2,0.125849379488667,0.583738101872725
"3",3,3,0.0268710463902056,0.0162493662085527
"4",4,4,0.00856948704089232,0.00989533105172897
"5",5,5,0.0524263770136323,5.50670098214085e-06
