"","X","V","Imp","rand"
"1",1,1,0.119469717870451,0.0264077240551637
"2",2,2,0.00611421403999325,0.0697994782826242
"3",3,3,0.110171350450702,0.0417941174085115
"4",4,4,0.0531030387647102,0.0231559010692293
"5",5,5,0.0349812309654555,0.0613701834056479
"6",6,6,0.0313452195261833,0.27080265261548
"7",7,7,1.59270605176445e-08,0.0993377761904424
"8",8,8,0.0522905048040962,0.0432645139599206
"9",9,9,0.251480888203305,0.0741909874368277
"10",10,10,0.125506779212255,0.0398627081051379
