"","X","V","Imp","rand"
"1",1,1,0.00116963634507075,0.0254140407682699
"2",2,2,0.00466816088009201,0.00474823491211447
"3",3,3,0.0101838673992964,0.00301944733276756
"4",4,4,3.80004989466633e-05,0.0134487648848624
"5",5,5,1.87010771633643e-05,0.0126756535101232
"6",6,6,0.00954062040109176,0.07137308483151
"7",7,7,0.00368542938506448,0.530632269777762
"8",8,8,0.0267962364031341,0.0653891796120579
"9",9,9,0.00425002585399303,0.00607270803074446
"10",10,10,0.00213791352807158,0.0171741166800156
