"","X","V","Imp","rand"
"1",1,1,0.0133595382565728,0.103318321670344
"2",2,2,0.565996370554491,0.215904915210887
"3",3,3,0.394772996485545,0.101516637497163
"4",4,4,0.0103126319475573,0.0753968020678627
"5",5,5,0.179408379037096,0.253862376686685
