"","X","V","Imp","rand"
"1",1,1,0.0372641825627261,0.129960843614257
"2",2,2,0.0194584534256915,0.126954614139613
"3",3,3,0.026767175638921,0.00660258668894383
"4",4,4,0.042167587494657,0.3282177855699
"5",5,5,0.00995424730789268,0.158253016665476
