"","X","V","Imp","rand"
"1",1,1,0.386069287049388,0.202919597222266
"2",2,2,0.176470468352367,0.547080131352666
