"","X","V","Imp","rand"
"1",1,1,0.01662257363029,0.417898331031678
"2",2,2,0.032183202861053,0.00302475023655108
"3",3,3,0.0410557173190221,0.000553578735485384
"4",4,4,0.145570064338906,0.00600896730994088
"5",5,5,0.0900516040261513,0.00709131117170937
"6",6,6,0.35228700012751,0.00673416912839551
"7",7,7,0.064317563053997,0.00854316040017463
"8",8,8,0.145317734297558,0.0994506523089882
"9",9,9,0.0722024625819312,0.0921375532719616
"10",10,10,0.23808810554804,0.108554503673543
