"","X","V","Imp","rand"
"1",1,1,0.00156496697221073,0.0120334578439456
"2",2,2,0.0453502879524411,0.564903919185666
"3",3,3,0.000278100101211706,0.000471968542426015
"4",4,4,0.138480563557728,0.0182475025428808
"5",5,5,0.0110717229345184,0.0338559965863029
"6",6,6,0.0516455380338895,0.00607970755103331
"7",7,7,0.140589593798121,0.00071282556458948
"8",8,8,0.112963933316125,0.00458082008023287
"9",9,9,0.0343593981223805,0.0629834598574794
"10",10,10,0.0261932133741221,0.0461251183673609
