"","X","V","Imp","rand"
"1",1,1,0.00012970183219068,0.0620148864906774
"2",2,2,0.000231444298292999,0.220219070269373
"3",3,3,0.0127288882796401,0.0559399749078744
"4",4,4,0.0028768234086903,0.126759768435551
"5",5,5,6.40542982674301e-05,0.000676095717499388
"6",6,6,0.00449836136133481,0.030548285932421
"7",7,7,1.02042211308569e-05,0.0156251337408782
"8",8,8,0.00274376218421299,0.152770991414475
"9",9,9,0.0388813143349233,0.00570817470969535
"10",10,10,0.000297914804083245,0.0797310062673701
