"","X","V","Imp","rand"
"1",1,1,0.00454154314772971,0.0269908066529666
"2",2,2,0.0127615223796971,0.109843395106013
"3",3,3,6.88256259694169e-05,0.00119771392920065
"4",4,4,0.00340299456210446,0.048315866962751
"5",5,5,0.000653710149592171,0.151518492048086
"6",6,6,0.000415580804180482,0.198091800000133
"7",7,7,0.00165723438801828,0.0348879412789632
"8",8,8,0.151424141181973,0.0537915800265803
"9",9,9,0.150543946427493,0.0355780750929814
"10",10,10,0.00507305911699413,0.0897380688821949
