"","X","V","Imp","rand"
"1",1,1,0.364928927405386,0.0935908321631283
"2",2,2,0.0410745091130575,0.0247938778780011
"3",3,3,0.00600586078836242,0.0251116481917201
"4",4,4,0.0684254368014215,0.602536171619268
"5",5,5,0.0820570566857409,0.00396726625385985
