"","X","V","Imp","rand"
"1",1,1,0.38457664195078,0.573784607189062
"2",2,2,0.0620085620474546,0.0562817205648482
"3",3,3,0.00498480429556966,0.101052150346902
"4",4,4,0.166938560880691,0.00906425109556717
"5",5,5,0.554086598114649,0.00974389754136991
