"","V1","effect_size","nonlinear","location","scale","interactions","V2"
"1",1,-0.0574805957782321,FALSE,NA,NA,FALSE,NA
"2",2,0.249015184371264,FALSE,NA,NA,FALSE,NA
"3",3,-0.0706031464990737,FALSE,NA,NA,FALSE,NA
"4",4,-0.0186218902775411,FALSE,NA,NA,FALSE,NA
"5",5,-0.0788808530107756,TRUE,-0.0387855582450445,1.55880523704039,FALSE,NA
"6",1,0.381272623059759,FALSE,NA,NA,TRUE,5
"7",4,0.166591786083182,FALSE,NA,NA,TRUE,5
