"","X","V","Imp","rand"
"1",1,1,0.000385224540192606,0.0962311638966363
"2",2,2,0.0195570791991938,0.383419523952385
"3",3,3,1.03414169405944e-05,0.0366508955556091
"4",4,4,0.00272873235280405,0.00698364181023837
"5",5,5,0.0696347893983011,0.000354178496149062
"6",6,6,0.00496484680780425,0.0310852758837266
"7",7,7,0.00633234386204598,0.0344420028109917
"8",8,8,0.067442397914087,0.025471903754413
"9",9,9,0.00843901238663124,0.100119163119482
"10",10,10,0.00615175677985443,0.0352401889134342
