"","X","V","Imp","rand"
"1",1,1,0.016361664667521,0.117235562173267
"2",2,2,0.0466336380396046,0.0301112529346159
"3",3,3,3.2347277493169e-06,0.0883338655240957
"4",4,4,0.0910244772285722,0.00648807859142533
"5",5,5,0.00819644956967718,0.0638834917604535
"6",6,6,0.0255826764278189,0.0930249535551743
"7",7,7,0.0944601196204464,0.00680942159657498
"8",8,8,0.00281013980163205,0.05862385032052
"9",9,9,0.0550075241424099,0.0288452931607666
"10",10,10,1.49260332027379e-05,0.256621669213376
