"","X","V","Imp","rand"
"1",1,1,0.87259580127204,0.0738442935512197
"2",2,2,0.479034114067449,0.0431236575796431
"3",3,3,0.424523903928413,0.17249300273448
"4",4,4,0.0985909986852296,0.458781160579939
"5",5,5,0.0310050708767145,0.00171710145856838
