"","X","V","Imp","rand"
"1",1,1,0.277532092960716,0.104236366081498
"2",2,2,0.000188630398616183,0.56405681486114
"3",3,3,4.4349262791012e-05,0.00238231206779363
"4",4,4,0.164236763536956,0.0424937512961111
"5",5,5,0.484882851659906,0.0368005089688987
