"","X","V","Imp","rand"
"1",1,1,0.0920725726557468,0.00483791678109858
"2",2,2,0.0355583990991209,0.000320605313228724
"3",3,3,0.227419594133764,0.0527050867172149
"4",4,4,0.0116592475430044,0.0285595461485864
"5",5,5,0.00405751881103443,0.130015561131961
"6",6,6,0.107186718061413,0.000735318558105488
"7",7,7,0.0123624381180159,0.00307467929415821
"8",8,8,0.000659565991813351,0.00281658802502914
"9",9,9,0.113188114392184,0.00460996900113896
"10",10,10,0.150104560015752,0.522300160759892
