"","X","V","Imp","rand"
"1",1,1,8.35403895108677e-07,0.0892230178723446
"2",2,2,0.000751055927232945,0.104705984715954
"3",3,3,0.0275747801226524,0.0379298334703574
"4",4,4,0.0257574416858019,0.193985616270492
"5",5,5,0.00839350923085386,0.324142161871681
