"","X","V","Imp","rand"
"1",1,1,0.000214209808003635,0.013825890205795
"2",2,2,0.0426555171306581,0.273645646014783
"3",3,3,0.00641694361718857,0.0474730247426069
"4",4,4,0.0820897301761481,0.0671175446056133
"5",5,5,0.179463546162204,0.0065871368374677
"6",6,6,0.159682415544828,0.0373537271744151
"7",7,7,0.00100545001883082,0.00952194319219177
"8",8,8,0.0232930726579388,0.213018205310045
"9",9,9,0.000511531266787715,0.0574737028812607
"10",10,10,0.0439364155611625,0.0240670919202247
