"","X","V","Imp","rand"
"1",1,1,0.000214209808003635,0.000381640559452015
"2",2,2,0.0426555171306581,2.82122395585077e-05
"3",3,3,0.00641694361718857,0.0994410394291196
"4",4,4,0.0820897301761481,0.134665318558583
"5",5,5,0.179463546162204,0.129265144286174
"6",6,6,0.159682415544828,0.0953730780037703
"7",7,7,0.00100545001883082,0.0347016415905798
"8",8,8,0.0232930726579388,0.0454846495611687
"9",9,9,0.000511531266787715,0.13038410822636
"10",10,10,0.0439364155611625,0.0802735967433118
