"","X","V","Imp","rand"
"1",1,1,0.00333881684386776,0.00029062923283594
"2",2,2,0.00169246742747699,0.0327234769900972
"3",3,3,0.160040286890443,0.239440623947702
"4",4,4,0.000433122206692346,0.0198903108947102
"5",5,5,0.00444651617170758,0.0348620295474116
"6",6,6,0.00397306867215016,0.0196668683880019
"7",7,7,0.00145080015784853,0.0177074407749783
"8",8,8,0.017119962924209,0.313173611570807
"9",9,9,0.00053524325587666,0.00116569406457304
"10",10,10,0.158556431996278,0.0710760040192328
