"","X","V","Imp","rand"
"1",1,1,0.151687258224335,0.449381285639367
"2",2,2,0.0609576819378413,0.214677590833007
"3",3,3,0.0613498265138008,0.0374828699319199
"4",4,4,1.23058836997574e-06,0.00960400457395754
"5",5,5,0.0880845227804188,0.0388399698752919
