"","X","V","Imp","rand"
"1",1,1,0.758760774669225,0.077314642974135
"2",2,2,0.480537619477036,0.672675306645728
