"","X","V","Imp","rand"
"1",1,1,0.584415915595816,0.200579487441468
"2",2,2,0.000707744790372939,0.218147808489511
"3",3,3,0.113184716066103,0.00934040661997156
"4",4,4,0.0411319215568389,0.318348127257611
"5",5,5,0.559863876577665,0.00366934243607317
