"","X","V","Imp","rand"
"1",1,1,0.147589003546517,0.0357192181818869
"2",2,2,0.255952993217674,0.0754081014057154
"3",3,3,0.0744584810496333,0.460769803983366
"4",4,4,0.110075589954197,0.154639474006711
"5",5,5,0.18019784321178,0.0234601302773661
