"","X","V","Imp","rand"
"1",1,1,0.109814251089932,0.361762814545305
"2",2,2,0.133458045603886,0.222084824300896
"3",3,3,0.000194275886822278,0.108891622203515
"4",4,4,0.0621907166682278,0.0095929807548063
"5",5,5,0.0126578416078224,0.0476647692208976
