"","V1","effect_size","nonlinear","location","scale","interactions","V2"
"1",1,0.154023885346626,TRUE,0.277325882614296,2.54481198812339,FALSE,NA
"2",2,-0.0273231305795497,TRUE,-0.0621002894950677,0.115755968727171,FALSE,NA
"3",3,-0.0139382885184042,FALSE,NA,NA,FALSE,NA
"4",4,0.124780280339763,TRUE,0.975188954603776,3.4446733741272,FALSE,NA
"5",5,0.112507073590163,FALSE,NA,NA,FALSE,NA
"6",2,0.046620598306558,FALSE,NA,NA,TRUE,4
"7",1,-0.0860908938326613,FALSE,NA,NA,TRUE,2
