"","X","V","Imp","rand"
"1",1,1,0.000162139543543225,0.14496429585725
"2",2,2,0.0156587275569605,0.299581409726262
"3",3,3,0.0276607147595836,0.0639160506962707
"4",4,4,0.0145945063208095,0.0202964129239304
"5",5,5,0.00441988244454717,0.221185556834024
