"","X","V","Imp","rand"
"1",1,1,0.0831485917224052,0.304060847232054
"2",2,2,0.0116192748639964,0.26937034147425
"3",3,3,0.191600617800895,0.0740190899279878
"4",4,4,0.00858176582376115,0.0983927585381395
"5",5,5,0.199569254593821,0.00426344573651118
