"","X","V","Imp","rand"
"1",1,1,0.00943703720464392,0.0547182105375612
"2",2,2,0.262301880238211,0.268943424060123
"3",3,3,0.264598007071212,0.2246573339252
"4",4,4,0.00269371706095546,0.20133701752817
"5",5,5,0.162628735577105,0.000343627175815604
