"","X","V","Imp","rand"
"1",1,1,0.0882741203788122,0.0187175966206591
"2",2,2,0.00305218529279742,0.111756097425069
"3",3,3,0.000761577937582894,0.22829870783553
"4",4,4,0.00243180840742617,0.120298836259967
"5",5,5,0.00570767336082216,0.00579494462087111
"6",6,6,0.0013306257605993,0.00923736944278091
"7",7,7,0.0926552300465398,0.0132327411358965
"8",8,8,0.0143392066005814,0.120657803100404
"9",9,9,0.00809216400409321,0.109754895069052
"10",10,10,0.013616540016352,0.0122144547347567
