"","X","V","Imp","rand"
"1",1,1,0.0108040303434456,0.0733376490709576
"2",2,2,2.44741440690475e-05,0.0895590333641437
"3",3,3,0.00719405846473808,0.00542143541495082
"4",4,4,0.0497038867225747,0.29905408020782
"5",5,5,0.0464482021728249,0.013539364804272
"6",6,6,0.0675941944922081,0.00362073464067661
"7",7,7,0.00211747026328043,0.14261898718775
"8",8,8,4.21413569556845e-05,0.0394289749785981
"9",9,9,8.7278456878267e-07,0.0466613557815451
"10",10,10,0.0823615726115512,0.0367458705938817
