"","X","V","Imp","rand"
"1",1,1,0.0998039986076634,0.272913623332456
"2",2,2,0.0067368442470974,0.0213494762751236
"3",3,3,0.368121098167424,0.00221049909090687
"4",4,4,0.0204965825958196,0.279687611897666
"5",5,5,0.0942968635233619,0.1738427165603
