"","X","V","Imp","rand"
"1",1,1,0.00824186172788331,0.000698564948199827
"2",2,2,0.0252131153777735,0.0779323127893078
"3",3,3,0.000579351183422,0.000648177483436729
"4",4,4,0.0206031796343265,0.169559706786156
"5",5,5,0.0181544052020334,0.00306067265793696
"6",6,6,0.0714895757266147,0.349766960604474
"7",7,7,0.0104840313674497,0.103124583129008
"8",8,8,0.00991754073188362,0.00126052854639136
"9",9,9,0.0422848257018156,0.0390856117941675
"10",10,10,0.0429813862152028,0.00479543323944037
