"","X","V","Imp","rand"
"1",1,1,0.00433466205581882,0.13023310783665
"2",2,2,0.0531761579195561,0.0241782947486081
"3",3,3,0.000568201662000743,0.188171666700265
"4",4,4,0.00113548296281415,0.361919296697668
"5",5,5,0.00328516542454476,0.0454931038754692
