"","V1","effect_size","nonlinear","location","scale","interactions","V2"
"1",1,-0.0907846998556657,0,NA,NA,FALSE,NA
"2",2,0.158786382847439,0,NA,NA,FALSE,NA
"3",3,0.0240697150673206,0,NA,NA,FALSE,NA
"4",4,0.143538077297721,0,NA,NA,FALSE,NA
"5",5,0.134738284099336,0,NA,NA,FALSE,NA
"6",6,0.267375346145853,0,NA,NA,FALSE,NA
"7",7,0.102391559063478,0,NA,NA,FALSE,NA
"8",8,-0.0995868501956138,0,NA,NA,FALSE,NA
"9",9,-0.205632744721787,0,NA,NA,FALSE,NA
"10",10,0.20731952685457,0,NA,NA,FALSE,NA
