"","X","V","Imp","rand"
"1",1,1,0.251535436755898,0.523731241345853
"2",2,2,0.104586491050372,0.133381291685678
"3",3,3,0.0583835771414607,0.0410569213646739
"4",4,4,0.144729525427864,0.000759617548988621
"5",5,5,0.00325519001089061,0.0510358697579687
