"","X","V","Imp","rand"
"1",1,1,0.0046122894616711,0.0337837749038946
"2",2,2,0.033320415678851,0.00102475573618403
"3",3,3,0.00038190946973558,0.0257634262209512
"4",4,4,0.0884784764398324,0.0887853097553708
"5",5,5,0.00135983114389091,0.0245750828966338
"6",6,6,0.2343700376477,0.0548684503063003
"7",7,7,0.324515247733687,0.0818416249767377
"8",8,8,0.00260448865218428,0.00398590156017373
"9",9,9,0.0843758413082235,0.116218212720953
"10",10,10,0.269689755531998,0.319136525004098
