"","X","V","Imp","rand"
"1",1,1,0.425392743968977,0.11057062852767
"2",2,2,0.435788981439917,0.297794066364115
"3",3,3,0.00214735229799132,0.156358949502244
"4",4,4,0.00346409327609426,0.0232219575179871
"5",5,5,0.264186024887065,0.000165539347481671
"6",6,6,0.0354496924797065,0.0105463764797783
"7",7,7,0.0051263483089686,0.0459864504114862
"8",8,8,0.0549045399311314,0.0147281229178896
"9",9,9,0.019759356260152,0.00720942868185748
"10",10,10,0.0109973362893327,0.0832198631419692
