"","X","V","Imp","rand"
"1",1,1,0.191495538407331,0.0520869974903168
"2",2,2,0.153818678249444,0.119628813086343
"3",3,3,0.105227829006572,0.458488617871353
"4",4,4,0.00386401056165168,0.0178801711357955
"5",5,5,0.244361179346743,0.101889206041482
