"","X","V","Imp","rand"
"1",1,1,0.00198378339401531,0.0193791546889046
"2",2,2,0.0181921673407853,0.0863397520948218
"3",3,3,0.0218665842781945,0.00273594136503814
"4",4,4,0.0362714861358478,0.0607033547734043
"5",5,5,0.00132323315961429,0.0427506706209658
"6",6,6,1.84548909261435e-05,0.304654116180036
"7",7,7,0.00414283147277287,0.00125441821674837
"8",8,8,0.00964491830605718,0.0646822217881027
"9",9,9,0.000437304629527127,0.128172194234967
"10",10,10,0.0375403772041419,0.0393273870741558
