"","V1","effect_size","nonlinear","location","scale","interactions","V2"
"1",1,0.437602031996346,FALSE,NA,NA,FALSE,NA
"2",2,-0.39219724406151,TRUE,0.414640776840766,2.99785230291967,FALSE,NA
"3",3,-0.18592473121458,FALSE,NA,NA,FALSE,NA
"4",4,-0.0621611660255153,TRUE,-1.12490564230098,1.50216005547884,FALSE,NA
"5",5,0.416774946484772,TRUE,-1.07627662604687,0.686891342047602,FALSE,NA
"6",3,0.070659823329358,FALSE,NA,NA,TRUE,5
