"","X","V","Imp","rand"
"1",1,1,0.0888161483121291,0.227151594463537
"2",2,2,0.622518344520499,0.0811128920012698
"3",3,3,0.00271533427809367,0.398770214710814
"4",4,4,0.0172630487513823,0.00436750465868334
"5",5,5,0.637865146476154,0.0386679969151385
