"","X","V","Imp","rand"
"1",1,1,0.191828408361917,0.430030603771787
"2",2,2,0.0424979963121265,2.88635513672217e-05
"3",3,3,0.24553465130406,0.00755814795903782
"4",4,4,0.000411718140757931,0.0086095154900914
"5",5,5,0.00614340775524067,0.303700746968824
