"","X","V","Imp","rand"
"1",1,1,0.0581592860215949,0.00869194977245038
"2",2,2,0.0426858427202824,0.246000103706321
"3",3,3,0.0326512954546149,0.461493063011844
"4",4,4,0.0143450458344569,0.0338068966713626
"5",5,5,0.00624784530904862,4.46410389679272e-06
