"","V1","effect_size","nonlinear","location","scale","interactions","V2"
"1",1,0.256236004553327,TRUE,0.177276774543221,2.41257708693359,FALSE,NA
"2",2,-0.206150421566696,TRUE,-0.994732061273812,1.83977897270563,FALSE,NA
"3",3,-0.345489700239524,FALSE,NA,NA,FALSE,NA
"4",4,0.0202908388382031,FALSE,NA,NA,FALSE,NA
"5",5,-0.0783798938200395,TRUE,-0.451708954608187,1.5292152314538,FALSE,NA
"6",1,-0.126171518332464,FALSE,NA,NA,TRUE,3
