"","X","V","Imp","rand"
"1",1,1,0.0192411063194261,0.00231997254977156
"2",2,2,0.0821741391177768,0.102803105587365
"3",3,3,0.0267797533449045,0.141757807317877
"4",4,4,0.00558261830806576,0.163810457106846
"5",5,5,0.11621891842891,0.339300165461251
