"","V1","effect_size","nonlinear","location","scale","interactions","V2"
"1",1,0.1387123149523,TRUE,-0.359820768555805,0.0942007298581302,FALSE,NA
"2",2,-0.286660320096411,TRUE,2.00214863824653,0.487568239427121,FALSE,NA
"3",3,-0.163645205688723,FALSE,NA,NA,FALSE,NA
"4",4,0.0747169211629184,FALSE,NA,NA,FALSE,NA
"5",5,0.340908959150255,TRUE,-0.795740233099502,0.686495964881033,FALSE,NA
