"","X","V","Imp","rand"
"1",1,1,0.00726697550788532,0.00255117969917674
"2",2,2,0.115618074538543,0.00297554902003269
"3",3,3,0.000366443432096133,0.00100221286192541
"4",4,4,0.00946104711404251,0.0567327089657533
"5",5,5,0.0139406223633323,0.0768420705984801
"6",6,6,0.0350893322150025,0.000430177674126963
"7",7,7,0.0370588310183186,0.00568994509763349
"8",8,8,0.000203495776423064,0.347762912936446
"9",9,9,0.0306943547106725,0.248053202639942
"10",10,10,0.000274354182461246,0.00787830071774623
