"","X","V","Imp","rand"
"1",1,1,0.0547821207489316,0.0430183107550679
"2",2,2,0.0301697649715082,0.363424834611649
"3",3,3,0.0293208956548975,0.276527965480858
"4",4,4,0.00239034867673672,0.064640323542991
"5",5,5,0.133335019547422,0.00248165306596217
