"","X","V","Imp","rand"
"1",1,1,0.0547821207489316,0.00860477282416942
"2",2,2,0.0301697649715082,0.232419889356785
"3",3,3,0.0293208956548975,0.48206860722594
"4",4,4,0.00239034867673672,0.025030264708362
"5",5,5,0.133335019547422,0.0018705802718227
