"","X","V","Imp","rand"
"1",1,1,0.00862796445695332,0.367497501110598
"2",2,2,0.0114327998091527,0.00432573913944493
"3",3,3,0.0113280039381361,0.00804296196517042
"4",4,4,0.0117801794023738,0.00657127475914605
"5",5,5,0.000206248009132033,0.069833166346169
"6",6,6,0.00144055060494342,0.129646340681278
"7",7,7,0.00076000650509723,0.013694778671173
"8",8,8,0.000361817739165468,0.068008003755876
"9",9,9,0.00450021036775572,0.0286219097394823
"10",10,10,0.0120472080075518,0.0537573628332242
