"","X","V","Imp","rand"
"1",1,1,0.0384193867446181,0.349548153659093
"2",2,2,0.137788413215153,0.00202991599780068
"3",3,3,0.00310437056605775,0.00104360227801194
"4",4,4,0.111641598843406,0.0817897508996997
"5",5,5,0.0592301993526527,0.00943216062974114
"6",6,6,0.00179820119025643,0.0529336059854344
"7",7,7,0.00559098728655897,0.0852727917123804
"8",8,8,0.160751233055633,0.0864515299145324
"9",9,9,0.13627710777512,0.0164971952675568
"10",10,10,0.112712941026517,0.0649885778165655
