"","X","V","Imp","rand"
"1",1,1,0.0294709501620618,0.0286512731432879
"2",2,2,0.000572926834017892,0.395910034971074
"3",3,3,0.101344445448781,0.00228319671885884
"4",4,4,0.0196289947147463,0.123468699594524
"5",5,5,0.0477844169641979,0.051719616323439
"6",6,6,0.0106717170235672,0.00863993359548175
"7",7,7,0.0104608905375972,0.0204950057539027
"8",8,8,7.33817576528158e-05,0.0707169922486278
"9",9,9,0.147185439541916,0.0476546212726393
"10",10,10,0.195274144316745,0.000342905259209771
