"","V1","effect_size","nonlinear","location","scale","interactions","V2"
"1",1,-0.171671052195942,0,NA,NA,FALSE,NA
"2",2,0.0239358900820064,0,NA,NA,FALSE,NA
"3",3,0.318346423646915,0,NA,NA,FALSE,NA
"4",4,0.140103514284069,0,NA,NA,FALSE,NA
"5",5,-0.2185964706124,0,NA,NA,FALSE,NA
"6",6,-0.103304002940676,0,NA,NA,FALSE,NA
"7",7,-0.102278494990869,0,NA,NA,FALSE,NA
"8",8,0.00856631529029931,0,NA,NA,FALSE,NA
"9",9,-0.383647545987089,0,NA,NA,FALSE,NA
"10",10,-0.441898341608955,0,NA,NA,FALSE,NA
