"","X","V","Imp","rand"
"1",1,1,0.0216896537044186,0.205550324862741
"2",2,2,0.000322940993851438,0.327136532325424
"3",3,3,0.0530218143120978,0.0180546374337647
"4",4,4,4.96895102099418e-05,0.197943071128064
"5",5,5,0.174899241813056,0.00131184956679686
