"","X","V","Imp","rand"
"1",1,1,0.0309764679187094,0.74018318597067
"2",2,2,0.267961281001369,0.00981045951999232
