"","X","V","Imp","rand"
"1",1,1,0.0309764679187094,0.3146735233506
"2",2,2,0.267961281001369,0.435325856952986
