"","X","V","Imp","rand"
"1",1,1,0.0101426618436683,0.682918970458289
"2",2,2,0.0523570338109856,0.0671073251354947
