"","X","V","Imp","rand"
"1",1,1,0.0162618284579178,0.286467179917044
"2",2,2,0.0746761442872538,0.0411154285972408
"3",3,3,0.0874890716774692,0.0107784801412726
"4",4,4,0.0258284282634595,0.0589897075577454
"5",5,5,0.0993996716754404,0.0727888117221183
"6",6,6,0.00303909773155577,0.0223123062685977
"7",7,7,0.000968170409290099,0.205585059508243
"8",8,8,0.0320248200302908,0.0153023557065828
"9",9,9,0.0503695386400127,0.00461964398974321
"10",10,10,0.0129239627289138,0.0319864204435052
