"","X","V","Imp","rand"
"1",1,1,0.137607954804831,0.0602312748177211
"2",2,2,0.348292708503445,0.0351431258929968
"3",3,3,0.00321651935041744,0.355626025197862
"4",4,4,0.00036024253856444,0.0393303219126811
"5",5,5,0.072990876442787,0.259581261790099
