"","X","V","Imp","rand"
"1",1,1,0.137607954804831,0.158275471955759
"2",2,2,0.348292708503445,0.040814845095335
"3",3,3,0.00321651935041744,0.10054558419509
"4",4,4,0.00036024253856444,0.0572542921228444
"5",5,5,0.072990876442787,0.393086371478334
