"","X","V","Imp","rand"
"1",1,1,4.06024671393999e-05,0.213044049951489
"2",2,2,0.00677848504647338,0.117114303424629
"3",3,3,0.00697470283585214,0.306593445634141
"4",4,4,0.0017133954603469,0.0766107542304292
"5",5,5,0.0469770322767727,0.0366201069910932
