"","X","V","Imp","rand"
"1",1,1,0.0396567143692803,0.0506362768942924
"2",2,2,4.27316616946342e-07,0.182963754902813
"3",3,3,0.137394017765164,0.223346336634132
"4",4,4,0.0334421906985208,0.226718803439353
"5",5,5,0.00195558663964021,0.032612483288328
"6",6,6,0.0507848325256373,0.000348082645720855
"7",7,7,0.0812730344682408,3.31573870981975e-06
"8",8,8,0.0416770598786309,0.0204464729003075
"9",9,9,0.0263107873945762,4.50225034216844e-06
"10",10,10,0.215556106953427,0.0129062023648486
