"","X","V","Imp","rand"
"1",1,1,0.0396567143692803,0.00794069924707628
"2",2,2,4.27316616946342e-07,0.428586242298253
"3",3,3,0.137394017765164,0.0304127141264913
"4",4,4,0.0334421906985208,0.0555341793635905
"5",5,5,0.00195558663964021,0.0563928699014539
"6",6,6,0.0507848325256373,0.00133809445638446
"7",7,7,0.0812730344682408,0.00165510743845663
"8",8,8,0.0416770598786309,0.109374297141398
"9",9,9,0.0263107873945762,0.012983140044037
"10",10,10,0.215556106953427,0.0457713034060852
