"","X","V","Imp","rand"
"1",1,1,1.82959135495938e-06,0.00854104254603547
"2",2,2,0.135239357670317,0.00380696249793865
"3",3,3,0.00555439038333944,0.401028145609871
"4",4,4,0.0212743720915336,0.00174310050613373
"5",5,5,0.130768177567914,0.334849752549195
