"","X","V","Imp","rand"
"1",1,1,0.00578487110187145,0.163937590323312
"2",2,2,0.0203164313969402,0.276192504014811
"3",3,3,0.00632111810596712,0.00265399550404218
"4",4,4,0.0254881769873691,0.00103282418837475
"5",5,5,0.104080834809855,0.0489034483689683
"6",6,6,0.0117819198179439,0.000494350012823408
"7",7,7,0.0459449364591801,0.0113620347786759
"8",8,8,0.0361838232544283,0.121073247173893
"9",9,9,0.0615294510970419,0.0514135292819305
"10",10,10,0.245038195718004,0.0730327533041098
