"","X","V","Imp","rand"
"1",1,1,0.0289267472292164,0.000122931556294509
"2",2,2,0.000162264568860879,0.000250878537282985
"3",3,3,0.259922335442622,0.0418820095678182
"4",4,4,0.085520160662507,0.352802944760399
"5",5,5,0.000309609722805167,0.0090796641893663
"6",6,6,0.0298716544762401,5.13036679346487e-06
"7",7,7,0.0011544687748312,0.037038914512532
"8",8,8,0.251472694786134,0.00444021477673259
"9",9,9,0.00181553275885982,0.218969171418958
"10",10,10,0.0120545590391539,0.0854007316966179
