"","X","V","Imp","rand"
"1",1,1,0.0589358840547289,0.02846946149091
"2",2,2,0.0138861061891458,0.0535226470244635
"3",3,3,0.0151344185169146,0.00592980224610446
"4",4,4,0.132249247797788,0.0476860865787952
"5",5,5,0.000580607282177449,0.000191941080487432
"6",6,6,0.0358253993850559,0.328963609316279
"7",7,7,0.210168352640051,0.103064764391695
"8",8,8,0.0193852342076559,0.069976134302288
"9",9,9,0.0492801594320861,0.015493864461155
"10",10,10,0.0270535322499598,0.0966966765590412
