"","X","V","Imp","rand"
"1",1,1,0.0589358840547289,0.105960881796306
"2",2,2,0.0138861061891458,0.0497466267498832
"3",3,3,0.0151344185169146,0.0835877407152354
"4",4,4,0.132249247797788,0.13590009236873
"5",5,5,0.000580607282177449,0.0253189145680772
"6",6,6,0.0358253993850559,0.0435478183758187
"7",7,7,0.210168352640051,0.0949956639255889
"8",8,8,0.0193852342076559,3.26550070728544e-05
"9",9,9,0.0492801594320861,0.115455948851464
"10",10,10,0.0270535322499598,0.0956155693300811
