"","V1","effect_size","nonlinear","location","scale","interactions","V2"
"1",1,0.242767139569442,0,NA,NA,FALSE,NA
"2",2,0.117839323611203,0,NA,NA,FALSE,NA
"3",3,-0.123022024519655,0,NA,NA,FALSE,NA
"4",4,-0.363660896712567,0,NA,NA,FALSE,NA
"5",5,0.0240957938690023,0,NA,NA,FALSE,NA
"6",6,0.189275987344026,0,NA,NA,FALSE,NA
"7",7,0.4584412204853,0,NA,NA,FALSE,NA
"8",8,-0.139230866576546,0,NA,NA,FALSE,NA
"9",9,0.221991349903743,0,NA,NA,FALSE,NA
"10",10,-0.164479580039468,0,NA,NA,FALSE,NA
