"","X","V","Imp","rand"
"1",1,1,0.00497558817515339,0.2841613050845
"2",2,2,0.0478206410383317,0.123887360974572
"3",3,3,0.000624364393648336,0.0190967398777529
"4",4,4,0.21988559224401,0.175885441832058
"5",5,5,0.0651744684894797,0.0569604364854645
"6",6,6,0.0010565595559446,0.0316148481516952
"7",7,7,0.00676644066620192,0.0302699889437282
"8",8,8,0.0104980882668168,0.0183124479899846
"9",9,9,0.0177780909371573,0.00334340947216823
"10",10,10,0.00145346244484876,0.00638711161486601
