"","X","V","Imp","rand"
"1",1,1,0.00759030708024293,0.0375962823135021
"2",2,2,0.00943229934632394,0.086180170305136
"3",3,3,0.00534397295558339,0.0563215630661343
"4",4,4,0.0174668462387744,0.231541484988587
"5",5,5,0.00101514711349227,0.0494398308118501
"6",6,6,0.0310432584375396,0.0267713675599876
"7",7,7,0.0397728312557009,0.0598389035504878
"8",8,8,0.00287411580363246,0.105890527974329
"9",9,9,0.0355818977826982,0.0963814387696933
"10",10,10,0.00106364921109796,3.6283072246866e-05
