"","X","V","Imp","rand"
"1",1,1,0.143303633299351,0.00820339283372707
"2",2,2,0.0345465192693388,0.107875883185044
"3",3,3,0.0503742991003523,0.11472695699722
"4",4,4,0.00103750163905365,0.224988006835167
"5",5,5,0.0439205921114934,0.00182943610636426
"6",6,6,0.148421353769587,1.37289826578015e-06
"7",7,7,0.0034167728839302,0.0409236066796365
"8",8,8,0.0500757601089233,0.114482747716224
"9",9,9,0.0244664656483393,0.0535493454504515
"10",10,10,0.0260841564840672,0.0835297313541302
