"","X","V","Imp","rand"
"1",1,1,0.0909374663710537,0.0316990032489894
"2",2,2,0.000185553781608402,0.392454109119231
"3",3,3,0.0879703289236578,0.177605326671873
"4",4,4,0.208641975175399,0.148128522853314
"5",5,5,0.205846855737133,7.59225928653697e-05
