"","X","V","Imp","rand"
"1",1,1,0.000734986335177138,0.0311621283899826
"2",2,2,0.35728561726415,0.0840282950531017
"3",3,3,0.000232143914370779,0.00173971524041402
"4",4,4,0.181670216469412,0.00788744320152663
"5",5,5,0.000252121098406327,0.00848682015010233
"6",6,6,0.00527510525409221,0.287692895937408
"7",7,7,0.0137956039560347,0.123810120761956
"8",8,8,5.77579480953808e-05,7.69054243723771e-05
"9",9,9,0.0818993650203236,0.0353748727220026
"10",10,10,0.25841908761226,0.169682046940477
