"","V1","effect_size","nonlinear","location","scale","interactions","V2"
"1",1,0.0713939685846266,FALSE,NA,NA,FALSE,NA
"2",2,0.0136218127137471,FALSE,NA,NA,FALSE,NA
"3",3,-0.0461515037985414,FALSE,NA,NA,FALSE,NA
"4",4,-0.0663196539728292,TRUE,-0.449780142370773,0.429814733099192,FALSE,NA
"5",5,-0.0400396936153305,FALSE,NA,NA,FALSE,NA
"6",4,-0.204243678672323,FALSE,NA,NA,TRUE,5
"7",1,-0.085840367620791,FALSE,NA,NA,TRUE,3
