"","X","V","Imp","rand"
"1",1,1,0.0152078998040682,0.339169301803641
"2",2,2,0.755183724804523,1.76823383012226e-05
"3",3,3,0.245905522812546,0.234574899964626
"4",4,4,0.355231732044344,0.175950819377888
"5",5,5,0.116783125315621,0.00019594541760875
