"","X","V","Imp","rand"
"1",1,1,0.000670698906592938,0.0468325476030919
"2",2,2,0.0128530628484548,0.0119177916928272
"3",3,3,0.00974225927275768,0.335710810781245
"4",4,4,0.0126981741924137,0.0283949226332187
"5",5,5,0.000334486839624163,0.0424096301434719
"6",6,6,0.00516730775271496,0.0276510371596716
"7",7,7,0.00228711085694072,0.00950156228016247
"8",8,8,0.0158460981068279,0.000552810553090244
"9",9,9,0.00244535463216192,0.206937648345074
"10",10,10,0.000449491953263247,0.0400880659152277
