"","X","V","Imp","rand"
"1",1,1,0.00361592064414383,0.00557920218603301
"2",2,2,0.00103906020329057,0.00259201145040132
"3",3,3,0.101700594567007,0.085422602283649
"4",4,4,0.0128332359149275,0.234509390339782
"5",5,5,0.00140766240316086,0.0120770528680329
"6",6,6,0.000937666762848003,0.191496464084154
"7",7,7,0.000106737963139863,0.0157214242273836
"8",8,8,0.000796412328651172,0.0027387069223
"9",9,9,0.100107299552196,0.087845508683156
"10",10,10,0.0290820564969259,0.112014402556618
