"","X","V","Imp","rand"
"1",1,1,0.0013333206765397,0.165107255011011
"2",2,2,0.00300224414926175,0.00929528840032749
"3",3,3,6.2448842209359e-05,0.0330446178981274
"4",4,4,0.0509758756496632,0.0728335652115313
"5",5,5,0.00712558882537962,0.469718999140164
