"","X","V","Imp","rand"
"1",1,1,0.0013333206765397,0.323942920008421
"2",2,2,0.00300224414926175,0.0198592378000312
"3",3,3,6.2448842209359e-05,0.0704486305572093
"4",4,4,0.0509758756496632,0.267012142657921
"5",5,5,0.00712558882537962,0.0687133498868722
