"","X","V","Imp","rand"
"1",1,1,0.210827156764121,0.00673452827794829
"2",2,2,0.0403585428562858,0.305223045786227
"3",3,3,0.298906402566922,0.385335481034616
"4",4,4,0.0186161034472145,0.0098353852804165
"5",5,5,0.0170168910500933,0.0428498945567127
