"","X","V","Imp","rand"
"1",1,1,0.0883894700855746,0.0165864029765731
"2",2,2,0.577040281655796,0.0283414229894719
"3",3,3,0.683603843886093,0.438138392246788
"4",4,4,0.0540738707450219,0.0584528494185124
"5",5,5,0.0884299610047917,0.208479686303968
