"","V1","effect_size","nonlinear","location","scale","interactions","V2"
"1",1,-0.103218502631362,FALSE,NA,NA,FALSE,NA
"2",2,-0.215626563894669,TRUE,-0.780309883894763,0.0801773736798829,FALSE,NA
"3",3,-0.391226759421335,FALSE,NA,NA,FALSE,NA
"4",4,-0.232537890987731,TRUE,0.34272508272295,3.34164243174677,FALSE,NA
"5",5,0.103414458392807,TRUE,0.578892360612826,0.0113939508668216,FALSE,NA
"6",2,-0.530545466598774,FALSE,NA,NA,TRUE,3
"7",1,0.0777354108001141,FALSE,NA,NA,TRUE,5
