"","X","V","Imp","rand"
"1",1,1,0.000332216257599847,0.0435080218674935
"2",2,2,0.0112626614610337,0.54008271475604
"3",3,3,0.00128733950800829,0.0935218320298789
"4",4,4,0.00324298373743836,0.0469762163882153
"5",5,5,0.0463592093412114,0.0258462705673691
