"","X","V","Imp","rand"
"1",1,1,0.192886008948778,0.140656505274437
"2",2,2,0.446366851684613,0.146624661812663
"3",3,3,0.0212589863800392,0.367641389598633
"4",4,4,0.026657567316654,0.0780252048808037
"5",5,5,0.0673877690690919,0.016993478862082
