"","X","V","Imp","rand"
"1",1,1,0.000332216257599847,0.486665419040952
"2",2,2,0.0112626614610337,0.0472189938755251
"3",3,3,0.00128733950800829,0.166171281793009
"4",4,4,0.00324298373743836,0.0461620418104718
"5",5,5,0.0463592093412114,0.00378097837546333
