"","X","V","Imp","rand"
"1",1,1,0.00528966206764428,0.254882871621021
"2",2,2,0.00968090606077753,1.66068655978507e-05
"3",3,3,0.395354736011843,0.0160470614997684
"4",4,4,0.0058838411824346,0.00328933681208852
"5",5,5,0.0523155644776566,0.00618731529097897
"6",6,6,0.00148619517243264,0.291694397410407
"7",7,7,0.292033668208396,0.0349292328080985
"8",8,8,0.103883801611324,0.0117222196794147
"9",9,9,0.000801786147287432,0.10175383346747
"10",10,10,0.0457167543099354,0.0294576950683064
