"","X","V","Imp","rand"
"1",1,1,0.00577141889898097,0.0383108655099176
"2",2,2,0.000398968756485519,0.0298899013988878
"3",3,3,0.0686049881766872,0.0124396999816202
"4",4,4,0.112979001503192,0.143140315491728
"5",5,5,0.0395045711982581,0.18836124058512
"6",6,6,0.00583243166566466,0.0264260321901835
"7",7,7,0.117222001861332,0.00147127268544117
"8",8,8,0.0514052529261776,0.0349197950588764
"9",9,9,0.107337396515386,0.0953884557869542
"10",10,10,0.0534354586595769,0.179646051054901
