"","X","V","Imp","rand"
"1",1,1,0.0140272326617086,0.0875802769064763
"2",2,2,1.7562820911249e-08,0.00227847881714454
"3",3,3,0.000826689605606282,0.00431620355939392
"4",4,4,0.021644912610173,0.000311157859727357
"5",5,5,0.0779392128842462,0.0304088544659442
"6",6,6,0.16014547376111,0.0320163448514353
"7",7,7,0.0051448025141497,0.0504959895289702
"8",8,8,6.89007674056521e-05,0.385406253520848
"9",9,9,0.0841729620868861,0.0944936641995596
"10",10,10,0.0448473983351333,0.0626772440952386
