"","X","V","Imp","rand"
"1",1,1,0.336562221032244,0.466131844697224
"2",2,2,0.239962085979798,0.283867210311488
