"","X","V","Imp","rand"
"1",1,1,0.0609866526979942,0.0673186879965409
"2",2,2,0.000204117581124326,0.0216622850655815
"3",3,3,0.000309066770978415,0.161693422381831
"4",4,4,0.000531650978467462,0.207952724784811
"5",5,5,0.00047347476329045,0.291371105041729
