"","X","V","Imp","rand"
"1",1,1,0.336562221032244,0.0527451515825619
"2",2,2,0.239962085979798,0.697251684485307
