"","X","V","Imp","rand"
"1",1,1,0.018387780900409,0.281964904554885
"2",2,2,0.0441065932861285,0.468034568992985
