"","X","V","Imp","rand"
"1",1,1,0.00256916988408048,0.00691274241035146
"2",2,2,0.0936052409825853,0.0470801724381156
"3",3,3,0.149934710590233,0.311899768050019
"4",4,4,0.290740529257443,0.374115172411255
"5",5,5,0.0256082302212195,0.00996447025064861
