"","X","V","Imp","rand"
"1",1,1,0.17713451212318,0.0123819163291913
"2",2,2,0.00290777033856706,0.0784145742953633
"3",3,3,0.0125173677031605,0.0482400996305833
"4",4,4,0.000284970202102216,0.173817005656751
"5",5,5,0.00393284102375442,0.119112320474214
"6",6,6,0.00456907716530944,0.00495506951347807
"7",7,7,0.184418577971661,0.140045580082539
"8",8,8,0.000915166659320701,0.0299626995018877
"9",9,9,0.00343088347871337,0.0298969879687972
"10",10,10,0.000976551003926639,0.113165553252248
