"","X","V","Imp","rand"
"1",1,1,0.00256916988408048,0.335551940469741
"2",2,2,0.0936052409825853,0.0154175702631259
"3",3,3,0.149934710590233,0.0360243053455773
"4",4,4,0.290740529257443,0.03279638815655
"5",5,5,0.0256082302212195,0.330205113816545
