"","V1","effect_size","nonlinear","location","scale","interactions","V2"
"1",1,-0.0506869794333858,FALSE,NA,NA,FALSE,NA
"2",2,0.305949736039411,TRUE,-0.407019701752485,0.499018182512373,FALSE,NA
"3",3,-0.38721403718129,TRUE,-0.760460953530636,0.0750415958464146,FALSE,NA
"4",4,0.539203606495212,TRUE,-1.33781655469306,2.97497605515604,FALSE,NA
"5",5,0.160025717374488,FALSE,NA,NA,FALSE,NA
