"","X","V","Imp","rand"
"1",1,1,0.161568588535997,0.244431149371769
"2",2,2,0.00012188690699644,0.0240369027445358
"3",3,3,0.000104308284727646,0.00216310543078307
"4",4,4,0.0288530472491705,0.00263445457223648
"5",5,5,0.288771191584858,0.00964796380178452
"6",6,6,0.0767619885763202,0.0265733679280579
"7",7,7,0.107242135122815,0.00054871165872436
"8",8,8,0.000107497365834407,0.211080642707826
"9",9,9,0.052703725112478,0.0338502943800437
"10",10,10,0.21128846691034,0.195030769254014
