"","X","V","Imp","rand"
"1",1,1,0.14805267932932,0.279119810969381
"2",2,2,0.0160771594151368,0.130173910798698
"3",3,3,0.0118362778117712,0.132950065559908
"4",4,4,0.00144050522528675,0.00400290244659717
"5",5,5,0.136703980250817,0.203646491780622
