"","X","V","Imp","rand"
"1",1,1,0.00654762565199466,0.228507933813673
"2",2,2,0.296734473840665,0.304529283895863
"3",3,3,0.0357938240592257,0.00176911000861295
"4",4,4,0.328864754500123,0.195814241632253
"5",5,5,0.611656416957958,0.0193431496402347
