"","X","V","Imp","rand"
"1",1,1,0.405517769460356,0.078029057230739
"2",2,2,0.262668141804432,0.57472751494351
"3",3,3,0.00894708368668673,0.0235293998708713
"4",4,4,0.00168252846709375,0.0659909276362785
"5",5,5,0.240381912971534,0.00765633319952631
