"","X","V","Imp","rand"
"1",1,1,0.31010711411597,0.724599258382712
"2",2,2,0.247264381224541,0.0253971833888735
