"","X","V","Imp","rand"
"1",1,1,0.031251372985612,0.358537974878469
"2",2,2,0.443406439632368,0.0341333665611325
"3",3,3,0.0566278396372047,0.023310606545419
"4",4,4,2.29744081301258e-06,0.333712132434637
"5",5,5,0.0312090790039456,0.000302445599396502
