"","X","V","Imp","rand"
"1",1,1,0.183004233741316,0.0114351262008274
"2",2,2,0.0118112254427788,0.00523158262351339
"3",3,3,0.189008559300148,0.22958614778991
"4",4,4,0.00883046000283975,0.133033166915929
"5",5,5,0.0011452975448643,0.370708798989676
