"","V1","effect_size","nonlinear","location","scale","interactions","V2"
"1",1,-0.17678057864373,FALSE,NA,NA,FALSE,NA
"2",2,0.665887707975127,TRUE,-0.308670833953571,1.03613452050359,FALSE,NA
"3",3,-0.237966047236165,TRUE,0.72539395870054,0.196994097903371,FALSE,NA
"4",4,0.00151573111501103,FALSE,NA,NA,FALSE,NA
"5",5,-0.176660915326355,TRUE,2.25617576746129,0.775097736115468,FALSE,NA
