"","V1","effect_size","nonlinear","location","scale","interactions","V2"
"1",1,0.0272853906128503,FALSE,NA,NA,FALSE,NA
"2",2,0.108679461917967,TRUE,-0.903751995762904,2.44355016136299,FALSE,NA
"3",3,0.0821511904948938,TRUE,-1.86805849202174,0.0084895365871489,FALSE,NA
"4",4,0.0939705273095759,FALSE,NA,NA,FALSE,NA
"5",5,0.0338422449737646,TRUE,0.0508044820744104,0.460061280988157,FALSE,NA
"6",1,0.18225974120042,FALSE,NA,NA,TRUE,3
