"","X","V","Imp","rand"
"1",1,1,0.22572854385224,0.234761566083892
"2",2,2,0.14451513374008,0.111725604444828
"3",3,3,0.236660315161107,0.195031502820925
"4",4,4,0.0393109849930459,0.196248771337089
"5",5,5,0.00312080952229032,0.0122239786368188
