"","X","V","Imp","rand"
"1",1,1,0.00851703671393138,0.0297881059850206
"2",2,2,0.0262130865455655,0.00774144057285455
"3",3,3,8.71957950130002e-05,0.382453999267047
"4",4,4,0.00258590672506014,0.154584506962466
"5",5,5,0.0250870425699329,0.17540456249778
