"","X","V","Imp","rand"
"1",1,1,0.000900626383943654,0.130870933404702
"2",2,2,0.437703059179347,0.254005706612005
"3",3,3,2.11085747618382e-05,0.224088176170599
"4",4,4,0.0450374393424047,0.104038741188678
"5",5,5,0.0788339993058403,0.0369919734283016
