"","X","V","Imp","rand"
"1",1,1,0.0976180787269228,0.103662659676666
"2",2,2,0.000570823909065113,0.0177995407524039
"3",3,3,0.0938609317502796,0.0883511346668378
"4",4,4,0.053862406565006,0.116906730334439
"5",5,5,0.00106325152246164,8.30377383079708e-05
"6",6,6,0.0117860302566109,0.0340850885711058
"7",7,7,0.00764589656305428,0.0500277090594481
"8",8,8,0.0499784544086824,0.00111156959500536
"9",9,9,0.0052789404747529,0.332866701617708
"10",10,10,0.0239119844404262,0.00510479938185816
