"","X","V","Imp","rand"
"1",1,1,0.0590064137733038,0.718998204183072
"2",2,2,0.0034931110234594,0.0310726662575732
