"","X","V","Imp","rand"
"1",1,1,0.0017061246454197,8.53078266848172e-05
"2",2,2,0.000343243271492221,0.394439874186522
"3",3,3,0.0373441691278862,0.107467803323025
"4",4,4,0.00171560690230365,0.085231346034035
"5",5,5,0.0213868711404266,0.162774905148432
