"","X","V","Imp","rand"
"1",1,1,0.357784501890365,0.166854690229182
"2",2,2,0.00647162361376958,0.20833336851739
"3",3,3,0.00088217971083201,0.167324572168878
"4",4,4,0.168820810885638,0.0105792176064672
"5",5,5,0.0285369328231574,0.196825872806769
