"","X","V","Imp","rand"
"1",1,1,0.499702947648164,0.116152972367292
"2",2,2,0.0059537092573868,0.00667235688634115
"3",3,3,0.005016758008147,0.0903003923641508
"4",4,4,0.502872766791742,0.0194870987093234
"5",5,5,0.0405006830721636,0.00821017931042751
"6",6,6,0.000142037191352014,0.116676755664577
"7",7,7,0.00178137754089342,0.00950208173632422
"8",8,8,0.0121022561509476,0.0751474325564745
"9",9,9,0.000272208021521568,0.303959729760413
"10",10,10,0.243782863231587,0.00387984058624911
