"","X","V","Imp","rand"
"1",1,1,0.315923228135137,0.00129806363749403
"2",2,2,0.000760528372561647,0.52158168569763
"3",3,3,0.0759631736313104,0.0300814247229694
"4",4,4,0.000678969677692703,0.0949214101559837
"5",5,5,0.441452061274092,0.102169951038294
