"","X","V","Imp","rand"
"1",1,1,0.0372253428618032,0.119087673641452
"2",2,2,0.0583230658373,0.340644903689619
"3",3,3,0.279776304584494,0.00505823465550423
"4",4,4,0.132203195877372,0.0205177538477429
"5",5,5,0.022003721759218,0.264690316449755
