"","X","V","Imp","rand"
"1",1,1,0.00366489988338358,0.101672597616787
"2",2,2,0.0321412082254378,0.00202437815146044
"3",3,3,0.00474904456141982,0.029879162081882
"4",4,4,0.0719023481912318,0.0563199305111066
"5",5,5,0.000261373913970664,0.190575078015436
"6",6,6,0.0285245410752514,0.250384647411916
"7",7,7,0.0113990203895324,0.00595500190746822
"8",8,8,0.136808624076521,0.00279689108465646
"9",9,9,0.0794975398660888,0.0228503052908518
"10",10,10,0.111313967214761,0.0874944205406629
