"","X","V","Imp","rand"
"1",1,1,0.202915010995205,0.592416473035611
"2",2,2,0.175658115210369,0.157574765479289
