"","X","V","Imp","rand"
"1",1,1,0.11650444786577,0.157884227305551
"2",2,2,0.230403218325851,0.00282925591652317
"3",3,3,0.198054755395422,0.0548496483819311
"4",4,4,0.0896964334550913,0.474914990039956
"5",5,5,0.101842038160457,0.0595196646356169
