"","X","V","Imp","rand"
"1",1,1,0.115219133411311,0.00592710480994183
"2",2,2,0.00824458182174392,0.0186746782888443
"3",3,3,0.0176418090473246,0.00732442500766381
"4",4,4,0.0239842589901158,0.000493825592263943
"5",5,5,0.0118163026438585,0.162430261042263
"6",6,6,0.00891044048637437,0.25174720287424
"7",7,7,0.025039839763496,1.12544952428902e-05
"8",8,8,0.0301786730156652,0.00786205687275511
"9",9,9,0.00896625177480803,0.262102631579328
"10",10,10,2.94677637537154e-05,0.0334940088646522
