"","X","V","Imp","rand"
"1",1,1,0.148341049523143,0.103648739412332
"2",2,2,0.000168412380002838,0.360852947163966
"3",3,3,0.0466227548800552,0.0113716206836301
"4",4,4,0.0629371330604754,0.273682774313525
"5",5,5,0.132609226190299,0.000440515414828125
