"","X","V","Imp","rand"
"1",1,1,0.389929152213553,0.0164393912759507
"2",2,2,0.0689126699806405,0.569232113518517
"3",3,3,0.0797823428135186,0.065621512443812
"4",4,4,0.122077116615672,0.0966535540740911
"5",5,5,0.316100250503888,0.00194287856744782
