"","X","V","Imp","rand"
"1",1,1,0.14117644882716,0.112757606139565
"2",2,2,0.0153305308119514,0.259762085085814
"3",3,3,0.0631749815934473,0.0458920105568789
"4",4,4,0.0969487753091666,0.215271527550002
"5",5,5,0.0144142897918144,0.116278248153746
