"","X","V","Imp","rand"
"1",1,1,0.103195196999765,0.00414084918964631
"2",2,2,0.00466712772271732,0.0819831247707017
"3",3,3,8.36568604646344e-05,0.0211738255718133
"4",4,4,0.0143771415079812,0.298336261040454
"5",5,5,0.0556965222502915,0.00139697851936992
"6",6,6,0.0410696574446858,0.0298062714174538
"7",7,7,0.00494038111072039,0.106363296847787
"8",8,8,0.0111854852579018,0.0283724768824155
"9",9,9,0.000966266164216172,0.159079089721256
"10",10,10,0.0106189391203238,0.019109319976717
