"","X","V","Imp","rand"
"1",1,1,0.1859961884391,0.269899791047332
"2",2,2,0.0230918410811362,0.111195789760499
"3",3,3,0.0087819506963819,0.128956373169268
"4",4,4,0.0321152477719384,0.124060904332566
"5",5,5,9.31514163628615e-06,0.115885023829967
