"","X","V","Imp","rand"
"1",1,1,0.0318350877860887,0.214703038512614
"2",2,2,0.462472288211232,0.0326286460490197
"3",3,3,0.001360919956894,0.0755972901670657
"4",4,4,0.208427220434064,0.339991756046454
"5",5,5,0.127256292623786,0.0871675916747801
