"","V1","effect_size","nonlinear","location","scale","interactions","V2"
"1",1,0.178423899144954,TRUE,-0.54639759319237,2.27601847971294,FALSE,NA
"2",2,0.563492741124388,FALSE,NA,NA,FALSE,NA
"3",3,-0.0368906486374799,FALSE,NA,NA,FALSE,NA
"4",4,-0.251950394964383,TRUE,2.04283302618658,1.33840977675737,FALSE,NA
"5",5,-0.356729999612853,TRUE,-0.0252514135636395,2.07591629764977,FALSE,NA
"6",2,-0.144948218911355,FALSE,NA,NA,TRUE,4
