"","V1","effect_size","nonlinear","location","scale","interactions","V2"
"1",1,-0.431272754111711,FALSE,NA,NA,FALSE,NA
"2",2,0.151959998292762,TRUE,-0.273367997852327,0.470932770520449,FALSE,NA
"3",3,0.0937120627047655,TRUE,1.53495100852228,1.66328192485359,FALSE,NA
"4",4,-0.179207276001669,FALSE,NA,NA,FALSE,NA
"5",5,0.00305207169579716,TRUE,1.50986638987907,0.689356560818851,FALSE,NA
