"","X","V","Imp","rand"
"1",1,1,0.0326514589975014,0.0451350334794343
"2",2,2,0.00537663745193484,6.97517850138179e-05
"3",3,3,0.0438361962936627,0.392633470933341
"4",4,4,0.0109209095242082,0.312127943058117
"5",5,5,0.0339461185250585,7.46127396180506e-05
