"","X","V","Imp","rand"
"1",1,1,0.21893122283813,0.285493440719367
"2",2,2,0.0276419995851652,0.129856250049475
"3",3,3,0.000626653136755219,0.129546192489424
"4",4,4,0.370986680376327,0.169707156954558
"5",5,5,0.559366976467209,0.0353450227804649
