"","X","V","Imp","rand"
"1",1,1,0.244353219563713,0.0359314369945949
"2",2,2,0.00782741778041109,0.221222548097085
"3",3,3,0.0826224911723716,0.375411664330637
"4",4,4,0.227304064078611,0.00937421005674962
"5",5,5,0.000310908810062255,0.108147639483769
