"","X","V","Imp","rand"
"1",1,1,0.299506721392356,0.00729987713799392
"2",2,2,0.0122624464452552,0.00855897240968573
"3",3,3,0.145445570602687,0.0189700277164749
"4",4,4,0.00810269721859394,0.526166869179406
"5",5,5,0.0971790789501732,0.189003367659505
