"","X","V","Imp","rand"
"1",1,1,0.000424897520197272,0.0378259907001268
"2",2,2,0.596063125991747,0.00535771851159
"3",3,3,0.333426983654591,0.0704887409601622
"4",4,4,0.607148293354256,0.00723810988560684
"5",5,5,0.334303762638363,0.629089064268718
