"","X","V","Imp","rand"
"1",1,1,0.0566539403731781,0.137646669993522
"2",2,2,0.0043796345514642,0.00549938292813459
"3",3,3,0.0264039424678564,0.339831382776389
"4",4,4,0.0249423486195892,0.000781181552078141
"5",5,5,0.0125470847615619,0.26624000977021
