"","X","V","Imp","rand"
"1",1,1,0.000424897520197272,0.126896618087587
"2",2,2,0.596063125991747,0.0711699493570305
"3",3,3,0.333426983654591,0.0267888730676592
"4",4,4,0.607148293354256,0.280053948009811
"5",5,5,0.334303762638363,0.245084345838767
