"","V1","effect_size","nonlinear","location","scale","interactions","V2"
"1",1,0.15850749927945,TRUE,1.06610262116816,1.97395872875097,FALSE,NA
"2",2,0.0661788074194768,FALSE,NA,NA,FALSE,NA
"3",3,-0.0521911899859066,TRUE,0.0433463456672525,0.450285225954936,FALSE,NA
"4",4,-0.13074042117856,FALSE,NA,NA,FALSE,NA
"5",5,-0.112013770410436,TRUE,0.829214440307384,0.971837110775423,FALSE,NA
"6",1,0.0236800221557114,FALSE,NA,NA,TRUE,3
"7",1,-0.00784929088964191,FALSE,NA,NA,TRUE,4
