"","X","V","Imp","rand"
"1",1,1,0.00835069110631825,0.17268343293617
"2",2,2,0.01711075338127,0.00735028921147244
"3",3,3,0.0352054077434448,0.0109292543837101
"4",4,4,0.000149303503273996,0.401380044099773
"5",5,5,0.00164827712746633,0.157656134488009
