"","X","V","Imp","rand"
"1",1,1,0.187238857762404,0.0443165520308143
"2",2,2,0.0427447454850907,0.248705177783138
"3",3,3,0.000296276373808433,0.00776018068341349
"4",4,4,5.01258100234024e-05,0.039674031046999
"5",5,5,0.100001003135349,0.179598052785333
"6",6,6,6.61961525284912e-05,0.0465247112968384
"7",7,7,0.114105155828547,0.121484622078904
"8",8,8,0.0461283586203378,0.0238645879464812
"9",9,9,0.0670766005737768,9.84231847447722e-07
"10",10,10,0.00478927310902409,0.0380665857974264
