"","X","V","Imp","rand"
"1",1,1,0.0359630460890736,0.255531840476048
"2",2,2,0.145165649150706,0.35957429942517
"3",3,3,0.273325754254441,0.0442786668432961
"4",4,4,0.00949201401856449,0.00429750855077166
"5",5,5,0.275243340415648,0.0863029313010224
