"","X","V","Imp","rand"
"1",1,1,0.0376442827954964,0.733001053408497
"2",2,2,0.0248557110085593,0.0169974341580422
