"","X","V","Imp","rand"
"1",1,1,0.391008910826786,0.102199616076772
"2",2,2,0.0052267838507324,0.0891680883491501
"3",3,3,0.0272868294746406,0.0826105968463492
"4",4,4,0.0417962043145964,0.000321637130317069
"5",5,5,0.00196902469066316,0.0432109714205989
"6",6,6,0.00166109185745723,0.00474866186338396
"7",7,7,0.012135954862067,0.00011640685332996
"8",8,8,0.000317668839431696,0.184624714093492
"9",9,9,0.36526313845347,0.214306522022063
"10",10,10,0.000101473713634431,0.0285882456909185
