"","X","V","Imp","rand"
"1",1,1,0.0574359099690065,0.000157642569954898
"2",2,2,0.0259019919795863,0.00429945502881782
"3",3,3,0.0660658859050179,0.00146835288574041
"4",4,4,0.108567260748619,0.0291472853461572
"5",5,5,0.106002401636299,0.201437438134122
"6",6,6,0.103749903053129,0.000268023982160591
"7",7,7,0.0190720829801487,0.0309686960607337
"8",8,8,0.000120637060093985,0.0857068080299905
"9",9,9,0.0460596340267572,0.0474490505809805
"10",10,10,0.0295193997607938,0.349087194622369
