"","V1","effect_size","nonlinear","location","scale","interactions","V2"
"1",1,0.239657901954028,0,NA,NA,FALSE,NA
"2",2,0.160940958054767,0,NA,NA,FALSE,NA
"3",3,0.257032849855846,0,NA,NA,FALSE,NA
"4",4,0.329495463927227,0,NA,NA,FALSE,NA
"5",5,-0.32558010018473,0,NA,NA,FALSE,NA
"6",6,-0.322102317677363,0,NA,NA,FALSE,NA
"7",7,0.138101712444664,0,NA,NA,FALSE,NA
"8",8,0.0109834903420536,0,NA,NA,FALSE,NA
"9",9,0.214615083409245,0,NA,NA,FALSE,NA
"10",10,0.171812105978577,0,NA,NA,FALSE,NA
