"","X","V","Imp","rand"
"1",1,1,0.00349141608500987,0.0127360854567592
"2",2,2,4.70681402515924e-05,0.364383655459796
"3",3,3,0.00845466301788091,0.00496652938170483
"4",4,4,0.0499631605589447,4.61758223499605e-05
"5",5,5,0.000523481262281569,0.36777029401148
