"","X","V","Imp","rand"
"1",1,1,0.0272274869908356,0.0033914649523827
"2",2,2,0.0333479430800106,0.359395038683842
"3",3,3,0.0957940285384503,0.0853565468505447
"4",4,4,0.0239858808933097,0.0208846210111761
"5",5,5,0.211268457169026,0.00265713246851915
"6",6,6,0.00217585462873266,0.159382073280698
"7",7,7,0.0674132637611222,0.034841026223325
"8",8,8,0.0928766806629893,0.000231675883433825
"9",9,9,0.00295881477922725,0.0549692751232173
"10",10,10,0.00544928170646795,0.0288688941981093
