"","X","V","Imp","rand"
"1",1,1,0.820153154051707,0.393376129332335
"2",2,2,0.318588001452076,0.077751452767955
"3",3,3,0.129541296416652,0.0786578565637458
"4",4,4,0.038984811112779,0.0449096097622125
"5",5,5,0.413648511371175,0.155302574068026
