"","X","V","Imp","rand"
"1",1,1,0.820153154051707,0.00363754113927987
"2",2,2,0.318588001452076,0.120856040999018
"3",3,3,0.129541296416652,0.166166566645824
"4",4,4,0.038984811112779,0.00965364327282863
"5",5,5,0.413648511371175,0.449672061113545
