"","X","V","Imp","rand"
"1",1,1,0.00650077712145346,0.465744275281621
"2",2,2,0.0139614139551994,0.00099833107196067
"3",3,3,0.0021948149668122,0.0574226419929572
"4",4,4,0.045666648866257,0.00465419535547807
"5",5,5,0.000916284169114258,0.0419009754319564
"6",6,6,0.00973477497395939,0.105718784627339
"7",7,7,0.0782267654570367,0.0557715105965432
"8",8,8,0.0352855808648873,0.0134737882775433
"9",9,9,0.0320159551892914,0.00154248479465699
"10",10,10,0.025575836387584,0.00276554331764629
