"","X","V","Imp","rand"
"1",1,1,0.0113824956916911,0.0016841311034397
"2",2,2,0.000538749671326576,0.0140243872300219
"3",3,3,0.000267233492116234,0.00341613479264365
"4",4,4,0.018183753631986,0.0275252994611136
"5",5,5,0.00016038407589525,0.0535082830470001
"6",6,6,0.00330603904829761,0.394278841209833
"7",7,7,0.00345923196140767,0.0499697725967689
"8",8,8,0.0504736013033344,0.183273528310264
"9",9,9,0.00851697325405651,0.0222544515427467
"10",10,10,0.000406868493823636,2.32743130785037e-05
