"","X","V","Imp","rand"
"1",1,1,0.0113824956916911,0.0106205594345843
"2",2,2,0.000538749671326576,0.00593271352830878
"3",3,3,0.000267233492116234,0.048153719142691
"4",4,4,0.018183753631986,0.0355120085752155
"5",5,5,0.00016038407589525,0.0330968339629465
"6",6,6,0.00330603904829761,0.188334582272309
"7",7,7,0.00345923196140767,0.000405877346278295
"8",8,8,0.0504736013033344,0.0931328784903106
"9",9,9,0.00851697325405651,0.0521306896566565
"10",10,10,0.000406868493823636,0.28264705701838
