"","X","V","Imp","rand"
"1",1,1,0.10869805955615,0.00109746308436174
"2",2,2,0.0109717775914731,0.0989996331734157
"3",3,3,0.0853682078275014,0.191210011021187
"4",4,4,0.00301483204082401,0.305478274015117
"5",5,5,0.0155388302318622,0.153214428140562
