"","X","V","Imp","rand"
"1",1,1,0.323678276559724,0.0742871239588235
"2",2,2,0.0252574547234688,0.01188264767407
"3",3,3,0.0435651519846369,0.220869981673165
"4",4,4,0.197413731170536,0.14068664976241
"5",5,5,0.00832052529517603,0.30217022398501
