"","X","V","Imp","rand"
"1",1,1,0.11554491354136,0.211964490208427
"2",2,2,0.134454273560539,0.538029877239847
