"","X","V","Imp","rand"
"1",1,1,0.0461837976389944,0.0960248039572835
"2",2,2,0.00405985919069369,0.00075398888776711
"3",3,3,0.000562459851694366,0.0195618668926191
"4",4,4,0.039760555497428,0.066851715297358
"5",5,5,0.0356991166684186,0.201048003245147
"6",6,6,0.00632822732943211,0.162453302309716
"7",7,7,0.085650628508347,0.0613663209531664
"8",8,8,0.0189425432153237,0.0709237074403124
"9",9,9,0.0128057626071392,0.0166295137977739
"10",10,10,1.7575728790139e-06,0.0543503954736569
