"","V1","effect_size","nonlinear","location","scale","interactions","V2"
"1",1,0.214904159194266,0,NA,NA,FALSE,NA
"2",2,0.063717024339604,0,NA,NA,FALSE,NA
"3",3,-0.0237162360355594,0,NA,NA,FALSE,NA
"4",4,-0.19940049021361,0,NA,NA,FALSE,NA
"5",5,0.188942098719207,0,NA,NA,FALSE,NA
"6",6,0.0795501560616452,0,NA,NA,FALSE,NA
"7",7,-0.292661286316361,0,NA,NA,FALSE,NA
"8",8,0.137631912052851,0,NA,NA,FALSE,NA
"9",9,-0.113162549490276,0,NA,NA,FALSE,NA
"10",10,0.00132573484491202,0,NA,NA,FALSE,NA
