"","X","V","Imp","rand"
"1",1,1,3.28972985663407e-05,0.0693678887782635
"2",2,2,0.00984022616207413,0.109208773650782
"3",3,3,0.0452780963815897,0.0811390326381955
"4",4,4,0.00635474339508271,0.445623580298527
"5",5,5,0.000973714059955024,0.0446542332916806
