"","X","V","Imp","rand"
"1",1,1,0.0509000351249347,0.020578205143434
"2",2,2,0.341991074936861,0.00105507301890844
"3",3,3,0.00352124040693385,0.0143959427041509
"4",4,4,0.0596744746398661,0.0772845262741076
"5",5,5,0.0297647810346719,0.129361520959224
"6",6,6,0.320142527476862,0.00743596589492525
"7",7,7,7.46136939821164e-05,0.00274229530910923
"8",8,8,0.267142001482107,0.0087365336766305
"9",9,9,0.431373030006595,0.2427682801021
"10",10,10,0.0133963038939192,0.245636590958671
