"","X","V","Imp","rand"
"1",1,1,0.0631488969217206,0.316412430515559
"2",2,2,0.205837541600625,0.122913863407913
"3",3,3,0.00467418675825234,0.00477340830986497
"4",4,4,0.0022511418604812,0.303682209494195
"5",5,5,0.286585434687445,0.00221628575384715
