"","V1","effect_size","nonlinear","location","scale","interactions","V2"
"1",1,0.251294442679739,FALSE,NA,NA,FALSE,NA
"2",2,0.453693224107023,FALSE,NA,NA,FALSE,NA
"3",3,0.0683680243845933,TRUE,0.130796176198571,0.957357301334751,FALSE,NA
"4",4,0.0474461996421336,TRUE,0.315719725441519,1.39604719664077,FALSE,NA
"5",5,-0.535336748866958,TRUE,0.700042960820581,2.17377105901454,FALSE,NA
