"","X","V","Imp","rand"
"1",1,1,0.028064542525275,0.146833154267063
"2",2,2,0.177111334109493,0.0142339534707637
"3",3,3,0.164628929629565,0.0159580293453684
"4",4,4,0.0287604079089634,0.0298245048786593
"5",5,5,0.00505959772300982,0.024133935018712
"6",6,6,0.00411248546357805,0.206677796188436
"7",7,7,0.0944117141383355,0.00179477195920518
"8",8,8,1.97441476254763e-05,0.076683617992385
"9",9,9,0.190304191185701,0.0619106544956912
"10",10,10,0.166991478456913,0.1719435351703
