"","X","V","Imp","rand"
"1",1,1,0.183975520486286,0.0530612288849137
"2",2,2,0.0191620528356332,0.464609340370978
"3",3,3,0.181268776697369,0.0043052102414121
"4",4,4,0.166833486219245,0.0302856065663794
"5",5,5,0.0111669482714362,0.197733659970692
