"","X","V","Imp","rand"
"1",1,1,0.0505743793796388,0.102317257294323
"2",2,2,0.0595869572435407,0.500281615937316
"3",3,3,0.266821367796463,0.0118272940435938
"4",4,4,0.0785069371368711,0.118066241939005
"5",5,5,0.246573249403302,0.0175849473375376
