"","X","V","Imp","rand"
"1",1,1,0.140721078270408,0.0206576176418638
"2",2,2,0.0170573481023259,0.00182720161630095
"3",3,3,0.177324096362147,0.114084619917873
"4",4,4,8.09066622668977e-05,0.062101469434002
"5",5,5,0.0055845738855872,0.134175841021831
"6",6,6,0.0135372622620116,0.0106591671940959
"7",7,7,0.000188553680678411,0.0206842302341602
"8",8,8,0.0374129560532832,0.148263849090354
"9",9,9,0.0003122399018821,0.0926703949891181
"10",10,10,0.00343387062368784,0.144872401142985
