"","X","V","Imp","rand"
"1",1,1,0.0609554975908184,0.300364833093827
"2",2,2,0.35766880724257,7.62222614992671e-07
"3",3,3,0.132028070127237,0.049656396623522
"4",4,4,0.0129172657653438,0.00461366418746654
"5",5,5,0.0244223465616406,0.395438328102084
