"","V1","effect_size","nonlinear","location","scale","interactions","V2"
"1",1,-0.219376510723331,FALSE,NA,NA,FALSE,NA
"2",2,-0.598054184202878,TRUE,1.94228829570172,0.111696041253644,FALSE,NA
"3",3,-0.363356670679426,TRUE,-1.3771559941423,0.19143027625978,FALSE,NA
"4",4,-0.00937131963328719,FALSE,NA,NA,FALSE,NA
"5",5,0.156276506748905,TRUE,0.593377988531843,0.420541505329311,FALSE,NA
"6",1,0.0128294441336746,FALSE,NA,NA,TRUE,4
