"","X","V","Imp","rand"
"1",1,1,0.025983154619877,0.109149916284846
"2",2,2,0.022508175956426,0.0421939056421733
"3",3,3,0.0600633998705427,0.00726552148954435
"4",4,4,0.14967869513703,0.0167716895754482
"5",5,5,0.00535631305141855,0.0053338734816302
"6",6,6,0.000243503676713262,0.171261680579225
"7",7,7,0.139282158611185,0.20343941983508
"8",8,8,0.071769547750769,0.19386345400199
"9",9,9,0.138840226471796,0.000190806448120557
"10",10,10,0.00302765669286482,0.000516591435108252
