"","X","V","Imp","rand"
"1",1,1,0.00114263074523694,0.037133974731197
"2",2,2,0.000227334923750617,0.0433372026072769
"3",3,3,0.000555027963683376,0.140830528173996
"4",4,4,0.003953116951533,0.0150862061946315
"5",5,5,0.141646897368903,0.101817559693417
"6",6,6,0.00477822500667801,0.0544448186435593
"7",7,7,0.000202648953573155,0.0768370430500419
"8",8,8,0.018072351717647,0.195196334325186
"9",9,9,0.00914480901440579,0.000831893256915244
"10",10,10,0.143341336651347,0.0844738062962277
