"","X","V","Imp","rand"
"1",1,1,0.0325110415998205,0.12049269099897
"2",2,2,0.304161398001247,0.0145404029232822
"3",3,3,0.0802346121097369,0.228246653091342
"4",4,4,0.00361494779332113,0.116998187869029
"5",5,5,0.344531448355576,0.269778672388923
