"","X","V","Imp","rand"
"1",1,1,0.00184960445060026,0.204634657847711
"2",2,2,0.00409736847271329,0.0805482803200703
"3",3,3,6.37370020311594e-08,0.0978118451082898
"4",4,4,0.0010955050346727,0.141678472625213
"5",5,5,0.00919131855148963,0.00954241538547405
"6",6,6,0.00308919502401801,0.00556650156694744
"7",7,7,0.0695822087886846,0.0862147426888583
"8",8,8,0.0960467719607464,0.0649223277607764
"9",9,9,0.0749235586939224,0.0012094403551622
"10",10,10,0.0790611372198723,0.0578699814489684
