"","X","V","Imp","rand"
"1",1,1,0.00448964712308083,0.0721822449128155
"2",2,2,0.000611391378757631,0.00885607086666699
"3",3,3,2.23980590972637e-05,0.0169716614650146
"4",4,4,0.00271723203174292,0.000282893621083159
"5",5,5,0.0155515413319773,0.147748394820413
"6",6,6,0.00495395411519231,0.174783925494629
"7",7,7,0.000373780620883791,0.0168360106077472
"8",8,8,0.000794311079582811,0.0988931492491353
"9",9,9,0.0142917729702239,0.0189124657288524
"10",10,10,0.0186756994330709,0.194505604875178
