"","X","V","Imp","rand"
"1",1,1,0.00226744860032392,0.205639173858687
"2",2,2,4.12965191843115e-05,0.00801077718898579
"3",3,3,0.000758280576110625,0.0519020542501977
"4",4,4,0.00365191503397078,0.139687596551908
"5",5,5,0.000265978371383099,0.000622111265225875
"6",6,6,1.52502530900834e-05,0.111190427199513
"7",7,7,0.0173157948097213,0.167166661808978
"8",8,8,0.0094475565937118,0.00409813880033587
"9",9,9,0.0179171320777768,0.0359910225361393
"10",10,10,0.0107608390631212,0.025684346656471
