"","X","V","Imp","rand"
"1",1,1,0.00226744860032392,0.0541919577140625
"2",2,2,4.12965191843115e-05,0.106102075158965
"3",3,3,0.000758280576110625,0.015928217443544
"4",4,4,0.00365191503397078,0.018762485965655
"5",5,5,0.000265978371383099,0.0168802770463336
"6",6,6,1.52502530900834e-05,0.106625867595403
"7",7,7,0.0173157948097213,0.0395229672084965
"8",8,8,0.0094475565937118,0.29865952866622
"9",9,9,0.0179171320777768,0.0884425354438143
"10",10,10,0.0107608390631212,0.00488223076970796
