"","V1","effect_size","nonlinear","location","scale","interactions","V2"
"1",1,0.067004829102691,0,NA,NA,FALSE,NA
"2",2,-0.0247263296661197,0,NA,NA,FALSE,NA
"3",3,0.00473265877676214,0,NA,NA,FALSE,NA
"4",4,-0.0521270758027239,0,NA,NA,FALSE,NA
"5",5,0.124705819158439,0,NA,NA,FALSE,NA
"6",6,-0.0703843314608607,0,NA,NA,FALSE,NA
"7",7,-0.0193334068617973,0,NA,NA,FALSE,NA
"8",8,-0.0281835249673069,0,NA,NA,FALSE,NA
"9",9,-0.119548203542437,0,NA,NA,FALSE,NA
"10",10,-0.136659062754985,0,NA,NA,FALSE,NA
