"","X","V","Imp","rand"
"1",1,1,0.18796849097373,0.147091015443668
"2",2,2,0.0620314486973436,0.602902658275151
