"","X","V","Imp","rand"
"1",1,1,0.101969579835131,0.0404019604051676
"2",2,2,0.0315025869052628,0.00109219165471076
"3",3,3,0.0249623851383581,0.564606390724886
"4",4,4,0.0628884280532421,0.0791350305491101
"5",5,5,0.0286860925285329,0.0647632877709643
