"","X","V","Imp","rand"
"1",1,1,0.00578259920670965,0.0511066538927879
"2",2,2,0.0256460625165494,0.0044892144616596
"3",3,3,0.11373116443735,0.147631970600799
"4",4,4,0.000140135721271529,0.0670387226896537
"5",5,5,0.0137355833062348,0.000376678783423969
"6",6,6,0.111492363000076,0.007151657449204
"7",7,7,0.0118076942101891,0.000784691655398998
"8",8,8,2.19077218994756e-05,0.0137221472988972
"9",9,9,0.0112765645035802,0.00879601959467205
"10",10,10,0.00047486357450766,0.448898730491254
