"","X","V","Imp","rand"
"1",1,1,0.00578259920670965,0.0140374444425095
"2",2,2,0.0256460625165494,0.00175067398782718
"3",3,3,0.11373116443735,0.154927099686429
"4",4,4,0.000140135721271529,0.0438395551140226
"5",5,5,0.0137355833062348,6.63849102024306e-05
"6",6,6,0.111492363000076,0.0652608103175819
"7",7,7,0.0118076942101891,0.253783876717606
"8",8,8,2.19077218994756e-05,0.0115297976931046
"9",9,9,0.0112765645035802,0.158414066529346
"10",10,10,0.00047486357450766,0.0463665505913056
