"","V1","effect_size","nonlinear","location","scale","interactions","V2"
"1",1,-0.319326760286592,TRUE,0.0750908996891287,2.36051422468475,FALSE,NA
"2",2,-0.177489681123334,FALSE,NA,NA,FALSE,NA
"3",3,0.157994889595702,FALSE,NA,NA,FALSE,NA
"4",4,0.250775652831853,TRUE,-1.12188773151277,0.947243658545527,FALSE,NA
"5",5,0.169369691882972,TRUE,1.65484599657572,0.0413619894534349,FALSE,NA
