"","X","V","Imp","rand"
"1",1,1,0.0595465333550575,0.00398704391724855
"2",2,2,0.0652868624897922,0.0251759786034618
"3",3,3,0.0799856255207221,0.0408298726239183
"4",4,4,0.00606378027216261,0.0298990369512047
"5",5,5,0.0215161845969654,0.0652816182331728
"6",6,6,0.118602106333521,0.154302236996305
"7",7,7,0.0716789757513216,0.152383150768191
"8",8,8,0.0221457961699284,0.231115820389557
"9",9,9,0.0524848886514102,0.0256573614610825
"10",10,10,0.163750502652594,0.0213281737206377
