"","X","V","Imp","rand"
"1",1,1,0.0962854496873334,0.0945141075985178
"2",2,2,0.43254333944276,0.162758969076059
"3",3,3,0.00782149068319453,0.0191078403125683
"4",4,4,0.0394453358727562,0.324697206817482
"5",5,5,0.148640204876934,0.148914623791268
