"","X","V","Imp","rand"
"1",1,1,0.00972261586519709,0.256295633889305
"2",2,2,1.52119923944754e-05,0.196249547704785
"3",3,3,0.0516665461747211,0.0463101385989759
"4",4,4,0.00092883397749276,0.201040965918398
"5",5,5,0.000157626577974641,0.0500841344694161
