"","X","V","Imp","rand"
"1",1,1,0.000239864309675406,0.0443420757019393
"2",2,2,0.0386668117292236,0.361811774889519
"3",3,3,0.349482769638435,0.156515149660007
"4",4,4,0.0978816979573748,0.0283443494431674
"5",5,5,0.308841273643518,0.158984770066631
