"","X","V","Imp","rand"
"1",1,1,0.00168043882863169,0.00288405522160355
"2",2,2,0.0255629589199965,0.0666280491866546
"3",3,3,0.122235318085581,0.00699068481264266
"4",4,4,0.0568293699823739,0.0931515654029536
"5",5,5,0.0123397753369235,0.252249079448255
"6",6,6,0.0094488219006416,0.123334192967738
"7",7,7,0.029031998178946,0.0637997563731802
"8",8,8,0.0203378761721961,0.00274876820275639
"9",9,9,0.0747961234094833,0.0539788479290675
"10",10,10,0.0320691840256502,0.0842299787067904
