"","X","V","Imp","rand"
"1",1,1,0.0832022886255127,0.231310089431766
"2",2,2,0.127176632605,0.0803793809359189
"3",3,3,0.134727458659179,0.0282900323277226
"4",4,4,0.0640301750621708,0.00115759088488202
"5",5,5,0.00343782426419857,0.40885940040487
