"","V1","effect_size","nonlinear","location","scale","interactions","V2"
"1",1,0.15778720410557,TRUE,-0.0377521276772376,0.816015326375973,FALSE,NA
"2",2,-0.0274326288297841,TRUE,0.176294180275439,0.705363491508079,FALSE,NA
"3",3,0.0911228576082403,TRUE,-0.491162087478309,1.31487672753705,FALSE,NA
"4",4,-0.0756616693981235,FALSE,NA,NA,FALSE,NA
"5",5,0.0586329622669584,FALSE,NA,NA,FALSE,NA
"6",2,-0.126424083480487,FALSE,NA,NA,TRUE,3
"7",1,0.0583054868460599,FALSE,NA,NA,TRUE,4
