"","X","V","Imp","rand"
"1",1,1,0.138386023825338,0.145912882268345
"2",2,2,0.424113915956123,0.604081361645422
