"","X","V","Imp","rand"
"1",1,1,0.651347566773179,0.0676334197451636
"2",2,2,0.131410146594526,0.286346015246611
"3",3,3,0.0734849506716546,0.020662024630977
"4",4,4,0.430284367796411,0.0850925770638732
"5",5,5,0.129000821481325,0.290257897560798
