"","X","V","Imp","rand"
"1",1,1,0.138386023825338,0.609234987694699
"2",2,2,0.424113915956123,0.140756157165514
