"","X","V","Imp","rand"
"1",1,1,0.0969750500967355,0.152938359183987
"2",2,2,0.0573080102102457,0.14676961929593
"3",3,3,0.0023987743992839,0.0472180713277712
"4",4,4,0.00550652983635458,0.0366112795374745
"5",5,5,3.45561145362261e-05,0.000146041873699344
"6",6,6,0.108786288798784,0.258122582127194
"7",7,7,0.0988854772028522,0.0228823815192135
"8",8,8,0.0256227767055036,0.0374529692514111
"9",9,9,0.249148180933782,0.00724873153990602
"10",10,10,0.0264478207289584,0.0406089879217869
