"","X","V","Imp","rand"
"1",1,1,0.0969750500967355,0.0585111660594703
"2",2,2,0.0573080102102457,0.0541141921083153
"3",3,3,0.0023987743992839,0.24602619143451
"4",4,4,0.00550652983635458,0.169159670603826
"5",5,5,3.45561145362261e-05,6.75427376468988e-05
"6",6,6,0.108786288798784,0.0702383779172215
"7",7,7,0.0988854772028522,0.0111182415313582
"8",8,8,0.0256227767055036,0.136742665925896
"9",9,9,0.249148180933782,0.00396353097630098
"10",10,10,0.0264478207289584,5.59015011105696e-05
