"","X","V","Imp","rand"
"1",1,1,0.0240119678510754,0.00134699789167641
"2",2,2,0.0588503710047298,0.0199875885100279
"3",3,3,0.0282871122910482,0.00733935549384348
"4",4,4,0.112256160738983,0.00330747407799659
"5",5,5,0.0015723430988709,0.130044855699477
"6",6,6,1.17076225985627e-05,0.151683447286378
"7",7,7,0.0230348851566334,0.2080874652589
"8",8,8,0.00799721749003239,0.0346196088241854
"9",9,9,0.00997357887220215,0.174600166346568
"10",10,10,0.00320085839477949,0.0189815628570404
