"","X","V","Imp","rand"
"1",1,1,0.0575392614163935,0.0271151335495495
"2",2,2,0.0184526425911554,0.00121559722326553
"3",3,3,0.000199808753469053,0.00214284218457129
"4",4,4,0.0919847375322644,0.366005579905184
"5",5,5,0.0316123847549081,0.00308446729070365
"6",6,6,0.00537090465037205,0.0972681967192411
"7",7,7,0.0387841039997245,0.0126283374508354
"8",8,8,5.77539399803323e-05,9.54288851105675e-05
"9",9,9,0.222267819483639,0.240210845003904
"10",10,10,0.0961609931197702,0.000217355651203206
