"","X","V","Imp","rand"
"1",1,1,0.164420743344534,0.315893623090822
"2",2,2,0.0259171953014544,0.294320137403088
"3",3,3,0.000392414574122035,0.0535815865186652
"4",4,4,0.0162522020203506,0.0708605707043767
"5",5,5,0.18601056084553,0.0153392798940707
