"","X","V","Imp","rand"
"1",1,1,0.00163723660927902,0.000987021311167707
"2",2,2,4.59490404871139e-05,0.0486057424296994
"3",3,3,0.0290224975857668,5.68028826173126e-05
"4",4,4,0.0243135041447123,0.0733836911682203
"5",5,5,0.0112057465035231,0.428254678227161
"6",6,6,0.0198121522666041,0.00233472889512467
"7",7,7,0.00181701541314148,0.123592850190091
"8",8,8,0.0287283990617235,0.0692813064247106
"9",9,9,5.11122921188602e-05,0.00205209377225394
"10",10,10,0.00154620000261885,0.00144127971034717
