"","V1","effect_size","nonlinear","location","scale","interactions","V2"
"1",1,-0.045232167698115,0,NA,NA,FALSE,NA
"2",2,0.160988183732392,0,NA,NA,FALSE,NA
"3",3,0.0198094566841707,0,NA,NA,FALSE,NA
"4",4,0.00850537560715721,0,NA,NA,FALSE,NA
"5",5,0.0863475876300795,0,NA,NA,FALSE,NA
"6",4,-0.0161798606061318,0,NA,NA,TRUE,5
"7",1,0.162374794349864,0,NA,NA,TRUE,5
