"","X","V","Imp","rand"
"1",1,1,0.0277700929010733,0.0820374467298276
"2",2,2,0.00700706158715777,0.0197127558459733
"3",3,3,0.00768352947173683,0.105572148329933
"4",4,4,0.0164128877981143,0.185928650543545
"5",5,5,0.0122918631770696,0.0656898611538204
"6",6,6,0.00689488065408368,0.213637903084245
"7",7,7,0.0260390883411632,0.00622496223930159
"8",8,8,6.6002715037531e-05,0.0038204805613433
"9",9,9,0.00943447323510284,0.0305127220361078
"10",10,10,7.64506798878494e-07,0.0368387750391138
