"","X","V","Imp","rand"
"1",1,1,0.4399100403777,0.365206327604418
"2",2,2,0.00360719459604649,0.180141042087608
"3",3,3,0.190648923790251,0.0275035771300854
"4",4,4,0.431525196420678,0.0564106986445515
"5",5,5,0.179999053432704,0.120727006449569
