"","X","V","Imp","rand"
"1",1,1,0.4399100403777,0.00123471880955024
"2",2,2,0.00360719459604649,0.352936877279256
"3",3,3,0.190648923790251,0.137431657726448
"4",4,4,0.431525196420678,0.247982973534631
"5",5,5,0.179999053432704,0.010518910137285
