"","X","V","Imp","rand"
"1",1,1,0.110665856058885,0.151308052526904
"2",2,2,0.00757104699960818,0.487831300484386
"3",3,3,0.17269350434002,0.0643863233967421
"4",4,4,0.0767771657621121,0.0421909417028405
"5",5,5,0.18663805661587,0.00427033099893163
