"","X","V","Imp","rand"
"1",1,1,0.440698977261536,0.212477797609893
"2",2,2,0.0283670527089786,0.170340750986464
"3",3,3,2.96162272358989e-05,0.303502738909672
"4",4,4,0.000121390191692163,0.00802965948415677
"5",5,5,0.093261513444211,0.0557250341042791
