"","V1","effect_size","nonlinear","location","scale","interactions","V2"
"1",1,0.262454906962264,TRUE,1.97044505019236,0.333492948208004,FALSE,NA
"2",2,0.0870117635702678,TRUE,1.90123142102357,0.654925641603768,FALSE,NA
"3",3,0.233316329286413,FALSE,NA,NA,FALSE,NA
"4",4,-0.277086928168963,FALSE,NA,NA,FALSE,NA
"5",5,0.163088270323839,TRUE,1.40357326147143,0.0944289700128138,FALSE,NA
"6",1,-0.0417832778703143,FALSE,NA,NA,TRUE,5
"7",3,-0.118256994828334,FALSE,NA,NA,TRUE,5
