"","X","V","Imp","rand"
"1",1,1,0.069157396722204,0.406407603074075
"2",2,2,0.361126715401188,0.223189586026602
"3",3,3,0.0190202187425973,0.0185796100217125
"4",4,4,0.099091804061654,0.0349705678610063
"5",5,5,0.0140430058283064,0.0668976486809602
