"","X","V","Imp","rand"
"1",1,1,0.069157396722204,1.95042086558891e-05
"2",2,2,0.361126715401188,0.0511187294082996
"3",3,3,0.0190202187425973,0.00179499252667247
"4",4,4,0.099091804061654,0.33116405334505
"5",5,5,0.0140430058283064,0.365898568984569
