"","V1","effect_size","nonlinear","location","scale","interactions","V2"
"1",1,0.262977939611299,TRUE,-0.586529950799998,0.327622990123928,FALSE,NA
"2",2,0.600938195991225,TRUE,-0.629418379620442,0.148114599683453,FALSE,NA
"3",3,0.137913809107708,FALSE,NA,NA,FALSE,NA
"4",4,-0.314788506876687,TRUE,-0.765049668409189,0.594200092367828,FALSE,NA
"5",5,-0.118503189106059,FALSE,NA,NA,FALSE,NA
