"","X","V","Imp","rand"
"1",1,1,0.0342946361284306,0.0466138606918378
"2",2,2,0.120606975673476,0.00023955260608074
"3",3,3,0.0039889765663143,0.00352554286520481
"4",4,4,0.000935087665378995,0.140089184211654
"5",5,5,0.0664141237894708,0.0157068781213496
"6",6,6,0.0215244909272587,0.360029522438606
"7",7,7,0.000187645746851014,0.129600727067608
"8",8,8,0.00100791131304751,0.00103178720602547
"9",9,9,0.177150970643263,0.026697996279229
"10",10,10,0.00921997528604641,0.0264291979174982
