"","X","V","Imp","rand"
"1",1,1,0.0777904853418708,0.0160883343908885
"2",2,2,0.0543779354455017,0.155242426618478
"3",3,3,0.0562980615992872,0.00515593438739415
"4",4,4,0.0985976637501172,0.332334397355466
"5",5,5,0.000621368368017792,0.0168751257489003
"6",6,6,0.12287914235329,0.0329614750987887
"7",7,7,0.00459140430215809,0.0753114264842272
"8",8,8,0.0449725935481879,7.63609317898131e-06
"9",9,9,0.0698605997973592,0.0465889368983237
"10",10,10,0.0325076784010737,0.0694260207624287
