"","V1","effect_size","nonlinear","location","scale","interactions","V2"
"1",1,-0.278909457247098,0,NA,NA,FALSE,NA
"2",2,0.233190770498109,0,NA,NA,FALSE,NA
"3",3,-0.237272125626436,0,NA,NA,FALSE,NA
"4",4,0.31400264927245,0,NA,NA,FALSE,NA
"5",5,-0.0249272615426924,0,NA,NA,FALSE,NA
"6",6,-0.350541213487501,0,NA,NA,FALSE,NA
"7",7,-0.0677599018753576,0,NA,NA,FALSE,NA
"8",8,0.212067426891043,0,NA,NA,FALSE,NA
"9",9,0.264311558198576,0,NA,NA,FALSE,NA
"10",10,0.180298858568416,0,NA,NA,FALSE,NA
