"","X","V","Imp","rand"
"1",1,1,0.00199472472328232,0.267020652596871
"2",2,2,0.0605046782772689,0.482975954084826
