"","X","V","Imp","rand"
"1",1,1,4.74069653816196e-05,0.312000557341151
"2",2,2,0.0624209015561151,0.437998993273096
