"","X","V","Imp","rand"
"1",1,1,0.00176678392813016,0.090239815106347
"2",2,2,7.73266636644525e-08,0.000310243811593435
"3",3,3,0.0458769002174212,0.0298644639272146
"4",4,4,0.0316759416983612,0.0310992777080727
"5",5,5,0.00371639180933136,0.0351701837605869
"6",6,6,0.0190168466786563,0.00251428253168634
"7",7,7,0.00625101178153709,0.105172741410499
"8",8,8,2.12321661113028e-05,0.39392901351691
"9",9,9,2.28932463747693e-05,0.0040364922292983
"10",10,10,0.0128547479479196,0.0577110991050226
