"","X","V","Imp","rand"
"1",1,1,0.000784924313279067,0.0781041826901865
"2",2,2,0.00707775253592381,0.244239458023696
"3",3,3,0.124014887385722,0.0271528394459737
"4",4,4,0.0221921330787212,0.0323327685730906
"5",5,5,0.119861850189429,0.000190941522029871
"6",6,6,0.000534049761826234,0.0659564927474726
"7",7,7,0.000437134749773262,0.259023885938461
"8",8,8,0.00917959128399639,0.0142553482508337
"9",9,9,0.00182313008182512,0.0142052696518126
"10",10,10,0.00564426409203262,0.0145957628953609
