"","X","V","Imp","rand"
"1",1,1,0.0492919863467907,0.0618662716657583
"2",2,2,0.0609973266557594,0.0311432159866479
"3",3,3,0.0599302092636,0.0051787430815178
"4",4,4,0.00529233529510704,0.0805577380868691
"5",5,5,0.0559564877812543,0.000710709275352653
"6",6,6,0.00301196623241435,0.3590217632691
"7",7,7,0.0903056906252943,0.125645754086871
"8",8,8,0.0763876818949741,0.0395349903809724
"9",9,9,0.100285126334689,0.00927946033656049
"10",10,10,0.0610595108511794,0.0370563424768194
