"","X","V","Imp","rand"
"1",1,1,0.00287604973417945,0.0283981382536356
"2",2,2,0.134723177730226,0.0731683357608101
"3",3,3,0.0283463570096283,0.358662487482299
"4",4,4,0.244825983604004,0.0351773519229864
"5",5,5,0.45673927503768,0.254592840524753
