"","X","V","Imp","rand"
"1",1,1,0.00759358391405539,0.0227280804374007
"2",2,2,0.00996484906352389,0.00660816021682605
"3",3,3,0.011577260235652,0.000510416794672122
"4",4,4,0.0151975581635796,0.0882013362498489
"5",5,5,0.000142320241026831,0.00564842999214821
"6",6,6,0.00231952720042863,0.227884117801183
"7",7,7,0.000116584697485351,0.0328410474127149
"8",8,8,0.000295492953031352,0.309743590783673
"9",9,9,0.012831984689769,0.0102844304096768
"10",10,10,0.00250305395289933,0.0454831287183785
