"","X","V","Imp","rand"
"1",1,1,0.45416165723619,0.375243365027364
"2",2,2,0.201845144489461,0.0156200496248973
"3",3,3,0.460290081545031,0.0426336505541167
"4",4,4,0.195769414555148,0.309745042418458
"5",5,5,0.300225015092788,0.006740668370132
