"","X","V","Imp","rand"
"1",1,1,0.45416165723619,0.639133724499254
"2",2,2,0.201845144489461,0.039305915248237
"3",3,3,0.460290081545031,0.0146753027580288
"4",4,4,0.195769414555148,0.0466873921765267
"5",5,5,0.300225015092788,0.0101926323236746
