"","X","V","Imp","rand"
"1",1,1,0.0503658054088442,0.313294387799706
"2",2,2,0.125618968231458,0.00495327661520405
"3",3,3,0.00367094930278672,0.0244260594200332
"4",4,4,0.0155482721583179,0.36626642016126
"5",5,5,0.0547940605313988,0.0410530625710379
