"","X","V","Imp","rand"
"1",1,1,0.0152149099018659,0.000903132003265475
"2",2,2,0.419338202645214,0.00621020541928521
"3",3,3,0.0338616991190252,8.87678917201327e-06
"4",4,4,0.065011488933624,0.00891993946006818
"5",5,5,0.405004030791192,0.734037601055678
