"","V1","effect_size","nonlinear","location","scale","interactions","V2"
"1",1,-0.224423272877044,TRUE,0.907123525331987,0.722297788864463,FALSE,NA
"2",2,0.354427662903812,FALSE,NA,NA,FALSE,NA
"3",3,-0.0605883594660453,TRUE,-0.905232309105066,5.15415589668253,FALSE,NA
"4",4,-0.124692710926974,TRUE,2.75913125736236,0.155526014292438,FALSE,NA
"5",5,-0.234081311794425,FALSE,NA,NA,FALSE,NA
