"","X","V","Imp","rand"
"1",1,1,0.0347909752262102,0.000286794323809495
"2",2,2,0.00766065009666373,0.120963964646038
"3",3,3,8.78502975799498e-06,0.0138089039566863
"4",4,4,0.0199657341222307,8.31903767103113e-05
"5",5,5,6.65432922996073e-05,0.614854365815786
