"","V1","effect_size","nonlinear","location","scale","interactions","V2"
"1",1,0.186523390560568,FALSE,NA,NA,FALSE,NA
"2",2,-0.0875251397980245,FALSE,NA,NA,FALSE,NA
"3",3,-0.00296395508704079,TRUE,-0.428750458295249,0.225590650749454,FALSE,NA
"4",4,-0.141300156129534,TRUE,-0.676127008289473,0.145190919409383,FALSE,NA
"5",5,-0.00815740720447418,TRUE,-1.50515755962843,0.305384492501616,FALSE,NA
