"","X","V","Imp","rand"
"1",1,1,0.325553718908968,0.002319413548354
"2",2,2,0.110947171197144,0.00393807357405923
"3",3,3,0.00241371196447216,0.319364199734976
"4",4,4,0.165393143232182,0.0138351041397884
"5",5,5,0.0790244056037324,0.0720782053208612
"6",6,6,0.117918093276523,0.0269276998410976
"7",7,7,0.11347748938097,0.036721817975292
"8",8,8,0.0601462746842111,0.100311421282621
"9",9,9,0.0103350791658401,0.0883084795931331
"10",10,10,0.330179137034833,0.0861748438279167
