"","X","V","Imp","rand"
"1",1,1,0.224366635801796,0.0804226412057994
"2",2,2,0.123256634779932,0.00678145705117015
"3",3,3,0.152543133172878,0.647193152042816
"4",4,4,0.228114906577103,0.00235024993846126
"5",5,5,0.0629790789939138,0.0132516698869451
