"","X","V","Imp","rand"
"1",1,1,0.00830435674520019,0.0677238121450297
"2",2,2,4.14492079887252e-05,0.0152564580791571
"3",3,3,0.192334842387486,0.0972493839865866
"4",4,4,0.137138773633963,0.0899070594170076
"5",5,5,0.257861584350252,0.207809392744143
"6",6,6,0.0858793004340596,0.0200512976772767
"7",7,7,0.0681337733542176,0.0864633019407507
"8",8,8,0.0785252371170073,1.25359019073995e-06
"9",9,9,0.0960989619052147,0.00507403783496334
"10",10,10,0.0143199895665044,0.160459023780436
