"","X","V","Imp","rand"
"1",1,1,0.224366635801796,0.103528704644748
"2",2,2,0.123256634779932,0.521337956870984
"3",3,3,0.152543133172878,1.25193155362073e-05
"4",4,4,0.228114906577103,0.0829108126828701
"5",5,5,0.0629790789939138,0.0421172677067605
