"","X","V","Imp","rand"
"1",1,1,0.0129354697532858,0.0121867089088234
"2",2,2,0.223214632363864,0.00267253321717468
"3",3,3,0.0174332420702017,0.00579481029596677
"4",4,4,0.00158929639766136,0.00219253419920128
"5",5,5,0.211123604624931,0.138954237829002
"6",6,6,0.0375457256784939,0.0570600583716909
"7",7,7,4.38405059841878e-05,0.246776107311488
"8",8,8,0.0354096146488712,0.120150553532725
"9",9,9,0.0283914028493918,0.160767586869284
"10",10,10,0.0344878860474371,0.00344296867891775
