"","X","V","Imp","rand"
"1",1,1,0.02846723118131,0.0433633045960067
"2",2,2,0.0456924660968842,0.0586200731847791
"3",3,3,0.000458902369485816,0.127177486703966
"4",4,4,0.0284328775532228,0.104057942097901
"5",5,5,0.14694695828654,0.41674662216084
