"","X","V","Imp","rand"
"1",1,1,0.213519239352791,0.00636786781696514
"2",2,2,0.108659752212307,0.164055995204807
"3",3,3,0.0423503486176039,0.00281384635299704
"4",4,4,0.0136047443858356,0.0550726033506668
"5",5,5,0.00476888240525672,0.0888924087372349
"6",6,6,0.0227648227327013,0.0290738133791171
"7",7,7,0.195191370127413,0.278499362930191
"8",8,8,0.00148897113636234,0.0560896929902032
"9",9,9,0.175849935141239,0.0222640010024189
"10",10,10,0.000450911511951344,0.0468630091975208
