"","X","V","Imp","rand"
"1",1,1,0.0856666256168455,0.515647682077984
"2",2,2,0.0976781096751698,0.00235289233415552
"3",3,3,0.244578769932408,0.120205834554288
"4",4,4,0.107352854501464,0.0519365232156976
"5",5,5,0.027209892071146,0.0598533121052961
