"","V1","effect_size","nonlinear","location","scale","interactions","V2"
"1",1,-0.292688615454796,TRUE,0.557273966178242,1.02563355035445,FALSE,NA
"2",2,-0.312534973523236,FALSE,NA,NA,FALSE,NA
"3",3,-0.494549057154503,TRUE,0.833272759793228,0.537435911595821,FALSE,NA
"4",4,-0.327647454593293,FALSE,NA,NA,FALSE,NA
"5",5,-0.16495421204427,TRUE,-1.46412035001565,1.4128978909043,FALSE,NA
