"","X","V","Imp","rand"
"1",1,1,0.373178284067196,0.0250133813389797
"2",2,2,0.0643588061633443,0.223862833076697
"3",3,3,0.360404664660531,0.129540206794553
"4",4,4,0.165591764837811,0.305586848521891
"5",5,5,0.184029933709614,0.0659958019299912
