"","X","V","Imp","rand"
"1",1,1,0.0700595269550381,0.56525133698328
"2",2,2,0.0113485635067765,0.184768033101029
