"","V1","effect_size","nonlinear","location","scale","interactions","V2"
"1",1,0.131544215249809,TRUE,0.723447660087416,0.0307073262463147,FALSE,NA
"2",2,-0.253690374597351,FALSE,NA,NA,FALSE,NA
"3",3,-0.0673072147620341,TRUE,-1.53090509700149,1.41717468837531,FALSE,NA
"4",4,-0.406929680458198,FALSE,NA,NA,FALSE,NA
"5",5,0.428987102031767,TRUE,0.490059362394478,1.10647244002194,FALSE,NA
"6",1,0.355874403501508,FALSE,NA,NA,TRUE,3
