"","X","V","Imp","rand"
"1",1,1,0.0130778168528962,0.00357552617457522
"2",2,2,3.83995128786076e-07,0.00621537024791513
"3",3,3,0.0634746976909886,0.00183684661659338
"4",4,4,3.43000635976422e-05,0.399038453353098
"5",5,5,0.00336399553117213,0.210360901629216
"6",6,6,0.0117286573079959,0.00050593600375539
"7",7,7,0.295668870567693,0.100824610961848
"8",8,8,0.222874090286055,6.18304290362272e-05
"9",9,9,0.510092981768548,0.0275484329870369
"10",10,10,8.75383680693867e-06,1.10688549238738e-05
