"","X","V","Imp","rand"
"1",1,1,0.00470450895410531,0.20758880670142
"2",2,2,0.00804452474364232,0.056081870829338
"3",3,3,0.0493421039821389,0.00566629349759093
"4",4,4,0.118052546586336,0.102969879519137
"5",5,5,0.0178488253956392,0.0126506383593289
"6",6,6,0.00868081989177143,0.0222960060666467
"7",7,7,0.00197433912709439,0.0212052598850298
"8",8,8,0.0013376931819084,0.263766875441091
"9",9,9,0.0117842100864741,0.0577379172769955
"10",10,10,0.0282231537537574,3.22360984509106e-05
