"","V1","effect_size","nonlinear","location","scale","interactions","V2"
"1",1,-0.0685894230483484,0,NA,NA,FALSE,NA
"2",2,-0.0896912746238023,0,NA,NA,FALSE,NA
"3",3,-0.222130826276181,0,NA,NA,FALSE,NA
"4",4,0.343587756746855,0,NA,NA,FALSE,NA
"5",5,0.133599496240215,0,NA,NA,FALSE,NA
"6",6,-0.0931709176286862,0,NA,NA,FALSE,NA
"7",7,-0.0444335360633654,0,NA,NA,FALSE,NA
"8",8,0.0365744881291372,0,NA,NA,FALSE,NA
"9",9,0.108555101614222,0,NA,NA,FALSE,NA
"10",10,0.167997481391113,0,NA,NA,FALSE,NA
