"","X","V","Imp","rand"
"1",1,1,0.032447002878959,0.0173193255881713
"2",2,2,0.0126595398167353,0.519711114384255
"3",3,3,0.000192800601761024,0.0279569955839104
"4",4,4,0.0155762513694763,0.0872957642056992
"5",5,5,0.00159884506433521,0.0977153287289934
