"","X","V","Imp","rand"
"1",1,1,0.038187296606509,0.0037824747102399
"2",2,2,0.0187600621205396,0.175531843484662
"3",3,3,0.0052380918538455,0.0128737232524264
"4",4,4,0.000210719806828042,0.173244690967003
"5",5,5,0.000102174096443791,0.384636617898686
