"","X","V","Imp","rand"
"1",1,1,0.0320704524066091,0.0669317676839293
"2",2,2,0.0202880206321584,0.0274557264217564
"3",3,3,0.176556832438053,0.00789230414458388
"4",4,4,0.0169749863951714,0.0118865814855998
"5",5,5,0.127568633911223,0.0267422346246187
"6",6,6,0.0191180194773294,0.248797247609227
"7",7,7,0.0693438708485329,0.31156490326299
"8",8,8,0.0132983060473759,0.00856525870228597
"9",9,9,0.077165716225228,0.0147533086941378
"10",10,10,0.0100852298731284,0.0254045612758177
