"","X","V","Imp","rand"
"1",1,1,0.010096437126552,0.164755198293683
"2",2,2,0.0110594968846959,0.000214977206619637
"3",3,3,0.00316652524156829,0.113955088921499
"4",4,4,0.00167587709833741,0.00011245767662945
"5",5,5,0.00195165966620016,0.251052880485794
"6",6,6,0.00236005395408807,0.0155621502969041
"7",7,7,0.00566222961753921,0.00362160688087558
"8",8,8,0.000656177731654022,0.0510835806576376
"9",9,9,0.0103275031135432,0.0647176178437148
"10",10,10,0.0155334693500043,0.0849200771198365
