"","X","V","Imp","rand"
"1",1,1,0.0162348449816877,0.0482274226311724
"2",2,2,0.00354508604740335,0.0908041982705726
"3",3,3,0.00862619041606537,0.0699086249546749
"4",4,4,0.0156040434687197,0.289794057958371
"5",5,5,0.0251813474740235,0.0287575542329415
"6",6,6,0.148370005225509,0.0110382584124928
"7",7,7,0.0105086398382321,0.0657946145060553
"8",8,8,0.0149477813461133,0.00720462683103927
"9",9,9,0.0486853089968879,0.0115800095321906
"10",10,10,0.0647641076570379,0.126886613789121
