"","X","V","Imp","rand"
"1",1,1,0.0795977986900404,0.00443835794816224
"2",2,2,0.0420712753230041,0.0195884775863275
"3",3,3,0.143266957224477,0.124024352311042
"4",4,4,0.243241520032711,0.540884493832057
"5",5,5,0.0543218108898341,0.0610538087210626
