"","X","V","Imp","rand"
"1",1,1,0.670605904837206,0.563280179163991
"2",2,2,0.125433044256823,0.186718729134518
