"","X","V","Imp","rand"
"1",1,1,0.550251855973174,0.00731851784821906
"2",2,2,0.0368239222025863,0.0309278467796746
"3",3,3,0.188731948305181,0.153416944246264
"4",4,4,0.0370717283656767,0.558104728170532
"5",5,5,0.6059777538802,0.00022880985274598
