"","V1","effect_size","nonlinear","location","scale","interactions","V2"
"1",1,-0.121778053935765,FALSE,NA,NA,FALSE,NA
"2",2,-0.000508727708275371,TRUE,0.0741518023695936,2.05121972962263,FALSE,NA
"3",3,-0.434432904261614,FALSE,NA,NA,FALSE,NA
"4",4,0.0157500783163639,FALSE,NA,NA,FALSE,NA
"5",5,0.265623403199734,FALSE,NA,NA,FALSE,NA
"6",2,-0.0368236633987051,FALSE,NA,NA,TRUE,4
"7",1,0.535421961552792,FALSE,NA,NA,TRUE,5
