"","X","V","Imp","rand"
"1",1,1,0.0283553337313593,0.299651643661165
"2",2,2,0.000151981674354661,0.156071379685112
"3",3,3,0.00101484216230533,0.000386633535830549
"4",4,4,0.340290979448476,0.0220297889906432
"5",5,5,0.167340147537643,0.271858348457183
