"","X","V","Imp","rand"
"1",1,1,0.249965099027494,0.50565812818493
"2",2,2,3.45573382091299e-05,0.244323029681273
