"","X","V","Imp","rand"
"1",1,1,0.0044625504123822,0.0127932177956242
"2",2,2,0.00297431884933552,0.0270410496686555
"3",3,3,0.0846652469504616,0.0233560124893626
"4",4,4,0.0176096212563647,0.0892778272299007
"5",5,5,0.00723348485724332,0.0918708056887346
"6",6,6,0.00333422064520102,0.0940648400311936
"7",7,7,0.00358931780551371,0.192771039860708
"8",8,8,0.0932412660295922,0.0374172904258662
"9",9,9,0.0315898147076769,0.146623249070976
"10",10,10,0.0311208050026719,0.0347807450953839
