"","X","V","Imp","rand"
"1",1,1,0.037884551123859,0.0247211556238374
"2",2,2,0.205950478082859,0.0604362629033704
"3",3,3,0.147036794250298,0.0238858460673225
"4",4,4,0.0539437825448224,0.604063246427268
"5",5,5,0.0652879769288291,0.036891278486944
