"","V1","effect_size","nonlinear","location","scale","interactions","V2"
"1",1,0.00611622680294243,FALSE,NA,NA,FALSE,NA
"2",2,0.329023019443175,TRUE,-0.975485111811462,0.096585771636357,FALSE,NA
"3",3,-0.222131635502336,FALSE,NA,NA,FALSE,NA
"4",4,0.126872533084464,FALSE,NA,NA,FALSE,NA
"5",5,0.255515120744016,FALSE,NA,NA,FALSE,NA
"6",2,0.0976943307593551,FALSE,NA,NA,TRUE,3
"7",1,0.037847142893554,FALSE,NA,NA,TRUE,4
