"","X","V","Imp","rand"
"1",1,1,0.0306095698711294,0.018185199243385
"2",2,2,0.0360342418203189,0.144407257840755
"3",3,3,0.247298085107386,0.0017735820342483
"4",4,4,0.0518244637949696,0.0822503107992304
"5",5,5,0.00198618848101884,0.0130441758573929
"6",6,6,0.215017389714824,0.295237634421041
"7",7,7,0.0012450918378037,0.0692529097353683
"8",8,8,0.0209812814007052,0.00541698302177667
"9",9,9,0.0284883197679736,0.117723756487983
"10",10,10,5.39116738218e-06,0.00270441417204632
