"","X","V","Imp","rand"
"1",1,1,0.11706216085173,0.000687956590319363
"2",2,2,0.451364323335764,0.0297541234574216
"3",3,3,0.0501252096898698,0.299521301579014
"4",4,4,0.503917689646049,0.0274181471334209
"5",5,5,0.006515929606749,0.0225497212843685
"6",6,6,0.0262577558040562,0.142831788899932
"7",7,7,0.0516818734074417,0.11793719968313
"8",8,8,0.0837749731272349,0.000748944253096233
"9",9,9,0.0360116102191407,0.0683929801168438
"10",10,10,0.0276877385589448,0.0401100870095376
