"","X","V","Imp","rand"
"1",1,1,0.0919426758268161,0.102897541625573
"2",2,2,0.0545966764596049,0.647151817036584
