"","X","V","Imp","rand"
"1",1,1,0.206987670043982,0.211984692607682
"2",2,2,0.0159571218802381,0.146805808895108
"3",3,3,0.0393351650211791,0.0463773609902803
"4",4,4,0.0225246524184445,0.00241450335024458
"5",5,5,0.000492695429359923,0.000748493987528987
"6",6,6,0.0915161949519327,0.0185000459366355
"7",7,7,0.00440116787644125,0.00262072021935101
"8",8,8,0.00135863904131585,0.292252217995025
"9",9,9,0.0692529863462804,0.00412203481705157
"10",10,10,0.110721517990051,0.0241576624129883
