"","X","V","Imp","rand"
"1",1,1,0.0558835030478855,0.256070141339263
"2",2,2,0.268127452843064,0.114380026794972
"3",3,3,0.0398441537530475,0.0132552055845195
"4",4,4,0.148899452787703,0.201347271068307
"5",5,5,0.0497131616992349,0.164931877985025
