"","X","V","Imp","rand"
"1",1,1,0.432174335785262,0.00251350647382442
"2",2,2,0.0235145061634721,0.0980315331952174
"3",3,3,0.0529183564456803,0.109303516195098
"4",4,4,0.264176605586172,0.538670752543606
"5",5,5,0.246092315932555,0.00146549109491766
