"","V1","effect_size","nonlinear","location","scale","interactions","V2"
"1",1,-0.411671044550325,FALSE,NA,NA,FALSE,NA
"2",2,0.153344403756616,TRUE,-0.854098646481905,0.910580465068087,FALSE,NA
"3",3,-0.230039901855483,FALSE,NA,NA,FALSE,NA
"4",4,-0.0384098779230856,TRUE,0.0833625948385395,1.7854685046655,FALSE,NA
"5",5,0.496076925418382,TRUE,-1.63353012846191,0.00944416206230693,FALSE,NA
"6",1,0.262701286864106,FALSE,NA,NA,TRUE,4
