"","X","V","Imp","rand"
"1",1,1,0.000299712044019533,0.00848845607409851
"2",2,2,0.0834940819082011,4.79643422656799e-05
"3",3,3,0.0116080913859328,0.0141871415169321
"4",4,4,0.0324683117120914,0.28116084958726
"5",5,5,0.00622759183326064,0.282764766995423
"6",6,6,0.00539268642514429,0.000262796036738721
"7",7,7,5.88291062337639e-05,0.00744274674305613
"8",8,8,0.0267317448528122,0.137499593449822
"9",9,9,0.00532302702345158,0.00308927712129518
"10",10,10,0.0783356792793579,0.0150538174663585
