"","V1","effect_size","nonlinear","location","scale","interactions","V2"
"1",1,0.0173121935068764,0,NA,NA,FALSE,NA
"2",2,-0.288953425153953,0,NA,NA,FALSE,NA
"3",3,0.107740852910736,0,NA,NA,FALSE,NA
"4",4,0.180189654842034,0,NA,NA,FALSE,NA
"5",5,0.0789150925568781,0,NA,NA,FALSE,NA
"6",6,0.0734349128490277,0,NA,NA,FALSE,NA
"7",7,-0.007670013444171,0,NA,NA,FALSE,NA
"8",8,-0.163498455200079,0,NA,NA,FALSE,NA
"9",9,-0.0729590777316406,0,NA,NA,FALSE,NA
"10",10,0.279885118002651,0,NA,NA,FALSE,NA
