"","X","V","Imp","rand"
"1",1,1,0.0146636815755173,0.0827537363892255
"2",2,2,0.0256994261865439,0.300520721651623
"3",3,3,0.00621904468128695,0.0366185754725954
"4",4,4,0.00680975011351808,0.078402199684125
"5",5,5,0.00909298620317226,0.251701655804067
