"","X","V","Imp","rand"
"1",1,1,0.0149594397502215,0.182637012229596
"2",2,2,0.00065389901367868,0.100763310755495
"3",3,3,0.0586020460815206,0.000128182834184689
"4",4,4,0.0622766306277359,0.105669108180305
"5",5,5,0.0505173074808956,0.0133092659259603
"6",6,6,0.0261570606508507,0.0257342710039473
"7",7,7,0.0671774413735883,0.255371830754171
"8",8,8,0.0237083335868145,1.2449991821172e-06
"9",9,9,0.0437999179893458,0.034258880387067
"10",10,10,0.000278985872643119,0.0321227123859179
