"","X","V","Imp","rand"
"1",1,1,0.0539479160379616,0.0556240378524027
"2",2,2,0.0831900403033267,0.0170340121321363
"3",3,3,0.0889980801849453,0.100606583444533
"4",4,4,0.00702114909530129,0.0856787274154895
"5",5,5,0.155665937897299,0.150375418686219
"6",6,6,0.26315346208022,0.221617621442283
"7",7,7,0.0141893771471618,0.0125507265883966
"8",8,8,0.0788335922358737,0.0104129146929577
"9",9,9,0.0105309136897242,0.0681378552591882
"10",10,10,0.121166302992473,0.0279682182295996
