"","X","V","Imp","rand"
"1",1,1,0.237631952555823,0.0226570965010022
"2",2,2,0.0168882275306045,0.279037759612394
"3",3,3,0.0466951397006442,0.00579049916151251
"4",4,4,0.0658726024424219,0.094195622378796
"5",5,5,0.00121156189335892,0.000110526495709345
"6",6,6,0.0237121957444958,0.157607410984106
"7",7,7,0.00253024068046379,0.0773122253609566
"8",8,8,0.00398931465340346,0.0573456518366545
"9",9,9,0.00272934574917784,0.015149227605774
"10",10,10,0.161237619795793,0.0408333103798669
