"","X","V","Imp","rand"
"1",1,1,0.00836202524501614,0.00266890203284848
"2",2,2,0.00220000191523772,0.113517727147426
"3",3,3,0.0215324044123676,0.195332121194763
"4",4,4,0.0733509219878002,0.110290679272716
"5",5,5,0.0204129748486609,0.0303476412965306
"6",6,6,0.000364297801099564,0.00198222996216501
"7",7,7,0.0656404515741372,0.000142684865691024
"8",8,8,0.0399143267921205,0.178176120133755
"9",9,9,0.0145525676400425,0.0564264284640618
"10",10,10,0.00365730717331138,0.0611141147400367
