"","V1","effect_size","nonlinear","location","scale","interactions","V2"
"1",1,0.487475078907448,0,NA,NA,FALSE,NA
"2",2,0.129954713383565,0,NA,NA,FALSE,NA
"3",3,-0.216090582165545,0,NA,NA,FALSE,NA
"4",4,-0.256656584646531,0,NA,NA,FALSE,NA
"5",5,0.0348074976601152,0,NA,NA,FALSE,NA
"6",6,0.153987648025729,0,NA,NA,FALSE,NA
"7",7,-0.0503014977954314,0,NA,NA,FALSE,NA
"8",8,0.0631610216304602,0,NA,NA,FALSE,NA
"9",9,0.0522431406902173,0,NA,NA,FALSE,NA
"10",10,-0.401544044652381,0,NA,NA,FALSE,NA
