"","X","V","Imp","rand"
"1",1,1,0.0986709146223921,0.108876619083243
"2",2,2,0.0576399547154692,0.005123085714355
"3",3,3,0.00433311869502214,0.190585745139462
"4",4,4,0.00703435340809843,0.295092590424689
"5",5,5,0.00086187260642644,0.150309944223763
