"","X","V","Imp","rand"
"1",1,1,0.0907388186742751,0.104239852486636
"2",2,2,0.00615592688704458,0.0108979886128371
"3",3,3,0.000234051518204241,0.00230441913930984
"4",4,4,0.000214830251050385,0.114774999811965
"5",5,5,0.00266964769053735,0.0212464422112066
"6",6,6,0.0054130907916547,0.352033931793936
"7",7,7,0.0271789387541602,0.0308311312843188
"8",8,8,0.090543214157547,0.0720386567913119
"9",9,9,0.00137167983155326,0.0310253545384902
"10",10,10,0.000378212613318742,0.0106043418165832
