"","X","V","Imp","rand"
"1",1,1,0.0986709146223921,0.121358331226557
"2",2,2,0.0576399547154692,0.125381776321328
"3",3,3,0.00433311869502214,0.0577205394084703
"4",4,4,0.00703435340809843,0.427997327168712
"5",5,5,0.00086187260642644,0.017540851811802
