"","X","V","Imp","rand"
"1",1,1,0.0248929894827592,0.15396768510238
"2",2,2,0.0105154130207716,0.092153843408071
"3",3,3,0.0425113477905607,0.159587708863478
"4",4,4,0.0125396843788565,0.00134693581597125
"5",5,5,0.0362689036087344,0.0268551724966318
"6",6,6,0.00275223007276817,0.132568777175057
"7",7,7,0.10982484044776,0.13282089550671
"8",8,8,0.011015154172448,0.00264488645506623
"9",9,9,0.0540679449867866,0.0313907098724859
"10",10,10,0.0130642000051268,0.0166608693871319
