"","X","V","Imp","rand"
"1",1,1,0.00310725976139432,0.00457111420254918
"2",2,2,0.0355832982319404,0.0315226895946601
"3",3,3,0.0595821267566481,0.0126253661007825
"4",4,4,0.000234656738054513,0.08987003280079
"5",5,5,0.00475739494663109,0.115372917138053
"6",6,6,0.0071348942374833,0.0179525482403216
"7",7,7,0.0392463685133906,0.0859557363836056
"8",8,8,0.0935049019287133,0.0258637489042428
"9",9,9,0.00651670867430145,0.322658599586217
"10",10,10,0.000301921015169033,0.0435998811638487
