"","V1","effect_size","nonlinear","location","scale","interactions","V2"
"1",1,-0.0557428000857,0,NA,NA,FALSE,NA
"2",2,0.188635357851969,0,NA,NA,FALSE,NA
"3",3,0.24409450374117,0,NA,NA,FALSE,NA
"4",4,0.0153185096551366,0,NA,NA,FALSE,NA
"5",5,0.0689738714777639,0,NA,NA,FALSE,NA
"6",6,0.0844683031526223,0,NA,NA,FALSE,NA
"7",7,-0.198106962304182,0,NA,NA,FALSE,NA
"8",8,-0.305785712433909,0,NA,NA,FALSE,NA
"9",9,-0.0807261337752617,0,NA,NA,FALSE,NA
"10",10,-0.0173758745152304,0,NA,NA,FALSE,NA
