"","X","V","Imp","rand"
"1",1,1,0.0994196026033936,0.00809524626012522
"2",2,2,0.00616967348617661,0.157906880700818
"3",3,3,0.0298579382405011,0.0226662954884381
"4",4,4,0.000376493606928866,0.0553697967607699
"5",5,5,0.111886080888057,0.505957266312386
