"","X","V","Imp","rand"
"1",1,1,0.0300428936620925,0.479555602274308
"2",2,2,0.03245641615798,0.270422003164358
