"","X","V","Imp","rand"
"1",1,1,0.0218072452078966,0.0252449941234838
"2",2,2,0.0188606713925966,0.0194986791464587
"3",3,3,0.115719114433729,0.110621454067364
"4",4,4,0.00590991133591647,0.101016782811635
"5",5,5,0.14983870410403,0.493574017672243
