"","V1","effect_size","nonlinear","location","scale","interactions","V2"
"1",1,0.0256735445313316,TRUE,-0.53349877317045,1.04806376710058,FALSE,NA
"2",2,-0.137334159598392,TRUE,-0.953029049492429,1.67520418926194,FALSE,NA
"3",3,-0.0760009929583777,FALSE,NA,NA,FALSE,NA
"4",4,-0.0768759477074362,TRUE,-1.39249127627331,0.0855091554112732,FALSE,NA
"5",5,0.136921971508832,FALSE,NA,NA,FALSE,NA
"6",1,-0.0211481143190943,FALSE,NA,NA,TRUE,5
"7",3,0.10994296350307,FALSE,NA,NA,TRUE,5
