"","X","V","Imp","rand"
"1",1,1,8.44200970512281e-05,0.263333234234133
"2",2,2,0.316939513952511,0.219463291876261
"3",3,3,0.31430455747323,0.177604202304059
"4",4,4,0.0384061058366881,0.00787589982880206
"5",5,5,0.105668583219999,0.0817134688854254
