"","X","V","Imp","rand"
"1",1,1,0.00148237069458727,0.38122974009529
"2",2,2,0.0100223601836003,0.176395400089882
"3",3,3,0.0142348396295338,0.0490541500169097
"4",4,4,1.92689085390077e-05,0.100465569841194
"5",5,5,0.0603975110446524,0.0429019910771253
