"","V1","effect_size","nonlinear","location","scale","interactions","V2"
"1",1,0.0385015674302653,TRUE,-0.814006619448911,0.735910334582341,FALSE,NA
"2",2,-0.10011173849055,FALSE,NA,NA,FALSE,NA
"3",3,-0.0483286278316434,FALSE,NA,NA,FALSE,NA
"4",4,0.00438963649280982,TRUE,-0.356637386610849,1.78802731624785,FALSE,NA
"5",5,-0.220223358623031,TRUE,0.91258463971906,0.6899065640755,FALSE,NA
"6",3,-0.0118991833614443,FALSE,NA,NA,TRUE,5
