"","X","V","Imp","rand"
"1",1,1,0.0059953142731949,0.192923725213346
"2",2,2,0.0912443612311765,0.00228214746249905
"3",3,3,0.00399279338717087,0.376672772304278
"4",4,4,0.0124102301911926,0.0278751784362826
"5",5,5,0.00624079030169373,0.0040276295370513
"6",6,6,2.59542805837033e-05,0.0546551651279923
"7",7,7,0.00332249682697043,0.0215726970507125
"8",8,8,2.60032041913292e-05,0.000174073276491789
"9",9,9,0.112737589537158,0.0682572978525051
"10",10,10,0.000526691216980513,0.00155432451820369
