"","X","V","Imp","rand"
"1",1,1,0.178482818662212,0.209668073087082
"2",2,2,0.370614493386202,0.540331475419296
