"","X","V","Imp","rand"
"1",1,1,0.204201741042389,0.000839211283480313
"2",2,2,0.0287697336281444,0.622351688875981
"3",3,3,0.00222335634781325,0.00575858494628075
"4",4,4,0.0139837197934688,0.0334073537947752
"5",5,5,0.00081887585355045,0.0876398868479936
