"","V1","effect_size","nonlinear","location","scale","interactions","V2"
"1",1,0.451886867525921,FALSE,NA,NA,FALSE,NA
"2",2,0.169616430890832,TRUE,-0.388620531084505,1.79868528478956,FALSE,NA
"3",3,-0.0471524797631392,TRUE,0.292837877549169,0.26403873133529,FALSE,NA
"4",4,0.118252779220908,FALSE,NA,NA,FALSE,NA
"5",5,0.0286160069462958,TRUE,-1.66893947505551,1.52971721059623,FALSE,NA
