"","X","V","Imp","rand"
"1",1,1,0.000228177143420287,9.16918930451549e-05
"2",2,2,0.00437525941340535,0.187354818416487
"3",3,3,0.00223016363367221,0.0800052026184998
"4",4,4,0.011869952467829,0.0861950183136057
"5",5,5,0.00231967507621701,0.074823135002786
"6",6,6,0.00017846972520986,0.00706027555207903
"7",7,7,0.0101361589108225,0.0649616076188965
"8",8,8,0.0105611343637919,0.116147734979983
"9",9,9,0.0187714968636582,0.133146693382738
"10",10,10,0.00181085901503386,0.000207053771583217
