"","X","V","Imp","rand"
"1",1,1,0.000162349172055293,0.0110744384738713
"2",2,2,0.0150634808456792,0.0907098204213153
"3",3,3,0.0836928316308574,0.0405822773101243
"4",4,4,0.000538033299646737,0.00988744850943697
"5",5,5,0.0211835677663096,0.143663943125446
"6",6,6,5.70310162897312e-05,0.0319914194206764
"7",7,7,0.00909783205610667,0.0206810449186041
"8",8,8,0.126760382597373,0.0677773856650809
"9",9,9,0.1040007633099,0.0382399610980432
"10",10,10,0.0466437025702982,0.295382771660002
