"","X","V","Imp","rand"
"1",1,1,0.0364098978629024,0.112585746756547
"2",2,2,0.380673694537906,0.243368861371326
"3",3,3,0.0642008725403503,0.317531524449284
"4",4,4,0.0920959004127845,0.0761665370567366
"5",5,5,0.0605018929312353,0.000342438964224276
