"","X","V","Imp","rand"
"1",1,1,0.0456940930548626,0.0236988787474469
"2",2,2,0.00267114176028354,0.0178007456862737
"3",3,3,0.022254169408412,0.00230281588518989
"4",4,4,0.0374644411250623,0.264373943775426
"5",5,5,0.0268187781301144,0.441817845583014
