"","X","V","Imp","rand"
"1",1,1,0.0246341658090434,0.0105378590224131
"2",2,2,0.000191772495282232,0.114529474500884
"3",3,3,0.0010097525753038,0.0369846231812576
"4",4,4,0.000354137471857006,0.000114476201762913
"5",5,5,0.00391690871017229,0.270413025828673
"6",6,6,0.00719355581472129,0.084253408058103
"7",7,7,0.0146586887272849,2.67908849268716e-05
"8",8,8,0.00521570913255731,0.11924723064671
"9",9,9,0.000945645751944364,0.0943956880583494
"10",10,10,0.00437637672114692,0.0194533529630561
