"","X","V","Imp","rand"
"1",1,1,0.0368820721842178,0.202318205984487
"2",2,2,0.249838719227516,0.03375440335822
"3",3,3,0.0528608191774867,0.00110336549368169
"4",4,4,0.217726555612781,0.0887713117419823
"5",5,5,0.00513439730789624,0.4240218104945
