"","X","V","Imp","rand"
"1",1,1,0.0121860170677888,0.00129387376306612
"2",2,2,0.166662720051835,0.12743598071461
"3",3,3,0.0340375346918447,0.223188234365433
"4",4,4,0.13585526576339,0.000130274770133753
"5",5,5,0.00411095357231811,0.398030055336842
