"","V1","effect_size","nonlinear","location","scale","interactions","V2"
"1",1,0.110390294264436,TRUE,0.360819742645972,0.226575172040612,FALSE,NA
"2",2,0.110751429384708,FALSE,NA,NA,FALSE,NA
"3",3,-0.117880715230867,TRUE,1.98823236499596,0.641730951610953,FALSE,NA
"4",4,0.0400012061170029,FALSE,NA,NA,FALSE,NA
"5",5,-0.0641167183526895,TRUE,0.479941340704586,0.0753314895555377,FALSE,NA
"6",2,-0.134255169272575,FALSE,NA,NA,TRUE,4
"7",2,-0.0201416716685039,FALSE,NA,NA,TRUE,3
