"","X","V","Imp","rand"
"1",1,1,0.03708841241161,0.0512111071496159
"2",2,2,0.00161311774987262,0.511241520177715
"3",3,3,0.0831938776270604,0.011093495958213
"4",4,4,0.0677670938790012,0.151666878555457
"5",5,5,0.149717888499493,0.024786195193909
