"","X","V","Imp","rand"
"1",1,1,0.000652275234802869,0.0918488865846345
"2",2,2,0.00194640523833322,7.54615230689102e-06
"3",3,3,6.83038673005182e-05,0.00656895376461634
"4",4,4,0.0588620365272181,0.0715005550110337
"5",5,5,0.000756271150971234,0.279417329993634
"6",6,6,1.99302731083883e-06,0.0458221679475184
"7",7,7,0.00936999293980202,0.069714311115695
"8",8,8,0.010167676027192,0.10754893849541
"9",9,9,0.123195355462393,0.074665720136819
"10",10,10,0.0449789609826728,0.0028978778292028
