"","X","V","Imp","rand"
"1",1,1,0.160422325397413,0.00220572124093535
"2",2,2,0.0218236963481469,0.396587654077914
"3",3,3,0.299853912662763,0.136905494668463
"4",4,4,0.161219105255397,0.0961759678183094
"5",5,5,0.131584392045342,0.118147370266817
