"","X","V","Imp","rand"
"1",1,1,0.00249843361850071,0.240861896133262
"2",2,2,0.116644057089437,0.0112017777755896
"3",3,3,0.0888309875514554,0.0765806207252857
"4",4,4,0.0224400386867289,0.419807794458684
"5",5,5,0.0195845566916312,0.00151312392378763
