"","X","V","Imp","rand"
"1",1,1,0.000331053647330736,0.0461660697176811
"2",2,2,0.240197224478937,0.0321537751749296
"3",3,3,0.0854349724842148,0.00162142342359859
"4",4,4,0.00181530678278971,0.0496759362147425
"5",5,5,0.00381143612139954,0.0625060481861295
"6",6,6,0.223616194224914,0.0556501889213315
"7",7,7,0.0163837552976459,0.0395908274772581
"8",8,8,0.00422338381280212,0.016551359791576
"9",9,9,0.0594443383033664,0.0378141146520899
"10",10,10,0.00503988853289238,0.408257490980684
