"","V1","effect_size","nonlinear","location","scale","interactions","V2"
"1",1,0.00679104230228533,0,NA,NA,FALSE,NA
"2",2,0.0673841052102269,0,NA,NA,FALSE,NA
"3",3,0.0695020230653795,0,NA,NA,FALSE,NA
"4",4,0.169792582067096,0,NA,NA,FALSE,NA
"5",5,0.0211587797566087,0,NA,NA,FALSE,NA
"6",6,0.0228716788738571,0,NA,NA,FALSE,NA
"7",7,-0.150408189188837,0,NA,NA,FALSE,NA
"8",8,0.0252612574794868,0,NA,NA,FALSE,NA
"9",9,0.00109080853022327,0,NA,NA,FALSE,NA
"10",10,0.00332831715852917,0,NA,NA,FALSE,NA
