"","X","V","Imp","rand"
"1",1,1,0.00526129387142294,0.317148673450386
"2",2,2,0.00971675080960008,0.00135766452610787
"3",3,3,0.0333018090236737,0.0301104019656536
"4",4,4,4.38858422670938e-05,0.00956237255825923
"5",5,5,0.0786848455281101,0.0256200599810499
"6",6,6,0.0537025992672888,0.00623140878017668
"7",7,7,0.249085796625365,0.284884433811662
"8",8,8,0.295732177179802,0.0364541804259461
"9",9,9,0.0314180077024076,0.035387493138405
"10",10,10,0.234682476736686,0.00317839920980749
