"","X","V","Imp","rand"
"1",1,1,0.00991550058016389,0.0521747424065739
"2",2,2,0.029361771900289,0.0581377562289668
"3",3,3,0.00738465135366471,0.000330889153403192
"4",4,4,0.00166653704260442,0.0907329078956708
"5",5,5,0.00418540853639332,0.0511336129928088
"6",6,6,0.000336079613245938,0.0101691785680178
"7",7,7,9.18868276525384e-05,0.134151850992559
"8",8,8,0.00606698962314323,0.326147214609438
"9",9,9,0.0021850012600465,0.0154701284993891
"10",10,10,0.00129116980448088,0.0115236859219004
