"","X","V","Imp","rand"
"1",1,1,0.0708100376844691,0.251396704232891
"2",2,2,0.0524340574892882,0.251931857301708
"3",3,3,0.0745623958277387,0.0382751126817779
"4",4,4,0.0520981724453458,0.107220876384543
"5",5,5,9.39737827025443e-05,0.101174226813454
