"","V1","effect_size","nonlinear","location","scale","interactions","V2"
"1",1,-0.266101555208663,FALSE,NA,NA,FALSE,NA
"2",2,0.228984841177944,TRUE,0.338728781642013,0.199300532068218,FALSE,NA
"3",3,0.273061157669374,TRUE,0.284583550424889,2.09782632986519,FALSE,NA
"4",4,-0.228250240844004,FALSE,NA,NA,FALSE,NA
"5",5,0.00969400756666428,TRUE,0.0923871581559127,0.593418925534934,FALSE,NA
