"","X","V","Imp","rand"
"1",1,1,0.00247414386285011,0.0732789080160801
"2",2,2,0.0503591741779239,0.446450250317166
"3",3,3,0.136733370527967,0.114808961216129
"4",4,4,0.14165646340372,0.0347521704133394
"5",5,5,0.00129774110432083,0.0806836574311262
