"","X","V","Imp","rand"
"1",1,1,0.00581335860179012,0.161647816614408
"2",2,2,0.0080032919928435,0.550586959037367
"3",3,3,0.0135446586651716,0.0377145638978937
"4",4,4,0.0455995515014077,6.61328240392637e-06
"5",5,5,0.0152353629257079,7.93531861885055e-06
