"","X","V","Imp","rand"
"1",1,1,0.0239403502691788,0.00217665019863794
"2",2,2,0.073428751671748,0.111663496666688
"3",3,3,0.0112511477614163,0.0161749779368992
"4",4,4,0.00203669403568197,0.024659743311665
"5",5,5,0.0447139147187195,0.327195425738596
"6",6,6,0.000723065903820542,0.00344041856913306
"7",7,7,0.0581837005766678,0.000161299058137601
"8",8,8,0.0453637616085747,0.00239204913877283
"9",9,9,0.208500909111122,0.117173602054127
"10",10,10,0.0943566435651239,0.144934313161093
