"","V1","effect_size","nonlinear","location","scale","interactions","V2"
"1",1,0.0762453841343207,TRUE,-0.921819666474643,0.790857106405211,FALSE,NA
"2",2,-0.0309692887955758,FALSE,NA,NA,FALSE,NA
"3",3,0.116381522009173,TRUE,-0.540602910262811,1.43612268558683,FALSE,NA
"4",4,0.199319505955874,FALSE,NA,NA,FALSE,NA
"5",5,0.0481651506221485,TRUE,0.00625966789897609,1.63813496950693,FALSE,NA
"6",4,0.00587128604691396,FALSE,NA,NA,TRUE,5
"7",2,0.00704419514433972,FALSE,NA,NA,TRUE,5
