"","V1","effect_size","nonlinear","location","scale","interactions","V2"
"1",1,-0.154726695399271,0,NA,NA,FALSE,NA
"2",2,0.270977400666085,0,NA,NA,FALSE,NA
"3",3,-0.106071427639192,0,NA,NA,FALSE,NA
"4",4,-0.0451297466831132,0,NA,NA,FALSE,NA
"5",5,0.21145664973871,0,NA,NA,FALSE,NA
"6",6,0.026889884786301,0,NA,NA,FALSE,NA
"7",7,-0.24121297762904,0,NA,NA,FALSE,NA
"8",8,0.212987702951543,0,NA,NA,FALSE,NA
"9",9,-0.456618997755374,0,NA,NA,FALSE,NA
"10",10,0.307175265223494,0,NA,NA,FALSE,NA
