"","X","V","Imp","rand"
"1",1,1,0.0244812855478796,0.0638441544124275
"2",2,2,0.00925560616820831,0.00676495450713579
"3",3,3,0.0201822594599357,0.61353152392298
"4",4,4,0.177634934745519,0.0655371926390968
"5",5,5,0.159197376073652,0.000367379449799101
