"","X","V","Imp","rand"
"1",1,1,0.0419012697531366,0.0315797469158233
"2",2,2,0.046217749512464,0.00503127932295194
"3",3,3,0.0209925623999266,0.190118555005464
"4",4,4,0.356711384490977,0.0603512937652675
"5",5,5,0.342681869135377,0.462845961698249
