"","V1","effect_size","nonlinear","location","scale","interactions","V2"
"1",1,0.204697996456088,TRUE,-1.10061740358608,6.54184792711775,FALSE,NA
"2",2,-0.214983137739833,FALSE,NA,NA,FALSE,NA
"3",3,0.141635819915284,FALSE,NA,NA,FALSE,NA
"4",4,-0.150144296175425,TRUE,0.321025579358313,1.56184863849523,FALSE,NA
"5",5,-0.0870743211375309,TRUE,0.153579237788006,1.05069981500841,FALSE,NA
"6",3,-0.000931856916851854,FALSE,NA,NA,TRUE,5
"7",4,0.334168074816963,FALSE,NA,NA,TRUE,5
