"","X","V","Imp","rand"
"1",1,1,0.00674727843392748,0.0136036315740467
"2",2,2,0.0111128905229246,0.591553213003917
"3",3,3,0.00273246045782242,0.0784269034862949
"4",4,4,0.0417610604507245,0.00637782713512572
"5",5,5,0.000108280254861721,0.060034114219605
