"","X","V","Imp","rand"
"1",1,1,0.100806066703407,0.0422521859711762
"2",2,2,0.0214760057248585,0.00919668601589427
"3",3,3,0.202614021653264,0.0238026331424335
"4",4,4,0.0809990441552604,0.124067387497379
"5",5,5,0.216106751738238,0.0998981845595275
"6",6,6,0.106347619842184,0.100270215862357
"7",7,7,0.220723884189028,0.153555598024069
"8",8,8,0.0148409103084247,0.00375105935880529
"9",9,9,0.0367765401572932,0.0279542866086532
"10",10,10,0.0165721401643869,0.165104193760802
