"","V1","effect_size","nonlinear","location","scale","interactions","V2"
"1",1,0.0821418190322535,TRUE,0.0947027830531773,0.00516583956778049,FALSE,NA
"2",2,0.105417695492382,FALSE,NA,NA,FALSE,NA
"3",3,-0.0522729419281374,TRUE,-0.925266474500937,0.148036673531296,FALSE,NA
"4",4,0.204355231033425,FALSE,NA,NA,FALSE,NA
"5",5,-0.0104057798776315,TRUE,0.100813271291155,0.375849803443998,FALSE,NA
