"","X","V","Imp","rand"
"1",1,1,0.414246446118979,0.00320892610366649
"2",2,2,0.254299590023349,0.0100122099242152
"3",3,3,0.150404317388512,0.11418074664377
"4",4,4,0.453032880914489,0.58544594499447
"5",5,5,0.0302902902894461,0.0371829089376936
