"","V1","effect_size","nonlinear","location","scale","interactions","V2"
"1",1,0.098355981546188,TRUE,0.913507848440056,1.0211221538064,FALSE,NA
"2",2,0.453837910440819,FALSE,NA,NA,FALSE,NA
"3",3,0.38781995486116,TRUE,1.11521784725771,1.71537415861132,FALSE,NA
"4",4,-0.011383884721997,TRUE,0.428227912615453,0.0856162896379828,FALSE,NA
"5",5,0.174041059205712,FALSE,NA,NA,FALSE,NA
"6",1,-0.404572547013065,FALSE,NA,NA,TRUE,4
"7",2,-0.0483307410700601,FALSE,NA,NA,TRUE,4
