"","X","V","Imp","rand"
"1",1,1,0.000850290125082381,0.116430005880005
"2",2,2,0.00666798789556302,0.00317416206040676
"3",3,3,0.0339128117840721,0.127262585929255
"4",4,4,0.378460979485296,0.130864473571042
"5",5,5,0.0021077230457576,0.00458874810565943
"6",6,6,0.286548524889688,0.168560925802826
"7",7,7,0.0239035799745564,0.0707754639914134
"8",8,8,0.0101973013171719,0.00576351808731765
"9",9,9,0.166736653935822,0.000437876299954223
"10",10,10,0.0197935518488848,0.122134318981141
