"","X","V","Imp","rand"
"1",1,1,0.0176735457361565,0.0158059604149094
"2",2,2,0.000745496961212363,0.0320705779570294
"3",3,3,0.00235521242120783,0.0311888435655797
"4",4,4,0.00537305465249808,0.287779856609454
"5",5,5,0.00312991725442456,0.111886921694472
"6",6,6,0.0206227096011369,0.187963621588779
"7",7,7,7.03398273588152e-07,0.00197672120265302
"8",8,8,0.000484418692923882,0.00383908963323867
"9",9,9,0.00761243644336232,6.43389657088332e-05
"10",10,10,0.00445522674632146,0.0774171023835476
