"","X","V","Imp","rand"
"1",1,1,0.0427140286056356,0.00677263952651625
"2",2,2,0.0749881935734426,0.000496527473926035
"3",3,3,0.0771366822255883,0.195092640477934
"4",4,4,0.0247185186646942,0.00563138329583547
"5",5,5,0.000128745699548971,0.00426685325182776
"6",6,6,0.166562952035103,0.151999344612644
"7",7,7,3.92308266665591e-06,0.00581359803720682
"8",8,8,0.160876339624663,0.195520751868806
"9",9,9,0.012003280689234,0.000127691533615177
"10",10,10,0.0033656989833542,0.184251720419099
