"","X","V","Imp","rand"
"1",1,1,0.142598798732915,0.0388715667995327
"2",2,2,0.362240958211273,0.0772221857283979
"3",3,3,0.00109883570572347,0.0127979207758249
"4",4,4,0.0710835004791414,0.0332009173979038
"5",5,5,0.0938201651350386,0.129616949886214
"6",6,6,0.184837743757733,0.0530607716904187
"7",7,7,0.00412057082305882,0.0222189999255084
"8",8,8,0.000390351434615947,0.240580366156581
"9",9,9,0.00292649069514584,0.0541299639237931
"10",10,10,0.0197536156939369,0.0882968182950801
