"","X","V","Imp","rand"
"1",1,1,0.0491005970588793,0.0736266016401899
"2",2,2,0.0224092852039787,0.00272030441015235
"3",3,3,0.0688122485932533,0.00211016464652402
"4",4,4,0.0733192611440079,0.12224561644085
"5",5,5,0.0658679328102067,0.077849802991839
"6",6,6,1.01116401245427e-07,0.0776639176678866
"7",7,7,0.000900646340896923,0.143001377424436
"8",8,8,0.00438602710377702,0.241415443687358
"9",9,9,0.000589612796163834,0.00875352034437
"10",10,10,2.52268354950295e-05,0.000577735651790351
