"","X","V","Imp","rand"
"1",1,1,0.0413476719934661,0.110519528016685
"2",2,2,0.291270189567004,0.108417563390524
"3",3,3,0.232755008775688,0.380230699511694
"4",4,4,0.121647265222883,0.0785700168788905
"5",5,5,0.28278270186569,0.0722558354996124
