"","X","V","Imp","rand"
"1",1,1,0.768308773216116,0.369841051522366
"2",2,2,0.683798246035721,0.380152842006655
