"","X","V","Imp","rand"
"1",1,1,0.0720212692667877,0.358322846910395
"2",2,2,0.000127918716224732,0.155622555910614
"3",3,3,0.032685852956941,0.000526321051938683
"4",4,4,0.054443046315292,0.00271692481389564
"5",5,5,0.0907204574762598,0.232799416149874
