"","X","V","Imp","rand"
"1",1,1,0.562009455430635,0.337822068168062
"2",2,2,0.00341900579383603,0.20844688242643
"3",3,3,0.176198436587787,0.13178227344673
"4",4,4,0.400079100360354,0.0529777581232039
"5",5,5,0.000103708438399535,0.0188659623801926
