"","X","V","Imp","rand"
"1",1,1,0.0395855265858513,0.148208550189075
"2",2,2,0.0401401347792345,0.0796613681724991
"3",3,3,0.00292360911182359,0.0412182107292262
"4",4,4,0.000132149974432388,7.56666652357512e-05
"5",5,5,0.0620361985358985,0.0180434651881602
"6",6,6,0.0532564965522653,0.05460241970242
"7",7,7,0.0301262436936286,0.00174624702940253
"8",8,8,0.00495104245438874,0.193553579708657
"9",9,9,0.00517008348273921,0.123727865602475
"10",10,10,0.0116197674407687,0.0891601247474568
