"","X","V","Imp","rand"
"1",1,1,0.0182909221784513,0.238777646953794
"2",2,2,0.00346723190233572,0.178375281887589
"3",3,3,0.00105653029438853,0.173432144112837
"4",4,4,0.00157311809104903,0.00490374147813427
"5",5,5,0.0395607859311978,0.154507507991542
