"","V1","effect_size","nonlinear","location","scale","interactions","V2"
"1",1,-0.135243935828751,FALSE,NA,NA,FALSE,NA
"2",2,-0.0588832056051275,TRUE,0.678732416794799,0.131527987774462,FALSE,NA
"3",3,0.0325043119353192,TRUE,1.00132051819035,0.283521672245115,FALSE,NA
"4",4,0.0291190030968841,FALSE,NA,NA,FALSE,NA
"5",5,0.197067460991167,TRUE,0.116753238565706,0.775690683010885,FALSE,NA
"6",4,0.000725201749692688,FALSE,NA,NA,TRUE,5
