"","X","V","Imp","rand"
"1",1,1,0.00356813618587807,0.039767345063563
"2",2,2,0.00325464416090475,0.0289410531741169
"3",3,3,5.2521520443886e-06,0.0863092064681479
"4",4,4,0.00823200785625149,0.190255583107618
"5",5,5,0.00205202547735071,0.0956987996169733
"6",6,6,0.150924220332321,0.0102120368098744
"7",7,7,0.0164266188885253,0.109882258288648
"8",8,8,0.145090201887902,0.182076053537528
"9",9,9,0.000135260001826634,9.27224506496054e-05
"10",10,10,0.00109842745142521,0.00676235958806616
