"","X","V","Imp","rand"
"1",1,1,0.000712286046397412,0.000243851457992245
"2",2,2,0.315493023964759,0.0245903884526124
"3",3,3,0.497949893947294,6.65084516240742e-05
"4",4,4,0.762508321265902,0.69394298694025
"5",5,5,0.201816087492765,0.0311523192244758
