"","X","V","Imp","rand"
"1",1,1,0.0117007048647817,0.00298344312049415
"2",2,2,0.00359194685343377,0.482304389609001
"3",3,3,0.0015611462507224,0.00276629147460381
"4",4,4,0.0296761604968574,0.0207098907400016
"5",5,5,0.203456067759387,0.241229072525541
