"","X","V","Imp","rand"
"1",1,1,0.0202414140006871,0.246714773751002
"2",2,2,0.0422583616280341,0.503346446801954
