"","X","V","Imp","rand"
"1",1,1,0.0002085174502649,0.0189295770105742
"2",2,2,0.0151850315529384,0.0926049632285503
"3",3,3,0.0110298874135891,0.00416653807265412
"4",4,4,0.0855122356653552,0.116134318254747
"5",5,5,0.0341344733881449,0.0106900401410154
"6",6,6,0.00251505342039863,0.0649853737973278
"7",7,7,0.0501252239344968,0.0952039231373438
"8",8,8,0.0288506273269032,0.0514082252733073
"9",9,9,0.000300507077284355,0.0689081050904337
"10",10,10,0.0221050247580982,0.226943528954304
