"","V1","effect_size","nonlinear","location","scale","interactions","V2"
"1",1,0.0144401333188063,0,NA,NA,FALSE,NA
"2",2,-0.123227560038079,0,NA,NA,FALSE,NA
"3",3,-0.105023270819324,0,NA,NA,FALSE,NA
"4",4,-0.292424752142077,0,NA,NA,FALSE,NA
"5",5,-0.184755171478757,0,NA,NA,FALSE,NA
"6",6,-0.0501503082782013,0,NA,NA,FALSE,NA
"7",7,0.223886631879835,0,NA,NA,FALSE,NA
"8",8,0.169854724181882,0,NA,NA,FALSE,NA
"9",9,0.0173351399557187,0,NA,NA,FALSE,NA
"10",10,0.148677586603019,0,NA,NA,FALSE,NA
