"","X","V","Imp","rand"
"1",1,1,3.436573801385e-05,0.0834885546131083
"2",2,2,0.00379996666991966,0.136570276675809
"3",3,3,0.121628666739892,0.076679158956252
"4",4,4,0.297497612282211,0.0146563966761507
"5",5,5,0.0122098345947699,0.0111005949411755
"6",6,6,0.000195650358323646,0.118654602644882
"7",7,7,0.0227688973632388,0.0525562912993524
"8",8,8,0.00852695011464964,0.0362683612970834
"9",9,9,0.0580776859600035,0.147161529226169
"10",10,10,0.34365522115163,0.0728588270787182
