"","X","V","Imp","rand"
"1",1,1,0.0331431622373107,0.123498996896119
"2",2,2,0.0113681664987144,0.0658546789227859
"3",3,3,0.00673756474858768,0.253885438077991
"4",4,4,0.00540120578875623,0.0368343605913513
"5",5,5,0.0183519902795973,0.115517196368506
"6",6,6,0.0276470285633136,0.00163842647282295
"7",7,7,0.0005932243605824,0.00135249667751853
"8",8,8,0.00843101056015972,0.0170809115428382
"9",9,9,1.59573709736872e-05,0.00096893343704133
"10",10,10,0.00179826516053226,0.133362770001388
