"","X","V","Imp","rand"
"1",1,1,0.0701872563180498,0.0437880574453523
"2",2,2,0.0058996612976579,0.0808078594002464
"3",3,3,0.116023220205302,0.189050694229021
"4",4,4,0.118855025474298,0.16848200931101
"5",5,5,0.0195391320969536,0.267869292925037
