"","X","V","Imp","rand"
"1",1,1,0.020029115422462,0.1293293862663
"2",2,2,0.013088845794258,0.177389125098635
"3",3,3,0.013213924136129,0.028141239509347
"4",4,4,0.00196128242832893,0.0810863383053767
"5",5,5,0.0479518262697446,0.00696397404512726
"6",6,6,0.0309667400329838,0.000975266437159442
"7",7,7,0.0506374607564615,0.006212298530462
"8",8,8,0.00120435843718701,0.0440559985984641
"9",9,9,0.0130611110012566,0.0978747661310135
"10",10,10,0.0578199987610703,0.177734613281967
