"","X","V","Imp","rand"
"1",1,1,0.0371156846943045,0.00990011703523132
"2",2,2,0.0253151628779162,0.0445001101909332
"3",3,3,0.0036717603500005,0.21233708157463
"4",4,4,0.256737681998051,0.261600467488634
"5",5,5,0.0811394872076602,0.000674436849698897
"6",6,6,0.0137631740838686,0.023995075875569
"7",7,7,0.0764770694286836,0.00132297097579533
"8",8,8,0.00529754299375879,0.0258540736601855
"9",9,9,0.0333011233139613,0.0644835837903181
"10",10,10,0.0296623138963496,0.105329014932252
