"","X","V","Imp","rand"
"1",1,1,0.0371156846943045,0.0434855503364251
"2",2,2,0.0253151628779162,0.135527911523789
"3",3,3,0.0036717603500005,0.0656613880403419
"4",4,4,0.256737681998051,0.0860012240426433
"5",5,5,0.0811394872076602,0.220939020125374
"6",6,6,0.0137631740838686,0.00231154700589853
"7",7,7,0.0764770694286836,0.00505422326867207
"8",8,8,0.00529754299375879,0.0216787326463667
"9",9,9,0.0333011233139613,0.168787228308846
"10",10,10,0.0296623138963496,0.000546862118444538
