"","V1","effect_size","nonlinear","location","scale","interactions","V2"
"1",1,0.192654313977924,0,NA,NA,FALSE,NA
"2",2,-0.15910739416481,0,NA,NA,FALSE,NA
"3",3,-0.0605950521907565,0,NA,NA,FALSE,NA
"4",4,-0.5066928872582,0,NA,NA,FALSE,NA
"5",5,-0.284849938051003,0,NA,NA,FALSE,NA
"6",6,-0.117316555028984,0,NA,NA,FALSE,NA
"7",7,-0.27654487778421,0,NA,NA,FALSE,NA
"8",8,0.0727842221484766,0,NA,NA,FALSE,NA
"9",9,-0.182485953744285,0,NA,NA,FALSE,NA
"10",10,-0.172227506213002,0,NA,NA,FALSE,NA
