"","X","V","Imp","rand"
"1",1,1,0.0705285612073051,0.0934926411754625
"2",2,2,0.000333467929972468,0.0089939472453909
"3",3,3,0.0306998927795395,0.000921697895490841
"4",4,4,0.0216309011181532,0.0265560854084245
"5",5,5,0.0212040185457486,0.00804962916294733
"6",6,6,0.00510195386155251,0.0427672561432263
"7",7,7,0.0243441474469926,0.238247892907679
"8",8,8,0.0091879014191044,0.229396659473273
"9",9,9,0.00156378917238632,0.0472274523174312
"10",10,10,0.0654039692926508,0.0543435434939368
