"","X","V","Imp","rand"
"1",1,1,0.201475800991393,0.0218718776857005
"2",2,2,0.015513384317347,0.000890987413607697
"3",3,3,0.00391558307923628,5.94389442903917e-05
"4",4,4,0.0296083488996006,0.0441214039194613
"5",5,5,0.0738374025672761,0.131914975166394
"6",6,6,0.126784005114273,0.397805167456055
"7",7,7,0.200559538949391,0.135098571619706
"8",8,8,0.000176985794140872,0.00336081531478377
"9",9,9,0.116050576848403,0.00633743508430738
"10",10,10,0.0242428141349874,0.0085386889843968
