"","X","V","Imp","rand"
"1",1,1,0.166699922922145,0.245148261710927
"2",2,2,0.233571893525661,0.346535625924383
"3",3,3,0.240597893035946,0.00404166237325454
"4",4,4,0.0180726225990737,0.141179866238495
"5",5,5,0.000287086031323586,0.0130903887506344
