"","V1","effect_size","nonlinear","location","scale","interactions","V2"
"1",1,0.408289018860592,TRUE,-0.596356417606652,1.55467769122663,FALSE,NA
"2",2,-0.0474391170491592,TRUE,-1.62619780650915,0.41934823943302,FALSE,NA
"3",3,-0.0963144295351915,FALSE,NA,NA,FALSE,NA
"4",4,0.134434454657553,FALSE,NA,NA,FALSE,NA
"5",5,-0.0169436132900744,TRUE,-0.301815075303752,1.34464320163698,FALSE,NA
"6",2,0.231321423699257,FALSE,NA,NA,TRUE,3
