"","X","V","Imp","rand"
"1",1,1,0.0246483444494492,0.0425521422230041
"2",2,2,0.23771965117495,0.0782998684334322
"3",3,3,0.00369771160385621,0.0169134188167049
"4",4,4,0.249969929075975,0.0291158443639541
"5",5,5,0.0466975368970131,0.00100712738934914
"6",6,6,0.0351553990013284,0.000521410930854918
"7",7,7,0.164176123342218,0.0401231112196132
"8",8,8,0.0142411400494369,0.129757046472787
"9",9,9,0.00538910855932846,0.226309678508482
"10",10,10,0.167853688114162,0.1853951303568
