"","X","V","Imp","rand"
"1",1,1,0.132147910984971,0.00163217022541544
"2",2,2,0.0643065408291075,0.257713737028248
"3",3,3,0.000842775369720783,0.0618077494783556
"4",4,4,0.060265669165791,0.151682600017261
"5",5,5,0.00801836163445084,0.0886941804175208
"6",6,6,0.00209249056118597,0.0356994391422297
"7",7,7,0.000860075207685297,0.126162014630089
"8",8,8,0.014121619640994,0.0228304479471667
"9",9,9,0.0773707059631111,0.000841772267581848
"10",10,10,0.112680428198385,0.00290496934263505
