"","X","V","Imp","rand"
"1",1,1,0.1351597070031,0.00302386427332717
"2",2,2,0.0502225882673688,0.233313682878032
"3",3,3,0.0904837871812187,0.137352842795064
"4",4,4,0.0501056795602771,0.240934956679218
"5",5,5,0.00256293041005022,0.135406162445278
