"","X","V","Imp","rand"
"1",1,1,0.462315473432041,0.00145287214022359
"2",2,2,0.461168952207111,0.00620918907845761
"3",3,3,0.0207485375008185,0.598781766422904
"4",4,4,0.41689567411728,0.0758667872316467
"5",5,5,0.457950965328349,0.0676561970519683
