"","X","V","Imp","rand"
"1",1,1,0.182454362419897,0.0111326864514566
"2",2,2,0.176760064537569,0.264201005677887
"3",3,3,0.0271412814092163,0.404301516029345
"4",4,4,0.147118266610734,0.0337476633948532
"5",5,5,0.028936495960471,0.0366070516262593
