"","V1","effect_size","nonlinear","location","scale","interactions","V2"
"1",1,-0.427146769178812,FALSE,NA,NA,FALSE,NA
"2",2,-0.42042842974467,TRUE,0.128462440137821,0.0286089451983571,FALSE,NA
"3",3,-0.164746111969953,FALSE,NA,NA,FALSE,NA
"4",4,0.383559990888954,TRUE,-1.76063787522507,0.407763977535069,FALSE,NA
"5",5,-0.170107307193051,TRUE,-0.64949250620729,0.289073785730628,FALSE,NA
