"","X","V","Imp","rand"
"1",1,1,0.00112266887468327,0.0234318129682615
"2",2,2,0.00328373787524966,0.188218876449787
"3",3,3,0.0629176862765445,0.00675720143383057
"4",4,4,0.000213926853234916,0.00721168343314368
"5",5,5,0.0432123776208873,0.0838324531731292
"6",6,6,0.00265226118354162,0.236665678799946
"7",7,7,0.00129029957695553,0.0669403629924899
"8",8,8,0.000307788082742202,0.108051827114948
"9",9,9,0.0198153566875182,0.0234317736859906
"10",10,10,0.00755204586139668,0.00545066332031952
