"","X","V","Imp","rand"
"1",1,1,0.000126693148579008,0.0446410947684746
"2",2,2,0.0298537907078951,0.051464641406196
"3",3,3,0.01569093794166,0.00898879872642878
"4",4,4,0.0128153475179314,0.125612794255592
"5",5,5,0.00400584616948045,0.519288823412973
