"","X","V","Imp","rand"
"1",1,1,0.351640895295448,0.0350151777325489
"2",2,2,0.0649326498315745,0.00613942431375219
"3",3,3,0.0617329704086046,0.318711146736582
"4",4,4,0.0510075778825444,0.0670694919141861
"5",5,5,0.0185234868115784,0.00224290434002985
"6",6,6,0.216689512203093,0.0168034121672755
"7",7,7,0.0581641244562752,0.0033309861116414
"8",8,8,4.62416568848644e-07,0.163872443221485
"9",9,9,0.0433708391087131,0.0234335068384984
"10",10,10,0.0768903640497811,0.113334433940934
