"","X","V","Imp","rand"
"1",1,1,0.000556005554711243,0.00120694227191537
"2",2,2,0.0168490730186512,0.0770577959717067
"3",3,3,0.159958840058268,0.140764963659299
"4",4,4,0.0544706089006935,0.15011656640076
"5",5,5,0.00277101031928195,2.63365514907949e-08
"6",6,6,0.00167761847623699,0.0396329953283265
"7",7,7,0.00946400271405313,0.0326171379193417
"8",8,8,0.130125956796845,0.0744013087290488
"9",9,9,0.169403566856653,0.164943186739811
"10",10,10,0.310104080894814,0.069255200903504
