"","X","V","Imp","rand"
"1",1,1,0.000556005554711243,0.0949644539492533
"2",2,2,0.0168490730186512,0.0173034457870826
"3",3,3,0.159958840058268,0.0177279388390363
"4",4,4,0.0544706089006935,0.038292995029605
"5",5,5,0.00277101031928195,0.153960441350338
"6",6,6,0.00167761847623699,0.0346756765723007
"7",7,7,0.00946400271405313,0.22631451435953
"8",8,8,0.130125956796845,0.0246759241059623
"9",9,9,0.169403566856653,0.107484159590166
"10",10,10,0.310104080894814,0.0345700185200438
