"","X","V","Imp","rand"
"1",1,1,0.00403587632115293,0.200901669907417
"2",2,2,0.157160086686807,0.0758254150657991
"3",3,3,0.0215625254268559,0.00266508023628461
"4",4,4,5.5899461084177e-06,0.449742524223928
"5",5,5,0.161935099071372,0.0209701839352349
