"","V1","effect_size","nonlinear","location","scale","interactions","V2"
"1",1,-0.0635285472929527,FALSE,NA,NA,FALSE,NA
"2",2,-0.0661208017708053,TRUE,-0.462740977644315,0.237116808537394,FALSE,NA
"3",3,-0.146841838134967,TRUE,-0.951136292367556,2.49270858789299,FALSE,NA
"4",4,-0.00236430668662458,FALSE,NA,NA,FALSE,NA
"5",5,-0.0956398076711727,TRUE,2.17929748743137,0.599313529673964,FALSE,NA
"6",2,-0.152788126259993,FALSE,NA,NA,TRUE,5
