"","X","V","Imp","rand"
"1",1,1,0.049236677915473,0.746466360271985
"2",2,2,0.0132594976830202,0.00352676294177918
