"","X","V","Imp","rand"
"1",1,1,0.0672766898721017,0.0166479958508108
"2",2,2,0.00264543727193448,0.00153874005541547
"3",3,3,0.122654625315664,0.279669656872777
"4",4,4,0.00164032408490809,1.61912682534512e-05
"5",5,5,0.000920314072692298,0.0321670000311447
"6",6,6,0.210802744724202,0.290488267703164
"7",7,7,0.00248234475929486,0.0127877258378945
"8",8,8,0.0218556619478133,0.0106858175838238
"9",9,9,0.00450527854739017,0.091346606803897
"10",10,10,0.0449895626765094,0.0146305154904842
