"","X","V","Imp","rand"
"1",1,1,0.0763998871225206,0.0675448290863915
"2",2,2,0.0109454035620675,0.0842477431103204
"3",3,3,0.0383778604468926,0.000114057812319259
"4",4,4,0.000568556422382323,0.00178103471747277
"5",5,5,0.0135247820030818,0.311418742643953
"6",6,6,0.00531036642176818,0.00019391240723187
"7",7,7,0.102841864087367,0.0371434836623414
"8",8,8,0.0115827061341564,0.0422912549136717
"9",9,9,0.00169298249668932,0.164020863437197
"10",10,10,2.15783086577482e-05,0.0412432242449447
