"","X","V","Imp","rand"
"1",1,1,0.000248681088927071,0.125745547182026
"2",2,2,0.00240968197503852,0.0719249204922754
"3",3,3,0.00620487427878057,0.0188974694272169
"4",4,4,0.00850870221426456,0.230354554185492
"5",5,5,0.0227198443984572,0.040228467683155
"6",6,6,0.0100987452028623,0.00347863829422417
"7",7,7,0.00272381698625062,0.00854034175070201
"8",8,8,0.00883781442759962,0.0124269198016666
"9",9,9,6.77823380977794e-08,0.00278997338352749
"10",10,10,0.000737080445472935,0.235600917066762
