"","X","V","Imp","rand"
"1",1,1,0.24092028512527,0.368195472100438
"2",2,2,0.00905680954211566,0.38180149464496
