"","X","V","Imp","rand"
"1",1,1,0.239248039188712,0.011412938494461
"2",2,2,0.227467935244293,0.0128960699648323
"3",3,3,0.160071206734039,0.0251577850564809
"4",4,4,0.0171077326944214,0.391625242485364
"5",5,5,0.294231146222936,0.30889352301279
