"","V1","effect_size","nonlinear","location","scale","interactions","V2"
"1",1,0.119207782206049,FALSE,NA,NA,FALSE,NA
"2",2,-0.266190139171595,TRUE,-1.39919929077186,1.33842854383857,FALSE,NA
"3",3,0.0588256889627225,FALSE,NA,NA,FALSE,NA
"4",4,0.13079653166052,TRUE,-0.31055677897965,1.09319666955144,FALSE,NA
"5",5,0.263046768413355,TRUE,-0.421948206413079,0.923355068149277,FALSE,NA
"6",1,-0.225037543850227,FALSE,NA,NA,TRUE,5
"7",2,-0.1566107450521,FALSE,NA,NA,TRUE,3
