"","X","V","Imp","rand"
"1",1,1,0.012158866002901,0.0559121931238331
"2",2,2,0.0371335942744702,0.0471124583672036
"3",3,3,0.196060813651093,0.447505940547811
"4",4,4,0.3113424626841,0.00560995853273574
"5",5,5,0.139368599013638,0.193851564667402
