"","X","V","Imp","rand"
"1",1,1,0.012158866002901,0.404570968412709
"2",2,2,0.0371335942744702,0.00141310608026083
"3",3,3,0.196060813651093,0.0839303617035977
"4",4,4,0.3113424626841,0.0512363388945759
"5",5,5,0.139368599013638,0.208843654023439
