"","X","V","Imp","rand"
"1",1,1,0.0510570521562125,0.0390204599328393
"2",2,2,0.000332270556172342,0.00558923605882052
"3",3,3,0.1304450031139,0.173334412789328
"4",4,4,0.00273537107621088,0.21853621503347
"5",5,5,0.0107217077254471,0.0730075699911787
"6",6,6,0.0181501979666886,0.160661258962946
"7",7,7,0.0100008698783536,0.0219259499031831
"8",8,8,0.0705091847214767,0.0245209948494638
"9",9,9,0.000797128569580341,0.00127149256521863
"10",10,10,0.00243873095654857,0.0320910809348585
