"","X","V","Imp","rand"
"1",1,1,0.00655505230743106,0.247751549332294
"2",2,2,0.00229020829986828,0.0113522515288973
"3",3,3,0.00947272260141169,0.000181092995338546
"4",4,4,0.0027285093469308,0.312573077255038
"5",5,5,0.0414509430943773,0.178140957697911
