"","X","V","Imp","rand"
"1",1,1,0.00655505230743106,0.0267306584982083
"2",2,2,0.00229020829986828,0.157813832930959
"3",3,3,0.00947272260141169,0.0296969882432092
"4",4,4,0.0027285093469308,0.0873235021685798
"5",5,5,0.0414509430943773,0.448434207725525
