"","X","V","Imp","rand"
"1",1,1,0.0271242354298873,0.224880024558174
"2",2,2,0.00618359168313587,0.00179303869720718
"3",3,3,0.0279928508725878,0.222713012621449
"4",4,4,0.0945355360669918,0.0133678002369168
"5",5,5,0.0941514636045507,0.287244864942984
