"","V1","effect_size","nonlinear","location","scale","interactions","V2"
"1",1,-0.164694369757704,TRUE,0.60828882307895,2.40048835227702,FALSE,NA
"2",2,0.0786358167957571,TRUE,-0.481429880211146,0.824206924580376,FALSE,NA
"3",3,-0.167310641839029,FALSE,NA,NA,FALSE,NA
"4",4,-0.307466316963325,FALSE,NA,NA,FALSE,NA
"5",5,0.306841104815751,TRUE,3.05859238224919,0.342752983327955,FALSE,NA
