"","X","V","Imp","rand"
"1",1,1,0.11967691012448,0.000643658704518667
"2",2,2,0.00564867117619267,0.0610014488243544
"3",3,3,0.027308255744715,0.0362601872295784
"4",4,4,0.0127752901836567,0.193917764138587
"5",5,5,0.107146067472859,0.159253637628109
"6",6,6,0.0545250934622517,0.0156049517831129
"7",7,7,0.163463574433495,0.0704745459892836
"8",8,8,0.000268920306478858,0.142744314032763
"9",9,9,0.271155610951806,0.0498593796578189
"10",10,10,0.000129877002655908,0.0202352691710809
