"","X","V","Imp","rand"
"1",1,1,0.0812974574698191,0.111598285477971
"2",2,2,0.0831404272112961,0.000423918245247538
"3",3,3,0.0117614106043289,0.069554086755135
"4",4,4,0.000460990386577701,0.0660051031201099
"5",5,5,0.138790865613614,0.0753047052086093
"6",6,6,0.0014635199028255,0.248987285302338
"7",7,7,0.129720215596835,0.00574274299202702
"8",8,8,0.00273072624792472,0.143457076351045
"9",9,9,0.00881886864780442,0.0268585891976179
"10",10,10,2.77924106550778e-05,0.00186742649678991
