"","X","V","Imp","rand"
"1",1,1,0.00211450177529132,0.242782209671607
"2",2,2,0.250119688628682,0.0377099088705244
"3",3,3,0.333849338486277,0.267519097049977
"4",4,4,0.0224732473155546,0.168677639688915
"5",5,5,0.218117047009443,0.0333098755819371
