"","V1","effect_size","nonlinear","location","scale","interactions","V2"
"1",1,-0.0459837120651576,TRUE,0.37112856960025,1.5051721817905,FALSE,NA
"2",2,0.0804525632817663,TRUE,-0.228418529741471,0.065980913117528,FALSE,NA
"3",3,0.113300099335674,FALSE,NA,NA,FALSE,NA
"4",4,0.149910797861777,FALSE,NA,NA,FALSE,NA
"5",5,0.375168888265958,TRUE,-0.658953665662258,0.642401324119419,FALSE,NA
"6",3,-0.0773653522867285,FALSE,NA,NA,TRUE,5
"7",2,-0.243647073690075,FALSE,NA,NA,TRUE,3
