"","X","V","Imp","rand"
"1",1,1,0.00446316995146377,0.00232885373873181
"2",2,2,0.141082289908829,0.014347132376893
"3",3,3,4.31416732514605e-05,0.124512747599114
"4",4,4,0.0114129092764547,0.0768965592307709
"5",5,5,0.00471967984367545,0.181178561717664
"6",6,6,0.00778788683009151,0.148328979175029
"7",7,7,0.00625421286057763,0.0905818477941135
"8",8,8,0.00423535870842055,0.00439325690420689
"9",9,9,0.144328348938441,0.0078131934024935
"10",10,10,2.9919084418526e-06,0.0995271604183566
