"","X","V","Imp","rand"
"1",1,1,0.174998031985816,0.125522135382125
"2",2,2,0.074993128218206,0.624459067939888
