"","X","V","Imp","rand"
"1",1,1,0.0360283411548409,0.451332915929622
"2",2,2,0.271363532498286,0.0194627717490742
"3",3,3,0.2536509941067,0.0406693692552644
"4",4,4,0.0844501200457802,0.0780047837746943
"5",5,5,0.0471589838965433,0.160520380603201
