"","X","V","Imp","rand"
"1",1,1,0.778900227894228,0.35901519985363
"2",2,2,0.316773368418166,0.390977452305907
