"","X","V","Imp","rand"
"1",1,1,0.167425417341268,0.0709358429788586
"2",2,2,0.0390412426490521,0.0796706590322723
"3",3,3,0.145113362062649,0.100207028468096
"4",4,4,0.000236432525814731,0.444560979410485
"5",5,5,0.277089323776406,0.0545887706181035
