"","X","V","Imp","rand"
"1",1,1,0.0979302218461932,0.287158097594097
"2",2,2,0.000132880794016345,0.0288623993862802
"3",3,3,0.144110085976393,0.0299820254986263
"4",4,4,0.0177578141839567,0.0186132893767613
"5",5,5,0.0621434244891914,0.00121833835569353
"6",6,6,0.00267441785736579,0.0180362406490773
"7",7,7,0.00368165576957231,0.00889754903849072
"8",8,8,0.000481243408869896,0.0676616235428265
"9",9,9,0.00235981298675933,0.282548948524518
"10",10,10,0.00308640846488141,0.00701798178402964
