"","X","V","Imp","rand"
"1",1,1,0.221434361426373,0.033963840024265
"2",2,2,0.025197722712278,0.170669866365145
"3",3,3,0.230613514311574,0.0308921353544162
"4",4,4,0.420560345428594,0.328931908010133
"5",5,5,0.0313046624978447,0.185540256858556
