"","X","V","Imp","rand"
"1",1,1,0.364221775870816,0.0218336983406134
"2",2,2,0.201233755397059,0.728158776017026
