"","X","V","Imp","rand"
"1",1,1,0.130971251262184,0.0240377929862504
"2",2,2,0.00122114765094547,0.189365561962676
"3",3,3,0.0674246469161132,0.403017682932542
"4",4,4,0.0479694011707819,0.00619535485571142
"5",5,5,0.0023681173839181,0.127297580680276
