"","X","V","Imp","rand"
"1",1,1,0.0237680302723069,0.0104373325437315
"2",2,2,4.82755570200917e-05,0.0519784932462378
"3",3,3,0.0408793646074076,0.00390566265348247
"4",4,4,0.0484786536384681,0.00600368613777772
"5",5,5,0.00849162751436739,0.000109891153575742
"6",6,6,0.000790270887692307,0.189904187336169
"7",7,7,0.00116474494264165,0.309892929151338
"8",8,8,0.0755118944829767,0.000912863300918791
"9",9,9,0.0499276551627188,0.176791675403473
"10",10,10,0.00103971684648133,8.5094336210423e-08
