"","X","V","Imp","rand"
"1",1,1,0.137619678450363,0.140490030059006
"2",2,2,0.0447443213921346,0.344703566139687
"3",3,3,0.00527743207259375,0.0409057200609263
"4",4,4,0.0620414360310125,0.162452506259538
"5",5,5,0.000180385433810538,0.0614472782260297
