"","V1","effect_size","nonlinear","location","scale","interactions","V2"
"1",1,-0.154168836903918,0,NA,NA,FALSE,NA
"2",2,0.00694806138574579,0,NA,NA,FALSE,NA
"3",3,0.202186460000188,0,NA,NA,FALSE,NA
"4",4,0.220178685704289,0,NA,NA,FALSE,NA
"5",5,0.0921500272076324,0,NA,NA,FALSE,NA
"6",6,0.0281117571078776,0,NA,NA,FALSE,NA
"7",7,0.0341283598000497,0,NA,NA,FALSE,NA
"8",8,-0.27479427665615,0,NA,NA,FALSE,NA
"9",9,-0.223444971218237,0,NA,NA,FALSE,NA
"10",10,0.0322446405853955,0,NA,NA,FALSE,NA
