"","X","V","Imp","rand"
"1",1,1,0.209239435038544,0.138974787548111
"2",2,2,0.112389661723769,0.157199352030821
"3",3,3,0.00100236975710631,0.188383434222315
"4",4,4,0.115343173258495,0.218955006178473
"5",5,5,0.124441575326241,0.0464842915641688
