"","X","V","Imp","rand"
"1",1,1,0.025790756201977,0.18670971335253
"2",2,2,0.765261900588407,0.000522669940035536
"3",3,3,0.0106889980550113,0.0236687331402695
"4",4,4,0.00451257029472871,0.180807640483605
"5",5,5,0.431247126442319,0.358290978688227
