"","V1","effect_size","nonlinear","location","scale","interactions","V2"
"1",1,0.457426972355746,FALSE,NA,NA,FALSE,NA
"2",2,0.335245673683896,TRUE,-0.0906689142745786,2.10761441836569,FALSE,NA
"3",3,0.0316602235795377,TRUE,-0.0885708900883819,1.11007955945553,FALSE,NA
"4",4,0.339622103607076,TRUE,0.0411473437427464,1.84306143960896,FALSE,NA
"5",5,0.352762774859027,FALSE,NA,NA,FALSE,NA
