"","X","V","Imp","rand"
"1",1,1,0.167138701509633,0.0363128495141318
"2",2,2,0.108872552029638,0.0902817707854461
"3",3,3,0.000424048216934877,0.000209331915207455
"4",4,4,0.0141269259608574,0.0199727280332479
"5",5,5,0.03407420010907,0.223529835868687
"6",6,6,2.83152535274579e-05,0.00530909409496023
"7",7,7,0.0605131875708079,0.0139610358916524
"8",8,8,0.00480700205262297,0.0844542331524545
"9",9,9,0.0639768047801441,0.227915690261201
"10",10,10,7.3816611850855e-05,0.0481270262170969
