"","X","V","Imp","rand"
"1",1,1,0.00774696866904175,0.58665946103912
"2",2,2,0.226165182628617,0.00478654481207968
"3",3,3,0.0256563949036922,0.0140727262696376
"4",4,4,0.254501604024909,0.0795488556319533
"5",5,5,0.00185918057068077,0.00477947565584856
"6",6,6,0.00306021746741442,0.00299029701593889
"7",7,7,0.0062202472594488,0.0037011996689135
"8",8,8,0.00178319565192373,0.0455798302367436
"9",9,9,0.0332314996101346,0.00623356679080483
"10",10,10,0.0823747418299229,0.00180061300465523
