"","X","V","Imp","rand"
"1",1,1,0.712166603653725,0.638059129686639
"2",2,2,0.748777933762896,0.111938688378281
