"","X","V","Imp","rand"
"1",1,1,0.287320197366117,0.082984982470664
"2",2,2,0.15469573838772,0.348982487815631
"3",3,3,0.0669039483259605,0.0557333970403397
"4",4,4,0.000592224438150869,0.00056071454143667
"5",5,5,0.389234696280506,0.261736696373288
