"","V1","effect_size","nonlinear","location","scale","interactions","V2"
"1",1,0.366894114977041,TRUE,-0.133992877861682,5.7983857133543,FALSE,NA
"2",2,0.0445739007311346,FALSE,NA,NA,FALSE,NA
"3",3,0.19862308299195,FALSE,NA,NA,FALSE,NA
"4",4,-0.0243356618597249,TRUE,-1.23455018937387,0.0230188025161624,FALSE,NA
"5",5,0.601483064642532,TRUE,-1.38655800466037,0.0336367981508374,FALSE,NA
"6",1,0.152708905761331,FALSE,NA,NA,TRUE,2
"7",3,0.0274528192287334,FALSE,NA,NA,TRUE,5
