"","X","V","Imp","rand"
"1",1,1,0.0550741744592453,0.34003890936821
"2",2,2,0.00742295021664391,0.40989701790992
