"","X","V","Imp","rand"
"1",1,1,0.475687675765452,0.00622471253042512
"2",2,2,0.0867640584145266,0.743768703931819
