"","X","V","Imp","rand"
"1",1,1,0.475687675765452,0.722822952667022
"2",2,2,0.0867640584145266,0.0271740266748158
