"","X","V","Imp","rand"
"1",1,1,0.0136687343900654,0.243173977593175
"2",2,2,6.75376701330303e-09,0.0354996016272293
"3",3,3,0.0141928313258126,0.19115627788955
"4",4,4,0.021117908203297,0.00454305002689631
"5",5,5,0.00141853189568345,0.0934811587885315
"6",6,6,0.000615392189457432,0.0592241884716979
"7",7,7,0.0307158270712665,0.0604097232969481
"8",8,8,3.16285938600851e-06,0.0105436217089492
"9",9,9,0.0165382183657632,0.0390334913614664
"10",10,10,0.0198823692034621,0.0129066166049675
