"","X","V","Imp","rand"
"1",1,1,0.425041102751681,0.23585296451885
"2",2,2,0.113778391973849,0.0653181579234286
"3",3,3,0.0377565083540203,0.0520831320625127
"4",4,4,0.46789808752121,0.00114482470602259
"5",5,5,0.242473005369048,0.395600016332249
