"","V1","effect_size","nonlinear","location","scale","interactions","V2"
"1",1,0.0899158462245344,FALSE,NA,NA,FALSE,NA
"2",2,-0.337310527517078,TRUE,-0.00560926809994695,0.216666897758842,FALSE,NA
"3",3,0.0708995864791089,FALSE,NA,NA,FALSE,NA
"4",4,0.225702999917597,FALSE,NA,NA,FALSE,NA
"5",5,0.457977344830436,FALSE,NA,NA,FALSE,NA
"6",1,0.416956243349407,FALSE,NA,NA,TRUE,4
"7",3,-0.0327297569911117,FALSE,NA,NA,TRUE,5
