"","X","V","Imp","rand"
"1",1,1,0.133052322421647,0.0460227560854563
"2",2,2,0.0131483369652225,0.00907815129529162
"3",3,3,0.0130347442286581,0.00224457386659274
"4",4,4,0.222063853244756,0.0479051024800846
"5",5,5,0.00222547903752393,0.0482619246542197
"6",6,6,0.056411612615539,0.403074557550997
"7",7,7,0.102821925385652,0.136045755028489
"8",8,8,0.0223632614659095,0.0130118513699379
"9",9,9,0.224673937523827,0.0260292667457406
"10",10,10,0.0315519935383297,0.0183222504064894
