"","X","V","Imp","rand"
"1",1,1,0.229154718956231,0.0541185041467522
"2",2,2,0.255674942056599,0.0382577215369002
"3",3,3,0.0117614669547632,0.294213415607853
"4",4,4,0.111379222766635,0.232372062758328
"5",5,5,0.00444215673628026,0.131033375422174
