"","X","V","Imp","rand"
"1",1,1,0.00150560690579454,0.176979898591603
"2",2,2,0.00399454894640323,0.252433409089816
"3",3,3,0.00173046621275186,0.00219094410517952
"4",4,4,0.0137616148568985,0.300294188281271
"5",5,5,0.0415026733463417,0.0182108309295628
