"","X","V","Imp","rand"
"1",1,1,0.000487737841605123,0.000426568315849817
"2",2,2,0.313596206908879,0.0185857230898792
"3",3,3,0.00365735497358529,0.0509335518582733
"4",4,4,0.00199724836951082,0.00338312251601143
"5",5,5,0.00501467295723967,0.00188305641875219
"6",6,6,0.000756876477462357,0.000955247465831522
"7",7,7,0.226840929201679,0.0908827500403963
"8",8,8,0.0585678139054665,0.322177503775131
"9",9,9,0.0268533898376056,0.239172023956171
"10",10,10,0.374371127449449,0.0215305361430894
