"","X","V","Imp","rand"
"1",1,1,0.000487737841605123,0.0110496298324359
"2",2,2,0.313596206908879,0.0124469442166106
"3",3,3,0.00365735497358529,0.00158571249707198
"4",4,4,0.00199724836951082,0.0407670089723066
"5",5,5,0.00501467295723967,0.0109506527168951
"6",6,6,0.000756876477462357,0.00658449703806562
"7",7,7,0.226840929201679,0.414841978061886
"8",8,8,0.0585678139054665,0.0597200281487066
"9",9,9,0.0268533898376056,0.126685258701616
"10",10,10,0.374371127449449,0.0653542032499624
