"","X","V","Imp","rand"
"1",1,1,0.0066143673371864,0.189436600532731
"2",2,2,0.0406256228712504,0.19215049296614
"3",3,3,0.0112532908215413,0.0896933278414911
"4",4,4,0.0864887057355566,0.161270253156205
"5",5,5,0.178805048462663,0.117388975397439
