"","X","V","Imp","rand"
"1",1,1,0.00959284231938816,0.0475819690406631
"2",2,2,0.002665687766436,0.00126441594162865
"3",3,3,0.017233791880525,0.429522845069244
"4",4,4,0.0138338770938083,0.000717991308812542
"5",5,5,3.8002821433356e-05,0.0434252397244413
"6",6,6,0.00212352980229153,0.0735509366368411
"7",7,7,0.00147385200725356,0.0123096120870339
"8",8,8,0.0155977885690641,0.0757871101797096
"9",9,9,0.0203702221714688,0.0241154332575055
"10",10,10,0.00815918089604193,0.0417164333902066
