"","X","V","Imp","rand"
"1",1,1,0.000119884660130272,0.00907323830903338
"2",2,2,0.00712538783972749,8.48381236887701e-05
"3",3,3,0.0199708138102838,0.154209549381194
"4",4,4,0.00175270067652235,0.0690423277344148
"5",5,5,0.000242483716920321,0.213832848335967
"6",6,6,0.0205968181159365,0.0821355072810777
"7",7,7,0.0689755615785574,0.0217435307155133
"8",8,8,0.00511297704108618,0.0644852486980077
"9",9,9,0.00139934635499894,0.114069430408779
"10",10,10,0.067907465717592,0.0212999761517457
