"","X","V","Imp","rand"
"1",1,1,0.000119884660130272,0.000598154334021637
"2",2,2,0.00712538783972749,0.229534992163529
"3",3,3,0.0199708138102838,0.108381408288429
"4",4,4,0.00175270067652235,0.00938547544217499
"5",5,5,0.000242483716920321,0.0335200890085109
"6",6,6,0.0205968181159365,0.0256755386603158
"7",7,7,0.0689755615785574,0.0480001421677942
"8",8,8,0.00511297704108618,0.0150227965960654
"9",9,9,0.00139934635499894,0.0132259670924353
"10",10,10,0.067907465717592,0.266566408970656
