"","X","V","Imp","rand"
"1",1,1,0.00901395434001507,0.0796673481078595
"2",2,2,0.119382694577288,0.0622188289539945
"3",3,3,0.109911716954942,0.0492596825045636
"4",4,4,0.000334964566775213,0.059950386219831
"5",5,5,0.00387728504140065,0.00413017857736989
"6",6,6,0.00301523815880325,0.00880624987430477
"7",7,7,0.0278788870749837,0.068592454614974
"8",8,8,0.00316358332865388,0.0824222090777088
"9",9,9,0.00329003438606135,0.147222993024172
"10",10,10,0.00278446356947054,0.187819000052039
