"","X","V","Imp","rand"
"1",1,1,0.00675779036858922,0.115233276559061
"2",2,2,0.000278573323593621,0.0807734127533993
"3",3,3,0.0126337679732113,0.0501274679274201
"4",4,4,0.040712497028992,0.410536349383903
"5",5,5,0.00211602766054855,0.0933257830168442
