"","X","V","Imp","rand"
"1",1,1,0.00350744218219579,0.440117806585167
"2",2,2,0.0192159326129271,0.00997051407404631
"3",3,3,0.00195909945505339,0.240141614546016
"4",4,4,0.0800194705677687,0.0597650488360776
"5",5,5,0.162047851238215,3.14591110650611e-06
