"","X","V","Imp","rand"
"1",1,1,0.0144619407317679,0.180575115910891
"2",2,2,0.0047806689978923,0.0248674261435748
"3",3,3,0.0285508427607811,0.053414025655239
"4",4,4,0.00470972542795543,0.164298093040335
"5",5,5,0.171671551518042,0.027410839538369
"6",6,6,2.07346727461773e-05,0.0429447177198532
"7",7,7,0.00870468618220909,0.0154504816006589
"8",8,8,0.00405978150337814,0.1759614246965
"9",9,9,0.0102544831962712,0.00987368095548982
"10",10,10,0.00288683944935428,0.055177485914611
