"","X","V","Imp","rand"
"1",1,1,0.0210613971740255,0.0142590808458829
"2",2,2,0.000302422615858556,0.0885203637732012
"3",3,3,0.00409824536983809,0.316207511356181
"4",4,4,0.00283269490854558,1.47753449546445e-05
"5",5,5,0.0342047001193762,0.330992487377228
