"","X","V","Imp","rand"
"1",1,1,0.0774346072520714,0.165861380280427
"2",2,2,0.0903428755834836,0.00507469731477642
"3",3,3,0.263587609300442,0.323227882520273
"4",4,4,0.264037192570123,0.219469258886661
"5",5,5,0.0118432858059794,0.0364646456134324
