"","X","V","Imp","rand"
"1",1,1,0.0774346072520714,0.00867156404989536
"2",2,2,0.0903428755834836,0.0711675790441613
"3",3,3,0.263587609300442,0.205770851357931
"4",4,4,0.264037192570123,0.437579256577036
"5",5,5,0.0118432858059794,0.0268090229180517
