"","X","V","Imp","rand"
"1",1,1,0.000408120511752914,0.0484666348532108
"2",2,2,0.00170300205450732,0.0260577309213818
"3",3,3,0.00921003116254697,0.0168051502274083
"4",4,4,4.48672373075997e-05,0.00315897349012282
"5",5,5,0.0136425547726464,0.0311929449515142
"6",6,6,0.0628551372554726,0.161144164419449
"7",7,7,0.000780192424760266,0.129678793179849
"8",8,8,0.0013985669869951,0.320691796433753
"9",9,9,0.0394430082113989,0.000490525104777914
"10",10,10,0.0101804302442289,0.0122539581746145
