"","X","V","Imp","rand"
"1",1,1,0.309564006848909,0.0512635977890463
"2",2,2,0.224893475993754,0.513545163720767
"3",3,3,0.0621840929329352,0.0537034722976677
"4",4,4,0.256803989195193,0.0586189687938498
"5",5,5,0.230259431287109,0.0728491928281364
