"","X","V","Imp","rand"
"1",1,1,0.0275077444374424,0.128203164029021
"2",2,2,0.00582611433865603,0.0105054239624226
"3",3,3,0.00391799761436572,0.12616307032376
"4",4,4,0.165983710904196,0.00248214509149701
"5",5,5,0.0468102649376827,0.482633572462762
