"","X","V","Imp","rand"
"1",1,1,0.00506088276223891,0.175089712264687
"2",2,2,0.01430622468551,0.0375744693667879
"3",3,3,0.000763399329387672,0.204706207344553
"4",4,4,0.062270618209895,0.20024034479929
"5",5,5,0.00175692115225828,0.00518031753476459
"6",6,6,0.000701461122976302,0.0110038548794303
"7",7,7,0.00419086693663353,0.00896162318268822
"8",8,8,0.00178512007251976,0.00149765896138305
"9",9,9,0.00529750335046943,0.0604131500228311
"10",10,10,0.0351991083409331,0.0451480183739444
