"","X","V","Imp","rand"
"1",1,1,0.00069280783560606,0.175691534007438
"2",2,2,0.0160091494127255,0.043689119706177
"3",3,3,0.0204708622208845,0.207908459180065
"4",4,4,0.0245734537557764,0.0300974178092868
"5",5,5,0.000746909027065262,0.292573651407975
