"","X","V","Imp","rand"
"1",1,1,0.00247426658802675,0.0110260607766129
"2",2,2,0.0295112577656322,0.0361389097092808
"3",3,3,0.0900262359205909,0.000150151960597315
"4",4,4,0.00102010256004919,0.0725996327583592
"5",5,5,0.00395802598800354,0.104000472276095
"6",6,6,0.00148649885045694,0.0369982976213065
"7",7,7,0.00285073069920497,0.135267153686024
"8",8,8,0.00130599528686519,0.0150885704909152
"9",9,9,0.0875635227717029,0.0708156323955001
"10",10,10,0.00948185908804304,0.267888495112044
