"","V1","effect_size","nonlinear","location","scale","interactions","V2"
"1",1,-0.0263212430482692,FALSE,NA,NA,FALSE,NA
"2",2,-0.126527267467236,TRUE,0.771880752306768,0.687619038391858,FALSE,NA
"3",3,-0.143076420911639,TRUE,0.887874022338017,0.481599844131024,FALSE,NA
"4",4,0.156759222235173,FALSE,NA,NA,FALSE,NA
"5",5,-0.0273296364239494,TRUE,0.218908864193249,2.41419125149462,FALSE,NA
