"","X","V","Imp","rand"
"1",1,1,0.283015885506945,0.00941855988117847
"2",2,2,0.00721431726313393,0.00398779740160988
"3",3,3,0.00286749007576765,0.164133428732985
"4",4,4,0.000698412877088295,0.0040412033855454
"5",5,5,0.0240294051213022,0.0892686165279617
"6",6,6,0.00435189735415196,0.186815615886815
"7",7,7,0.109110455675258,0.197224781125764
"8",8,8,0.351513158999066,0.0184126417453884
"9",9,9,0.0045184214035963,0.0733959591450199
"10",10,10,0.236783488413771,0.0032905491795774
