"","X","V","Imp","rand"
"1",1,1,0.00466569719490139,0.0833647211196035
"2",2,2,0.0202482217950544,0.0481281412910374
"3",3,3,0.00233727776075546,0.1843894554535
"4",4,4,0.000583126870585123,0.0899753670057255
"5",5,5,9.56484908256821e-05,0.228482133042801
"6",6,6,0.00405624235363086,0.000380177349850075
"7",7,7,0.00527333500244053,0.0379462185646635
"8",8,8,0.00552020750289021,0.00435436747730749
"9",9,9,0.0196152476401311,0.0195915294063263
"10",10,10,0.000103573247622954,0.0533832199886724
