"","X","V","Imp","rand"
"1",1,1,0.00160496634503518,0.244882915967908
"2",2,2,0.00698576041974958,0.339174902848502
"3",3,3,0.0153933114612435,0.044792433036551
"4",4,4,0.0245528956846179,0.090711042156315
"5",5,5,0.0139617127453518,0.0304120414365918
