"","V1","effect_size","nonlinear","location","scale","interactions","V2"
"1",1,-0.0683059089310829,0,NA,NA,FALSE,NA
"2",2,0.142296246595103,0,NA,NA,FALSE,NA
"3",3,-0.0483454006163509,0,NA,NA,FALSE,NA
"4",4,-0.0241480200137635,0,NA,NA,FALSE,NA
"5",5,0.00978000464343868,0,NA,NA,FALSE,NA
"6",6,0.063688635985008,0,NA,NA,FALSE,NA
"7",7,-0.0726177320111316,0,NA,NA,FALSE,NA
"8",8,-0.0742980989184125,0,NA,NA,FALSE,NA
"9",9,-0.14005444527087,0,NA,NA,FALSE,NA
"10",10,-0.0101770942622614,0,NA,NA,FALSE,NA
