"","X","V","Imp","rand"
"1",1,1,0.237860894061688,0.00769908466855158
"2",2,2,0.118728779485513,0.0708338442284682
"3",3,3,0.0658466212198613,0.00443223357240641
"4",4,4,3.82714456707603e-05,0.00386089445833838
"5",5,5,0.0104232444112875,0.13144241598202
"6",6,6,0.0220285586069926,0.0314084120774316
"7",7,7,0.0061798765790009,0.0746316413464309
"8",8,8,0.0653456673168686,0.117093115876521
"9",9,9,0.0359577846920433,0.0785170940151547
"10",10,10,8.89896262521575e-05,0.230070147613418
