"","X","V","Imp","rand"
"1",1,1,0.000257152278068088,0.00413505486950968
"2",2,2,0.0330163007102481,0.00464371727564261
"3",3,3,0.00591234481263685,0.158340422252432
"4",4,4,0.0121119385256778,0.523703154131471
"5",5,5,0.0112008454737516,0.059176478230819
