"","V1","effect_size","nonlinear","location","scale","interactions","V2"
"1",1,-0.487709846180788,0,NA,NA,FALSE,NA
"2",2,0.344570427468048,0,NA,NA,FALSE,NA
"3",3,0.256605964895326,0,NA,NA,FALSE,NA
"4",4,0.00618639197519526,0,NA,NA,FALSE,NA
"5",5,-0.102094291766423,0,NA,NA,FALSE,NA
"6",6,-0.148420209563902,0,NA,NA,FALSE,NA
"7",7,0.0786121910329492,0,NA,NA,FALSE,NA
"8",8,-0.255627986176922,0,NA,NA,FALSE,NA
"9",9,0.189625379873168,0,NA,NA,FALSE,NA
"10",10,0.00943343130849838,0,NA,NA,FALSE,NA
