"","V1","effect_size","nonlinear","location","scale","interactions","V2"
"1",1,-0.016035968261009,TRUE,0.403121955819442,0.0479910403551317,FALSE,NA
"2",2,-0.181703881934999,FALSE,NA,NA,FALSE,NA
"3",3,0.0768917733742489,TRUE,-0.906262741538995,0.464875413104892,FALSE,NA
"4",4,-0.110054252646946,TRUE,-0.0680360571835013,0.0592833203263581,FALSE,NA
"5",5,0.105834046855214,FALSE,NA,NA,FALSE,NA
