"","X","V","Imp","rand"
"1",1,1,0.0164105533056841,0.0252157772449862
"2",2,2,0.0224500122871236,0.260853567061215
"3",3,3,0.00515019864311723,0.00356961122790014
"4",4,4,1.14470103591132e-05,0.0246899691195001
"5",5,5,0.0184716561825448,0.435628194684539
