"","V1","effect_size","nonlinear","location","scale","interactions","V2"
"1",1,-0.128103681858423,TRUE,-0.531777670387565,0.48791810311377,FALSE,NA
"2",2,0.149833281640374,FALSE,NA,NA,FALSE,NA
"3",3,-0.0717648844708694,TRUE,0.986540140142469,0.603967419825494,FALSE,NA
"4",4,-0.00338334307440336,TRUE,-0.799909297080654,1.94586354671958,FALSE,NA
"5",5,-0.135910471202718,FALSE,NA,NA,FALSE,NA
