"","X","V","Imp","rand"
"1",1,1,5.06399993229642e-05,0.0651680711653645
"2",2,2,0.0210721549879287,0.207850978637756
"3",3,3,0.00485461140191416,0.000610702346016123
"4",4,4,0.00275973328842743,0.146172221848621
"5",5,5,0.00379129951146081,0.14842546224562
"6",6,6,0.00522624156323799,0.0621227562831777
"7",7,7,0.0002743166427087,0.00273372501798204
"8",8,8,0.00205828632791523,0.114655718024556
"9",9,9,0.00813440193088389,0.000916873411086706
"10",10,10,0.0142724372502299,0.0013337452138344
