"","X","V","Imp","rand"
"1",1,1,0.00200472320651677,0.0231928923240619
"2",2,2,0.000688177274255032,0.0823103927320782
"3",3,3,0.0317635320733119,0.00168270739405284
"4",4,4,0.00512386564510154,0.0578126354883775
"5",5,5,0.0025756731257823,0.419238576971939
"6",6,6,0.000389892426634764,0.000386190470215123
"7",7,7,0.0183993300319213,0.0250811172274995
"8",8,8,7.1846923599403e-05,0.00803180417008744
"9",9,9,0.0239198026241812,0.0548396900814915
"10",10,10,0.00607256431706186,0.077423148191349
