"","X","V","Imp","rand"
"1",1,1,0.0137215897192743,0.299398153738517
"2",2,2,0.145999459709995,0.00353417496722599
"3",3,3,0.0242665542969721,0.359497862560475
"4",4,4,4.60456999084197e-05,4.14591964437474e-05
"5",5,5,0.149136440505623,0.0875272889825355
