"","X","V","Imp","rand"
"1",1,1,0.128086848749107,0.146985584139933
"2",2,2,0.0455631413246964,0.00730943025950632
"3",3,3,0.0499471581652717,0.504038937827864
"4",4,4,0.0016482432319584,3.55724183226467e-07
"5",5,5,0.000831296018686057,0.0916613965867976
