"","X","V","Imp","rand"
"1",1,1,0.0185564530660214,0.368633619062565
"2",2,2,0.0331043694929654,0.0781111228147953
"3",3,3,0.0264745892177323,0.142208956700517
"4",4,4,0.145794882650214,0.00953077976889427
"5",5,5,0.0260189809406835,0.151512835334905
