"","V1","effect_size","nonlinear","location","scale","interactions","V2"
"1",1,-0.136222072609476,TRUE,-0.923258951324058,0.221925578080118,FALSE,NA
"2",2,0.181946062043028,FALSE,NA,NA,FALSE,NA
"3",3,0.162710138644561,FALSE,NA,NA,FALSE,NA
"4",4,0.381830960832426,TRUE,0.482120236901813,0.279370489530265,FALSE,NA
"5",5,0.161304001626381,TRUE,-0.138356016355946,0.812206305521441,FALSE,NA
