"","X","V","Imp","rand"
"1",1,1,0.564918354413391,0.0111155129668714
"2",2,2,0.927405150553694,0.380155506890217
"3",3,3,0.359663327294312,0.00601064717825296
"4",4,4,0.000777032301831311,0.299650391852444
"5",5,5,0.0144902507905554,0.0530665668626365
