"","X","V","Imp","rand"
"1",1,1,7.15063266813643e-05,0.0821334120859722
"2",2,2,8.93622573453999e-05,0.00517757571597832
"3",3,3,0.134283243052666,0.506088606592117
"4",4,4,0.136696850270515,0.147105575665137
"5",5,5,0.0468801494314696,0.00949463161875259
