"","V1","effect_size","nonlinear","location","scale","interactions","V2"
"1",1,-0.0084561413588802,FALSE,NA,NA,FALSE,NA
"2",2,0.00945316123555501,TRUE,-1.07221316787328,0.439868677407503,FALSE,NA
"3",3,0.0256742397202672,FALSE,NA,NA,FALSE,NA
"4",4,-0.00188421747417624,FALSE,NA,NA,FALSE,NA
"5",5,-0.209310596731023,FALSE,NA,NA,FALSE,NA
"6",3,-0.133624076467452,FALSE,NA,NA,TRUE,4
"7",4,-0.00306922352757269,FALSE,NA,NA,TRUE,5
