"","X","V","Imp","rand"
"1",1,1,0.0510955899339837,0.0367344418483572
"2",2,2,0.0290950190009169,0.101263553073674
"3",3,3,0.0413639987934457,0.0296566224301695
"4",4,4,0.0270727696288252,0.0870837707338246
"5",5,5,0.0162917466674699,0.0529532037512319
"6",6,6,0.00113019988953802,0.0241288807202523
"7",7,7,0.000636769787829211,0.255101994528823
"8",8,8,0.0851854963399977,0.00403662931165861
"9",9,9,0.0281584728763271,0.00879470077706936
"10",10,10,0.0637591608384729,0.150243853360285
