"","X","V","Imp","rand"
"1",1,1,0.530998317536871,0.280331341706002
"2",2,2,0.698331543858011,0.217561743493815
"3",3,3,0.0732695077254835,0.11980593166604
"4",4,4,0.23554049023812,0.121729052087345
"5",5,5,0.0139409942616183,0.0105695985294032
