"","X","V","Imp","rand"
"1",1,1,0.0325379357353166,0.14287695186833
"2",2,2,0.510493254087225,0.414758160952723
"3",3,3,0.216592592316468,1.79879187787435e-06
"4",4,4,0.0368674654742091,0.00656850803400757
"5",5,5,0.518985360344364,0.185789390521777
