"","X","V","Imp","rand"
"1",1,1,0.0106022765388947,0.00161489082121807
"2",2,2,0.00264716412251358,0.00277701300214026
"3",3,3,0.0575258234196587,0.0323668814399948
"4",4,4,0.000499467195057841,0.275478001649758
"5",5,5,0.0480026054528571,0.0358174397556246
"6",6,6,0.162624603412185,0.320512448367783
"7",7,7,0.129480448844753,0.00270206166197524
"8",8,8,0.155172196897439,0.0638419204382411
"9",9,9,0.0483333687795756,0.00708522504674062
"10",10,10,0.16563730516168,0.0077444207700964
