"","X","V","Imp","rand"
"1",1,1,0.00406509395090921,0.599170247830538
"2",2,2,0.606522392398101,0.010999238033264
"3",3,3,0.00334072094770692,0.0290425518325759
"4",4,4,0.130133269298704,0.0625961077056169
"5",5,5,0.603725519037365,0.0481901882216239
