"","X","V","Imp","rand"
"1",1,1,2.74800794028931e-05,0.0712057969102288
"2",2,2,0.0023826260501744,0.0237071518574403
"3",3,3,3.16017803703986e-05,0.0134042835386252
"4",4,4,0.000686119259617509,0.0474254831987445
"5",5,5,0.000333351252544831,0.0247308480994668
"6",6,6,0.000113298860004067,0.201842674895426
"7",7,7,0.00872941844568422,0.0419673849185617
"8",8,8,0.139501805222706,0.0117845629573559
"9",9,9,0.0169042054750565,0.303621986538107
"10",10,10,0.152542653325881,0.0102818792780627
