"","X","V","Imp","rand"
"1",1,1,0.00761385644430937,0.661776715882623
"2",2,2,0.55492381853253,0.0882163291421083
