"","X","V","Imp","rand"
"1",1,1,0.147599072330261,0.00183258095639875
"2",2,2,0.0872736617162395,0.387107854253744
"3",3,3,0.0247138417847876,0.00382688987886655
"4",4,4,0.0869687649947145,0.306803467697139
"5",5,5,0.215944457179822,0.050451542273106
