"","V1","effect_size","nonlinear","location","scale","interactions","V2"
"1",1,-0.384186246930133,FALSE,NA,NA,FALSE,NA
"2",2,-0.295421159899286,TRUE,0.285453109957638,0.0145338722504675,FALSE,NA
"3",3,-0.157206366871026,TRUE,1.2570550243038,0.147452356293797,FALSE,NA
"4",4,-0.294904671028986,TRUE,-2.19329386755718,0.109860458876938,FALSE,NA
"5",5,0.464698243142603,FALSE,NA,NA,FALSE,NA
