"","X","V","Imp","rand"
"1",1,1,0.00742453399260685,0.247010089595919
"2",2,2,0.0848594919734994,0.0587948627188257
"3",3,3,0.433381409620135,0.0368490418911856
"4",4,4,0.0119771175341335,0.0155754300575944
"5",5,5,0.0248539421675601,0.391727665231186
