"","V1","effect_size","nonlinear","location","scale","interactions","V2"
"1",1,-0.086165735606486,TRUE,0.526829716972505,0.755676051663846,FALSE,NA
"2",2,0.291306525799714,TRUE,1.43479811506456,0.256672480609268,FALSE,NA
"3",3,0.658317104152805,FALSE,NA,NA,FALSE,NA
"4",4,-0.109440017973927,TRUE,1.03311353633603,0.31392194604991,FALSE,NA
"5",5,0.157651331004721,FALSE,NA,NA,FALSE,NA
