"","X","V","Imp","rand"
"1",1,1,0.137763622149322,0.0184306351820447
"2",2,2,0.0233568795174666,0.0522960679377223
"3",3,3,0.00327557766609743,0.0467643807880087
"4",4,4,0.0333807505024655,0.12643888938784
"5",5,5,0.0944940693078085,0.0133097749449263
"6",6,6,0.135179738480685,0.000128956532693407
"7",7,7,0.0385553310421156,0.168820838296448
"8",8,8,0.00969324137839673,9.07680767029269e-05
"9",9,9,0.00183565023488692,0.121084439214572
"10",10,10,0.0849627724384878,0.202626423333103
