"","X","V","Imp","rand"
"1",1,1,0.0029043146086434,0.110198419513541
"2",2,2,0.117896020861541,0.105950814432819
"3",3,3,0.000819651154569552,0.00515716039500939
"4",4,4,0.121933123858916,0.00749107842600044
"5",5,5,0.0391829178648164,0.521307466666026
