"","V1","effect_size","nonlinear","location","scale","interactions","V2"
"1",1,-0.3711652221711,0,NA,NA,FALSE,NA
"2",2,0.152829576710356,0,NA,NA,FALSE,NA
"3",3,0.057232662580885,0,NA,NA,FALSE,NA
"4",4,-0.182703996952627,0,NA,NA,FALSE,NA
"5",5,-0.307398876555866,0,NA,NA,FALSE,NA
"6",6,-0.36766797315062,0,NA,NA,FALSE,NA
"7",7,0.196355114631923,0,NA,NA,FALSE,NA
"8",8,-0.0984542603364462,0,NA,NA,FALSE,NA
"9",9,-0.0428444889675081,0,NA,NA,FALSE,NA
"10",10,-0.291483743008916,0,NA,NA,FALSE,NA
