"","X","V","Imp","rand"
"1",1,1,0.0676274669176946,0.00113304397545559
"2",2,2,0.00178227824146782,0.0235756918487699
"3",3,3,0.0844707207979019,0.338504045308073
"4",4,4,0.0150435495810789,0.0159584956275446
"5",5,5,0.0256658377012341,0.0480254057482219
"6",6,6,0.0182480528333463,0.00142167561091142
"7",7,7,0.0136103514946182,0.149180824599374
"8",8,8,0.0407047812442252,0.00405552368945785
"9",9,9,0.00325802371896522,0.167456023293431
"10",10,10,0.0262585731630608,0.00068430428656967
