"","X","V","Imp","rand"
"1",1,1,0.232771925715016,0.0459172012594831
"2",2,2,0.22799100587092,0.704082752284991
