"","X","V","Imp","rand"
"1",1,1,0.0176509675041857,0.531776051009752
"2",2,2,0.311198828309497,0.000290915110087498
"3",3,3,0.364076237026694,0.0510935196632039
"4",4,4,0.00740857794292674,0.0769215034148684
"5",5,5,0.0625455286451545,0.0899132102960004
