"","V1","effect_size","nonlinear","location","scale","interactions","V2"
"1",1,0.132856943756003,FALSE,NA,NA,FALSE,NA
"2",2,0.0955159178709226,TRUE,-0.165231760861019,1.83435373558643,FALSE,NA
"3",3,-0.248999396151722,TRUE,0.911435033841182,0.557857038453221,FALSE,NA
"4",4,-0.0860730965106214,FALSE,NA,NA,FALSE,NA
"5",5,-0.250091040713486,TRUE,0.786489420597681,3.06878311170225,FALSE,NA
"6",2,0.302075537742772,FALSE,NA,NA,TRUE,3
