"","X","V","Imp","rand"
"1",1,1,0.143542783050569,0.405151343761538
"2",2,2,0.000803528870973141,0.00632591531008586
"3",3,3,0.00151005900716603,0.130445692048684
"4",4,4,0.025727071128112,0.197757809956655
"5",5,5,0.141398562022079,0.0103017857059955
