"","V1","effect_size","nonlinear","location","scale","interactions","V2"
"1",1,-0.0963672050767021,TRUE,1.37169944069187,0.770556988152576,FALSE,NA
"2",2,-0.0283465848202767,TRUE,-0.986029929530301,0.0237045669928193,FALSE,NA
"3",3,0.0388594777006335,TRUE,0.0190142705532679,0.836987305390549,FALSE,NA
"4",4,0.160396605725034,FALSE,NA,NA,FALSE,NA
"5",5,-0.0845128226117502,FALSE,NA,NA,FALSE,NA
"6",1,-0.134256144836274,FALSE,NA,NA,TRUE,5
