"","X","V","Imp","rand"
"1",1,1,0.0172228415755453,0.0867302522984839
"2",2,2,0.00784917616506455,0.00176913639647797
"3",3,3,0.0359268435634258,7.87643405783403e-06
"4",4,4,3.95387871872986e-05,0.262986828038538
"5",5,5,0.00145624283712838,0.39850423819486
