"","X","V","Imp","rand"
"1",1,1,0.00174453873152542,0.15858564701547
"2",2,2,0.00193877730966581,0.0143536676992478
"3",3,3,0.00539378367315473,0.364445546458056
"4",4,4,0.000384280913443981,0.0767229497976302
"5",5,5,0.0203560700959399,0.02713127057626
"6",6,6,0.000156977330613532,0.00189711035172545
"7",7,7,0.00741674783294727,0.00665080922821604
"8",8,8,0.00335450690797992,0.0599553956089814
"9",9,9,0.00201658393719127,0.0346021938679038
"10",10,10,0.0197627840745876,0.00565078096939001
