"","V1","effect_size","nonlinear","location","scale","interactions","V2"
"1",1,-0.131235824284169,TRUE,0.000677786360706513,0.471917416900396,FALSE,NA
"2",2,-0.0885955764418549,FALSE,NA,NA,FALSE,NA
"3",3,-0.189543777432618,FALSE,NA,NA,FALSE,NA
"4",4,0.00628798753078428,TRUE,0.0466277922791439,2.47044545585725,FALSE,NA
"5",5,-0.0381607499550046,TRUE,-0.375872640509047,0.777131919816461,FALSE,NA
