"","X","V","Imp","rand"
"1",1,1,0.0654746259498672,0.231841038557294
"2",2,2,0.0361420029247968,0.0989700959730039
"3",3,3,0.00618083806987154,0.0431974883076061
"4",4,4,0.0155126837819444,0.00110000242242136
"5",5,5,0.0097861492122728,0.374890554023757
