"","X","V","Imp","rand"
"1",1,1,0.000797681114964189,0.0136323399263836
"2",2,2,0.00842185999222126,0.0216533851370543
"3",3,3,0.0420298256062447,0.0046876620801163
"4",4,4,0.000174125629692416,0.000560199775552383
"5",5,5,0.0022580744129554,0.000482717880541001
"6",6,6,0.000908451252246587,0.186514021928735
"7",7,7,0.00460047574771705,0.0123031576383018
"8",8,8,0.00227783443545528,0.185925955720554
"9",9,9,0.00106291252321279,0.020950910973855
"10",10,10,6.14583711786159e-06,0.303259013153237
