"","V1","effect_size","nonlinear","location","scale","interactions","V2"
"1",1,0.171822652671742,FALSE,NA,NA,FALSE,NA
"2",2,0.0137985849304821,FALSE,NA,NA,FALSE,NA
"3",3,0.0786183062007287,TRUE,-1.14549729479469,0.321245612576604,FALSE,NA
"4",4,-0.124549924857241,TRUE,1.94514312209189,2.96866240302776,FALSE,NA
"5",5,0.098924967587929,TRUE,0.167427236233904,0.433649209319183,FALSE,NA
"6",1,-0.0359516019787131,FALSE,NA,NA,TRUE,2
