"","X","V","Imp","rand"
"1",1,1,0.203354247109841,0.000380280414770705
"2",2,2,0.0638189270417575,0.181366266803638
"3",3,3,0.194856094176723,0.516045878100118
"4",4,4,0.423361921617209,0.0154023260261911
"5",5,5,0.445140022011966,0.0368044939847429
