"","V1","effect_size","nonlinear","location","scale","interactions","V2"
"1",1,0.247812459572063,TRUE,0.0770474728670268,0.364522006828338,FALSE,NA
"2",2,-0.252624082465939,TRUE,0.665297779533884,0.914804577465127,FALSE,NA
"3",3,0.441425071984729,TRUE,-0.585188798634498,0.244136431720108,FALSE,NA
"4",4,0.356917879022159,FALSE,NA,NA,FALSE,NA
"5",5,-0.0850014162808344,FALSE,NA,NA,FALSE,NA
"6",1,0.141943231990686,FALSE,NA,NA,TRUE,5
"7",4,0.295971549251532,FALSE,NA,NA,TRUE,5
