"","X","V","Imp","rand"
"1",1,1,0.227578676460349,0.0545141049305027
"2",2,2,0.0596174226089313,0.27212880006178
"3",3,3,0.144514403901256,0.00215183085472615
"4",4,4,0.353272266997124,0.288972859746822
"5",5,5,0.0141962053016031,0.132205046746549
