"","X","V","Imp","rand"
"1",1,1,0.00923401117118813,0.108133065259018
"2",2,2,0.0151574891450269,0.179638259464097
"3",3,3,0.0727370466005418,0.304935183802057
"4",4,4,0.000200702848478127,0.00929035653109347
"5",5,5,0.100123605358285,0.147997008267509
