"","X","V","Imp","rand"
"1",1,1,0.115847773253757,0.0654297388516892
"2",2,2,0.0216067640178208,1.80553909109333e-06
"3",3,3,0.642847926722665,0.0860441192198281
"4",4,4,0.0309183742776267,0.471015895415152
"5",5,5,0.527285812030535,0.127594850500575
