"","X","V","Imp","rand"
"1",1,1,0.065977863768919,0.00141835070836347
"2",2,2,0.121475764651327,0.0156735263386896
"3",3,3,0.0374813349090265,0.00242289185438526
"4",4,4,0.00606884043087241,0.0721776420536623
"5",5,5,0.00621770271990345,0.0430811995490366
"6",6,6,0.199275087506547,0.00931955383290321
"7",7,7,0.0335969784900464,0.000769777066667851
"8",8,8,0.00658110713194638,0.0540120688739866
"9",9,9,0.200261130673162,0.0875318631110542
"10",10,10,0.00216787219491686,0.463556223068786
