"","X","V","Imp","rand"
"1",1,1,0.00645927077436522,0.0902947473784034
"2",2,2,0.0367647701618316,0.00182528639697287
"3",3,3,0.000633802900131289,0.000867026032610064
"4",4,4,0.00762446074114365,0.0531855643216285
"5",5,5,0.0128248703683689,0.192881606477231
"6",6,6,0.127005290156701,0.0427406998701991
"7",7,7,0.00524537410499148,0.328405533068787
"8",8,8,0.0789868223148577,0.037183703803389
"9",9,9,0.16636395772851,8.08090345818368e-05
"10",10,10,0.205768787092566,0.00252697838626466
