"","X","V","Imp","rand"
"1",1,1,0.232399108887987,0.00127531602319183
"2",2,2,0.323056636187189,0.017307869137117
"3",3,3,0.0218856305467034,0.686014886432934
"4",4,4,0.0142192103564269,0.00479382136716735
"5",5,5,0.0520762660154676,0.0406054377472351
