"","X","V","Imp","rand"
"1",1,1,0.0122149641745476,0.0155859495388036
"2",2,2,0.387162738574857,0.00143421447862324
"3",3,3,0.00677511484524626,0.213588432657262
"4",4,4,0.144955837897614,0.0671370734651117
"5",5,5,0.0113603445511208,0.452345444642618
