"","V1","effect_size","nonlinear","location","scale","interactions","V2"
"1",1,-0.110521329048051,TRUE,1.20555980105021,2.81790048836188,FALSE,NA
"2",2,0.622224026034721,TRUE,1.54457785178797,0.651493368782992,FALSE,NA
"3",3,-0.0823110857980033,TRUE,0.47524574197739,0.207984464708716,FALSE,NA
"4",4,-0.380730663195932,FALSE,NA,NA,FALSE,NA
"5",5,0.106584917090181,FALSE,NA,NA,FALSE,NA
