"","X","V","Imp","rand"
"1",1,1,0.0103201134020149,0.442253548991896
"2",2,2,0.51073403160799,1.28254494030832e-05
"3",3,3,0.188905308518724,0.272868218238802
"4",4,4,0.017099903213067,0.00378464945610306
"5",5,5,0.512979300676217,0.0310530825374297
