"","V1","effect_size","nonlinear","location","scale","interactions","V2"
"1",1,-0.101587958942066,TRUE,-1.24458110550767,1.23019169982148,FALSE,NA
"2",2,0.280332201841892,FALSE,NA,NA,FALSE,NA
"3",3,0.434632383191501,FALSE,NA,NA,FALSE,NA
"4",4,-0.130766598231609,TRUE,1.06811099008244,0.0576615384779871,FALSE,NA
"5",5,-0.284308657022171,TRUE,-0.27650051974346,0.942069394471955,FALSE,NA
"6",2,0.432147888218467,FALSE,NA,NA,TRUE,5
