"","X","V","Imp","rand"
"1",1,1,0.0628858848605414,0.0365796252317776
"2",2,2,0.0296337192451461,0.0500796111409699
"3",3,3,0.000748295006849123,0.155625739735252
"4",4,4,0.235634813381633,0.0113303200496021
"5",5,5,0.0226782800797836,0.0399492274479522
"6",6,6,0.00841966594148151,0.000985140401938743
"7",7,7,0.0740318895882808,0.00823136649213514
"8",8,8,0.253622964625474,0.00219345504050079
"9",9,9,0.0562526419217556,0.392556672167862
"10",10,10,0.0130030931436436,0.052465894793399
