"","X","V","Imp","rand"
"1",1,1,6.79445528402596e-05,0.0182109875047891
"2",2,2,1.50386192810743e-06,0.0637329942033407
"3",3,3,0.0128225946207563,0.227069020083435
"4",4,4,1.75423632962271e-06,0.096082234325574
"5",5,5,0.000538745047699476,0.184338926931235
"6",6,6,0.0169181858483642,0.0139844510977352
"7",7,7,0.000908388636057029,0.115415018784425
"8",8,8,0.000911104184419509,0.0249023604235687
"9",9,9,0.00203805450221144,1.53606326521311e-08
"10",10,10,0.0282591399507235,0.00622588060598243
