"","X","V","Imp","rand"
"1",1,1,0.0777897047911743,0.10873580793416
"2",2,2,0.269845034514138,0.549355450125136
"3",3,3,0.0140822369484958,0.0587099657848869
"4",4,4,7.28903936788868e-05,0.0274809843530957
"5",5,5,0.318781561716061,0.00571496198889744
