"","V1","effect_size","nonlinear","location","scale","interactions","V2"
"1",1,-0.278908057953108,TRUE,0.937395583717826,0.149394875352532,FALSE,NA
"2",2,-0.156350505197392,TRUE,-0.704508683870389,0.199584768153727,FALSE,NA
"3",3,-0.118668601358977,FALSE,NA,NA,FALSE,NA
"4",4,0.00853758711105701,FALSE,NA,NA,FALSE,NA
"5",5,-0.270891136210477,TRUE,1.43807667992373,0.659565549809486,FALSE,NA
"6",2,-0.245399554038658,FALSE,NA,NA,TRUE,5
