"","X","V","Imp","rand"
"1",1,1,0.151204155384155,0.0681201774692492
"2",2,2,0.0989480116213234,0.243774692545598
"3",3,3,0.0388885368962073,0.0124363412245825
"4",4,4,0.146728053073838,0.0695017824201924
"5",5,5,0.00124184509132297,0.356160922223976
