"","X","V","Imp","rand"
"1",1,1,0.499598068596369,0.346702379759179
"2",2,2,0.0713811905066262,0.103627469247974
"3",3,3,0.0385568590955557,0.182081246220599
"4",4,4,0.157314187568841,0.0276440919121385
"5",5,5,0.327961835830704,0.0899423275482913
