"","V1","effect_size","nonlinear","location","scale","interactions","V2"
"1",1,-0.428314198440211,TRUE,0.417000410899217,5.88701401617298,FALSE,NA
"2",2,-0.267172585619532,TRUE,1.3198041254117,1.13469415340097,FALSE,NA
"3",3,0.196359005639048,FALSE,NA,NA,FALSE,NA
"4",4,-0.396628525914162,TRUE,0.700484877716676,0.0303101134143658,FALSE,NA
"5",5,-0.108705196839041,FALSE,NA,NA,FALSE,NA
"6",1,-0.316145016010889,FALSE,NA,NA,TRUE,5
