"","X","V","Imp","rand"
"1",1,1,0.00220014021920978,0.251186862255151
"2",2,2,0.110316880600546,0.0730353553278515
"3",3,3,0.0480848599460491,7.29563636276061e-08
"4",4,4,8.24894180963685e-05,0.053654566336334
"5",5,5,0.0313875250818081,0.000247837884723485
"6",6,6,0.0126772149562933,0.044676043756896
"7",7,7,0.000542685159602074,0.0992336300072522
"8",8,8,0.00184355559802718,0.152056441347974
"9",9,9,0.0397719508584915,0.0164737498345704
"10",10,10,0.0271833749201029,0.0594047556394314
