"","X","V","Imp","rand"
"1",1,1,0.000343052443151387,0.00277776422924976
"2",2,2,0.000746559134263353,0.189692063001357
"3",3,3,0.0360084352588647,6.82559579122661e-05
"4",4,4,0.0199849089181564,0.190580830323227
"5",5,5,0.00197591460184515,0.00282371648686207
"6",6,6,0.00749799774954392,0.0665050136104345
"7",7,7,0.0681346440205088,0.0239044053389702
"8",8,8,6.72675264297027e-05,0.212073522215614
"9",9,9,0.0581535146944735,0.0589553337145945
"10",10,10,0.000365124975573769,0.00261668307438448
