"","X","V","Imp","rand"
"1",1,1,0.00618627765595513,0.238977888643539
"2",2,2,0.0249992929345268,0.00333761090906388
"3",3,3,0.135894819722317,8.76322435715382e-05
"4",4,4,0.0464044854792053,0.0621645436923219
"5",5,5,0.19611067238654,0.143771549547192
"6",6,6,0.280865024542594,0.000258034839729029
"7",7,7,0.0917668109333468,0.273536689672478
"8",8,8,0.201379245639611,0.0108830459275441
"9",9,9,6.50530083364166e-05,0.015122553954352
"10",10,10,0.107279733248646,0.00185479343758185
