"","X","V","Imp","rand"
"1",1,1,0.00547777846368894,0.00351988590883757
"2",2,2,0.122903450881233,0.237798923309183
"3",3,3,0.394600361860754,0.299269252762808
"4",4,4,0.00674215386087608,0.0252118985743954
"5",5,5,0.43660898082519,0.184193360748929
