"","X","V","Imp","rand"
"1",1,1,0.00210861983699586,0.0012661264364136
"2",2,2,0.00325954175156692,0.0262242729372687
"3",3,3,0.000686583768226218,0.0645965194618095
"4",4,4,0.0117544972051865,2.54898794309761e-06
"5",5,5,0.114711422206786,0.00163422036194338
"6",6,6,0.00338192511398488,0.150658929615267
"7",7,7,0.00153375157340327,0.0338152971523514
"8",8,8,0.00827791782576843,0.0529293044774887
"9",9,9,0.118683209234772,0.390764098174683
"10",10,10,0.0139562389692424,0.0281067702627015
