"","X","V","Imp","rand"
"1",1,1,0.25032301159335,0.10414517599031
"2",2,2,0.109435706831097,0.607267959177212
"3",3,3,0.053258546171415,0.00355762397820575
"4",4,4,0.534017669721634,0.00908561847274278
"5",5,5,0.0138721231403888,0.0259027770484289
