"","X","V","Imp","rand"
"1",1,1,0.336416964739294,0.109491615280151
"2",2,2,0.093438009154685,0.351741003882428
"3",3,3,0.140839543642481,0.0958462031872851
"4",4,4,0.0213605476335529,0.136579069420779
"5",5,5,0.213973109039102,0.0563120807787992
