"","X","V","Imp","rand"
"1",1,1,0.0764288853417888,0.0149548413783602
"2",2,2,0.0756314052167948,0.081996088520918
"3",3,3,0.0328738658653864,0.0510272882164148
"4",4,4,0.06389699929496,0.0771351651699151
"5",5,5,0.00116514362511774,0.524886119820222
