"","V1","effect_size","nonlinear","location","scale","interactions","V2"
"1",1,-0.276457746033257,TRUE,-0.439907159391647,1.15895999125661,FALSE,NA
"2",2,-0.275011645602136,FALSE,NA,NA,FALSE,NA
"3",3,-0.181311516085952,FALSE,NA,NA,FALSE,NA
"4",4,0.252778557822771,TRUE,-0.828921918825505,1.42855652432508,FALSE,NA
"5",5,0.0341342002267189,TRUE,0.699366283447895,0.344604278448969,FALSE,NA
