"","X","V","Imp","rand"
"1",1,1,0.0660590573296336,0.199172920824642
"2",2,2,0.0279567219336137,0.233485669491963
"3",3,3,0.0654838711847207,0.238660319742377
"4",4,4,0.000666322586936943,0.00248929859712389
"5",5,5,0.0175618232677717,0.076109714847683
