"","X","V","Imp","rand"
"1",1,1,0.00344625689983511,0.263381357660359
"2",2,2,0.103241382030794,0.0278025076830451
"3",3,3,0.00434282375012572,0.0137413333611197
"4",4,4,0.00803153271862082,0.357756282806221
"5",5,5,0.450025276418128,0.0873234907099553
