"","V1","effect_size","nonlinear","location","scale","interactions","V2"
"1",1,-0.0116329966568964,FALSE,NA,NA,FALSE,NA
"2",2,-0.321311969946334,TRUE,-1.97041045875451,0.228423956369647,FALSE,NA
"3",3,0.0659001043256057,FALSE,NA,NA,FALSE,NA
"4",4,0.0687066403632507,TRUE,-0.4819068260135,2.02246364756467,FALSE,NA
"5",5,0.670839232915106,TRUE,-0.657143487632597,0.177257658913732,FALSE,NA
"6",1,0.00331093028861575,FALSE,NA,NA,TRUE,4
