"","X","V","Imp","rand"
"1",1,1,0.00499937863313178,0.1372171190971
"2",2,2,0.000513300188226824,0.126378680469127
"3",3,3,0.0464761087425612,0.0491215360795032
"4",4,4,0.0247686958660238,0.0608755153186058
"5",5,5,0.0585033788725191,0.0613023571118361
"6",6,6,3.0122146182654e-05,0.013272990232204
"7",7,7,0.0034248872700621,0.192335703446515
"8",8,8,0.0422989251347124,0.0918838693598265
"9",9,9,0.0434261126138097,0.0129742904827672
"10",10,10,0.000369769969148297,0.00463303290439189
