"","X","V","Imp","rand"
"1",1,1,0.0320774485285788,0.0109124473096721
"2",2,2,0.000839765109779138,0.35524608218919
"3",3,3,0.0317888814176461,0.0291609247295099
"4",4,4,0.0189926498126892,0.0295566891419366
"5",5,5,0.0334020820415892,0.00858506848119816
"6",6,6,0.0203623974305155,0.165089492679652
"7",7,7,0.00829247910056741,0.0169868969950324
"8",8,8,0.36828732890602,0.0299737269746612
"9",9,9,0.425357098956012,0.00388023480935225
"10",10,10,0.202227512313796,0.10060636034441
