"","X","V","Imp","rand"
"1",1,1,0.00780612116276444,0.490493803336446
"2",2,2,0.0352965037704347,0.0415860164485371
"3",3,3,0.000651398602565427,0.0683915966631432
"4",4,4,0.0679636772068392,0.0154158836235789
"5",5,5,0.00276448935402961,0.013353108463923
"6",6,6,0.105285924915134,0.0430938596600084
"7",7,7,0.00141937724677801,0.0018828455463609
"8",8,8,0.0357330762599416,0.0555556625283279
"9",9,9,0.0023110564962316,0.0187922366145573
"10",10,10,0.00376451467233083,0.00143237487115345
