"","X","V","Imp","rand"
"1",1,1,0.00648256613157519,0.496059190953664
"2",2,2,0.0283160226068296,0.0895974668230671
"3",3,3,0.00903116441232285,0.0180410344135771
"4",4,4,0.00216213786929534,0.101789951175617
"5",5,5,0.0165046554050029,0.0445085423593897
