"","X","V","Imp","rand"
"1",1,1,0.00648256613157519,0.0849771926201015
"2",2,2,0.0283160226068296,0.56484880515977
"3",3,3,0.00903116441232285,0.024321659913407
"4",4,4,0.00216213786929534,0.0150856486174269
"5",5,5,0.0165046554050029,0.0607491149718726
