"","X","V","Imp","rand"
"1",1,1,0.0362578528373458,0.250426770650531
"2",2,2,0.0171010904492501,0.0644856206543581
"3",3,3,0.00814134182213193,0.0244527573394098
"4",4,4,0.0210886840659477,0.0512937523693125
"5",5,5,0.00273152789613734,0.00258379646962426
"6",6,6,0.00286167360203203,0.0855942010049601
"7",7,7,0.00762037304382528,0.0151152606960365
"8",8,8,0.00271923066376015,0.107031723795377
"9",9,9,0.000467835633755357,0.0974542611620128
"10",10,10,0.0678801642325439,0.0515375634045647
