"","X","V","Imp","rand"
"1",1,1,0.0104225637353645,0.0731865439992559
"2",2,2,0.0512787143894631,0.0650416117075146
"3",3,3,0.0344519746316226,0.437284070424409
"4",4,4,0.0519966696957394,0.0370080545227065
"5",5,5,0.0390078923172428,0.00677146904478384
"6",6,6,0.00698703845924378,0.0857051498245404
"7",7,7,0.0291869835894367,0.000332084680279099
"8",8,8,0.0873527812997248,0.0235942391876169
"9",9,9,0.00112103471742933,0.0206753294529398
"10",10,10,0.0175376353229033,0.000632284730743571
