"","X","V","Imp","rand"
"1",1,1,0.0242938277474975,0.0341695049317974
"2",2,2,0.403745629253215,0.344993937853747
"3",3,3,0.001571560957591,0.0848659551513639
"4",4,4,0.307279168482751,0.270654230580697
"5",5,5,0.0254517878601715,0.0153120823839023
