"","X","V","Imp","rand"
"1",1,1,0.0624585690405813,0.677881844687793
"2",2,2,3.93312699089742e-05,0.0720907931373822
