"","V1","effect_size","nonlinear","location","scale","interactions","V2"
"1",1,0.0462399868673417,TRUE,1.11572630151588,0.0473267999477684,FALSE,NA
"2",2,0.364371962616639,FALSE,NA,NA,FALSE,NA
"3",3,0.0396429181265835,FALSE,NA,NA,FALSE,NA
"4",4,-0.11893180822905,FALSE,NA,NA,FALSE,NA
"5",5,0.159536164740699,FALSE,NA,NA,FALSE,NA
"6",1,-0.0221556913620056,FALSE,NA,NA,TRUE,4
"7",2,0.270978702112114,FALSE,NA,NA,TRUE,4
