"","X","V","Imp","rand"
"1",1,1,0.633723108441612,0.0214917692828893
"2",2,2,0.650772276522295,0.00110613546150461
"3",3,3,0.0547771790812894,0.125697266557012
"4",4,4,0.00548639995127299,0.526704974981954
"5",5,5,0.0725475685593552,0.0749921495210976
