"","X","V","Imp","rand"
"1",1,1,0.0222347929481868,0.128289131801925
"2",2,2,0.000360393559485374,0.00010755021121037
"3",3,3,0.1348934128857,0.0798960415301594
"4",4,4,0.0860972582290101,0.00267895625942056
"5",5,5,0.0117415923554157,0.233830891971014
"6",6,6,0.106001475194536,0.0018924983778869
"7",7,7,0.00816224121641622,0.0300491309904388
"8",8,8,0.00197715233701035,0.0098900276533963
"9",9,9,0.0408187037190343,0.206333788493573
"10",10,10,0.00160004355337103,0.0568653386836792
