"","X","V","Imp","rand"
"1",1,1,0.0689938451261513,0.0501632112385283
"2",2,2,0.0855756405822347,0.130656547762422
"3",3,3,0.0993077738019762,0.188391566880651
"4",4,4,0.0111649550123423,0.108667241326477
"5",5,5,0.00659059980039891,0.272103001193149
