"","X","V","Imp","rand"
"1",1,1,0.0220076402656328,0.00404981246151413
"2",2,2,0.0175270739236753,0.107746937892734
"3",3,3,0.192818954133559,0.0255062287390221
"4",4,4,0.0405190986486498,0.371131701723245
"5",5,5,0.0131402666472869,0.00604175166931293
"6",6,6,0.0118763791437407,0.0876131320554595
"7",7,7,0.00222881859372945,0.0218645794503441
"8",8,8,0.0114375899884366,0.0734981509087574
"9",9,9,0.0595283097405082,0.0355103366849995
"10",10,10,0.16960144973954,0.0170325265979189
