"","X","V","Imp","rand"
"1",1,1,0.0215876315912581,4.06999169763255e-05
"2",2,2,0.00445904490125984,0.0895625328114309
"3",3,3,0.00126621411310351,0.128682731256462
"4",4,4,3.42359472036834e-05,0.115049508365942
"5",5,5,0.00159039908023823,0.0604224288536716
"6",6,6,0.00634646231981715,0.326390175623166
"7",7,7,0.00331696713090318,0.000523646541877623
"8",8,8,0.00022816490053569,0.0144386343499963
"9",9,9,0.0226985908030816,0.014932559296384
"10",10,10,0.000971295239684079,1.02402305013155e-07
