"","V1","effect_size","nonlinear","location","scale","interactions","V2"
"1",1,-0.146927300360614,0,NA,NA,FALSE,NA
"2",2,-0.0667760803076958,0,NA,NA,FALSE,NA
"3",3,0.0355839024434295,0,NA,NA,FALSE,NA
"4",4,-0.0058511492207671,0,NA,NA,FALSE,NA
"5",5,-0.0398798079262956,0,NA,NA,FALSE,NA
"6",6,0.0796646867803869,0,NA,NA,FALSE,NA
"7",7,0.0575931170445148,0,NA,NA,FALSE,NA
"8",8,-0.0151051282859726,0,NA,NA,FALSE,NA
"9",9,0.150660515076385,0,NA,NA,FALSE,NA
"10",10,-0.0311656098878889,0,NA,NA,FALSE,NA
