"","X","V","Imp","rand"
"1",1,1,0.112019675447214,0.310674119908129
"2",2,2,0.230488368687078,0.0429048556400903
"3",3,3,0.00315858608522972,0.291419695243479
"4",4,4,0.0457572308180856,0.0307380869295444
"5",5,5,0.171136101514064,0.074256976858265
