"","X","V","Imp","rand"
"1",1,1,0.0776952759322311,0.457190373600321
"2",2,2,0.0361653840956398,0.292805114064709
