"","X","V","Imp","rand"
"1",1,1,0.103620304416755,0.473655015562079
"2",2,2,0.00331274181978293,0.0225848899938346
"3",3,3,0.00275535925030319,0.231649264461204
"4",4,4,0.172935838885106,0.0109085684833496
"5",5,5,0.0708176401151109,0.0113110756391961
