"","X","V","Imp","rand"
"1",1,1,0.0507241060306514,0.534363801623941
"2",2,2,0.147524682247432,0.0618147559082152
"3",3,3,0.01154650333057,0.142170363049207
"4",4,4,0.0367831480606168,0.00252784717727804
"5",5,5,0.00340212894324162,0.00910963165894087
