"","V1","effect_size","nonlinear","location","scale","interactions","V2"
"1",1,0.225220127942978,TRUE,-0.597241708917065,0.769193889531207,FALSE,NA
"2",2,0.384089419598395,TRUE,1.52081820603887,1.35002782471002,FALSE,NA
"3",3,-0.107454657091119,TRUE,1.95351556684431,2.21573905941108,FALSE,NA
"4",4,-0.191789332499534,FALSE,NA,NA,FALSE,NA
"5",5,-0.0583277716293158,FALSE,NA,NA,FALSE,NA
