"","V1","effect_size","nonlinear","location","scale","interactions","V2"
"1",1,0.0472632160092524,FALSE,NA,NA,FALSE,NA
"2",2,0.0575564229237965,TRUE,-0.147308712269947,0.428060974174853,FALSE,NA
"3",3,-0.0524915159840444,TRUE,0.642207846043852,0.0626072706654668,FALSE,NA
"4",4,0.145077804196373,FALSE,NA,NA,FALSE,NA
"5",5,-0.142533726990013,TRUE,-0.587234190354436,0.381704123225063,FALSE,NA
"6",4,-0.0505017767854473,FALSE,NA,NA,TRUE,5
"7",1,0.101386492829218,FALSE,NA,NA,TRUE,4
