"","X","V","Imp","rand"
"1",1,1,0.0574334987426023,0.0213987734399861
"2",2,2,0.122644992389673,0.675056415553081
"3",3,3,0.00791289268875212,0.000279732310649061
"4",4,4,0.123516445140493,0.0119435334365524
"5",5,5,0.0316818840226129,0.0412855721452704
