"","X","V","Imp","rand"
"1",1,1,0.0494925449034214,0.0500180691027635
"2",2,2,0.00159480710136512,0.358266018001709
"3",3,3,0.252511782242173,0.159549193073942
"4",4,4,0.0392222303507168,0.0673128978834391
"5",5,5,0.31294760030699,0.114851168636353
