"","V1","effect_size","nonlinear","location","scale","interactions","V2"
"1",1,-0.222469199898371,FALSE,NA,NA,FALSE,NA
"2",2,-0.039935036013069,TRUE,-0.763068010812412,1.01166794538022,FALSE,NA
"3",3,-0.152890011022583,TRUE,-0.157338323290146,0.89039610974015,FALSE,NA
"4",4,0.198046030888571,TRUE,-0.999981536369778,1.14666345897586,FALSE,NA
"5",5,-0.289501595047943,FALSE,NA,NA,FALSE,NA
"6",3,0.229136426771687,FALSE,NA,NA,TRUE,5
