"","X","V","Imp","rand"
"1",1,1,0.131684861184658,0.00523050432220585
"2",2,2,0.0480732268541576,0.0149079455238204
"3",3,3,0.357390758147328,0.520139389730098
"4",4,4,0.000296571530405538,0.0009734177363862
"5",5,5,0.0250489076318624,0.20872578928685
