"","X","V","Imp","rand"
"1",1,1,0.131684861184658,0.123095809486141
"2",2,2,0.0480732268541576,0.0650875775415192
"3",3,3,0.357390758147328,0.192569766587165
"4",4,4,0.000296571530405538,0.0733090045548787
"5",5,5,0.0250489076318624,0.295934270397638
