"","V1","effect_size","nonlinear","location","scale","interactions","V2"
"1",1,0.36288408780857,TRUE,1.50439019936363,2.58018857414339,FALSE,NA
"2",2,-0.219256075980023,FALSE,NA,NA,FALSE,NA
"3",3,0.597821677548856,FALSE,NA,NA,FALSE,NA
"4",4,-0.0172212522891205,TRUE,0.852877972808256,1.50231227863946,FALSE,NA
"5",5,0.158268466953662,TRUE,0.793288326964706,1.56334107919576,FALSE,NA
