"","X","V","Imp","rand"
"1",1,1,0.081217324311282,0.0151815256460692
"2",2,2,0.0598726844884754,0.000261284149363931
"3",3,3,0.470709553947068,0.169209771303872
"4",4,4,0.0693417865369424,0.0375281585386962
"5",5,5,0.307974638486401,0.0310483168439386
"6",6,6,1.01817080224816e-05,0.063491325525981
"7",7,7,0.00558617072998365,0.0370901117621465
"8",8,8,0.767247425737721,0.0146804464972244
"9",9,9,0.0186130307452703,0.070077005128103
"10",10,10,0.00749447655863891,0.31142864165047
