"","X","V","Imp","rand"
"1",1,1,0.081217324311282,0.00831797151304213
"2",2,2,0.0598726844884754,0.000861118464677451
"3",3,3,0.470709553947068,0.141768024768965
"4",4,4,0.0693417865369424,2.50116962571331e-05
"5",5,5,0.307974638486401,0.0672947652859318
"6",6,6,1.01817080224816e-05,0.0827258855223203
"7",7,7,0.00558617072998365,0.340637107441461
"8",8,8,0.767247425737721,0.0185893321124616
"9",9,9,0.0186130307452703,0.0761365785016991
"10",10,10,0.00749447655863891,0.0136410515143703
