"","X","V","Imp","rand"
"1",1,1,0.117886207465753,0.00638793156867097
"2",2,2,0.000686238350865174,0.045276251023104
"3",3,3,0.0039828301709473,0.300013116539224
"4",4,4,0.0161170591908588,0.0467848128469297
"5",5,5,0.145514290664859,0.351568794435086
