"","X","V","Imp","rand"
"1",1,1,0.000402743578435871,0.308262819494804
"2",2,2,5.41639967413744e-05,0.034600571979155
"3",3,3,0.00625888499341491,0.264513442670361
"4",4,4,0.0555540116787332,0.0844675826447178
"5",5,5,0.000229413480287029,0.0581437962833973
