"","X","V","Imp","rand"
"1",1,1,0.0876390056826252,0.439836228354556
"2",2,2,0.0113779693212741,0.0143427825429076
"3",3,3,0.093132071366633,0.0628950794118308
"4",4,4,0.0246040685747626,0.188794080365162
"5",5,5,0.0118969571787596,0.0441292049910554
