"","V1","effect_size","nonlinear","location","scale","interactions","V2"
"1",1,-0.0200684722496724,FALSE,NA,NA,FALSE,NA
"2",2,-0.00735961933399917,FALSE,NA,NA,FALSE,NA
"3",3,-0.0791131151795637,TRUE,-0.837515427843268,0.427543284344633,FALSE,NA
"4",4,-0.235698985315451,TRUE,1.41641207827276,0.0126223592087626,FALSE,NA
"5",5,0.0151464015623193,TRUE,0.0259479046136907,0.578246495686471,FALSE,NA
