"","V1","effect_size","nonlinear","location","scale","interactions","V2"
"1",1,0.0279781144274036,TRUE,-0.402318343523109,1.70765346008694,FALSE,NA
"2",2,-0.106667564523027,FALSE,NA,NA,FALSE,NA
"3",3,0.0792202030477118,TRUE,1.31981821014024,3.41836897266989,FALSE,NA
"4",4,-0.156856841019965,FALSE,NA,NA,FALSE,NA
"5",5,0.109073173506411,TRUE,0.247729736446076,0.390002583153546,FALSE,NA
"6",1,0.0868562307957123,FALSE,NA,NA,TRUE,3
