"","X","V","Imp","rand"
"1",1,1,0.00426225454540636,0.00934792373359347
"2",2,2,0.449607908341904,0.323339311499803
"3",3,3,0.0322528270583769,0.0145003456364495
"4",4,4,0.175344423011412,0.0357607484165822
"5",5,5,0.184456633338372,0.367049895920169
