"","X","V","Imp","rand"
"1",1,1,0.000806869528702826,0.136097500410098
"2",2,2,0.00431918115838116,0.349687091514972
"3",3,3,0.0109261347539542,0.0184531212530287
"4",4,4,0.454122315757022,0.146467764482714
"5",5,5,0.414891108749517,0.0992339707895625
