"","X","V","Imp","rand"
"1",1,1,0.389466446729902,0.148184437591422
"2",2,2,0.10415519378137,0.00351229092572456
"3",3,3,0.0785763205211082,0.390030890800823
"4",4,4,0.0259398049795923,0.0516848351870478
"5",5,5,0.0708551575682206,0.156576315637082
