"","X","V","Imp","rand"
"1",1,1,0.00587503331980183,0.151047921862197
"2",2,2,0.00143496630936076,0.0384999212050804
"3",3,3,0.127673227466581,0.104341596694673
"4",4,4,8.5765070288e-07,0.00867175628315119
"5",5,5,0.0878659516513757,0.0155685902672918
"6",6,6,0.113664397871837,0.196182767770347
"7",7,7,6.61372449194726e-05,0.0428203118315219
"8",8,8,0.00472430334740512,0.0715109715005075
"9",9,9,0.00757153428999963,0.0383316943222143
"10",10,10,0.0807847789436767,0.0830565958507292
