"","X","V","Imp","rand"
"1",1,1,0.0478501664985053,0.304585148369851
"2",2,2,0.0474146104655696,0.021597152068144
"3",3,3,0.0696072070105706,3.52633401308715e-05
"4",4,4,0.0715485766890703,0.423810118828882
"5",5,5,0.0099399530533198,2.29514677297246e-05
