"","X","V","Imp","rand"
"1",1,1,0.166608378448192,0.0665311922354992
"2",2,2,0.264044342796333,0.0413747476619752
"3",3,3,0.00344794762571577,0.117560377781141
"4",4,4,0.00349313268040199,0.0852331881509068
"5",5,5,0.00762541402922866,0.116942983149112
"6",6,6,0.00846547188091665,0.0656719082432729
"7",7,7,0.000216846905571013,0.00678845477512546
"8",8,8,0.0445647522588574,0.162204104518752
"9",9,9,0.253585468117682,0.0117595911950974
"10",10,10,0.0123445798173758,0.0759257060773101
