"","V1","effect_size","nonlinear","location","scale","interactions","V2"
"1",1,-0.0989069813566164,FALSE,NA,NA,FALSE,NA
"2",2,0.0966800647917782,TRUE,1.57592813204683,1.00793716307254,FALSE,NA
"3",3,0.115941585332369,TRUE,-1.31166692260995,0.0675990376452927,FALSE,NA
"4",4,-0.124031531829139,FALSE,NA,NA,FALSE,NA
"5",5,0.0996993132038521,TRUE,-0.395509824409142,1.20539235598863,FALSE,NA
"6",1,0.0380675755374272,FALSE,NA,NA,TRUE,2
"7",3,-0.0561647558011876,FALSE,NA,NA,TRUE,4
