"","X","V","Imp","rand"
"1",1,1,0.0235547307795679,0.240408010898648
"2",2,2,0.0350868187351014,0.000292360457310221
"3",3,3,0.00240357360479808,0.0292986941063294
"4",4,4,0.306597290021721,0.153408550561356
"5",5,5,0.39627854581866,0.0726719911486539
"6",6,6,0.00736467090395627,0.0868133845517537
"7",7,7,0.384652815884928,0.012766954624152
"8",8,8,0.038342748507777,0.0352244362275774
"9",9,9,0.00296209572789812,0.0893708661547251
"10",10,10,0.0677847021520446,0.0298256123976953
