"","X","V","Imp","rand"
"1",1,1,0.242916009352895,0.739265976364564
"2",2,2,0.00708430785106451,0.0107332185444883
