"","X","V","Imp","rand"
"1",1,1,0.43236693372308,0.204047973970288
"2",2,2,0.0131997887385358,0.11139672140093
"3",3,3,0.0216198477270188,0.0752563115850859
"4",4,4,0.50960399906193,0.324334701134876
"5",5,5,0.0889995205319743,0.034953812047694
