"","X","V","Imp","rand"
"1",1,1,0.0389370303882747,0.0968171978800421
"2",2,2,0.000254404498135854,0.00663186936274045
"3",3,3,0.127839546927913,0.0736780141852198
"4",4,4,0.00969887060218228,0.000240762266761833
"5",5,5,0.0210430614586574,8.96296580723426e-05
"6",6,6,0.0137125306222094,0.0572092477970864
"7",7,7,0.0823097615966811,0.136743746052455
"8",8,8,0.00288755513768199,0.0214855328826438
"9",9,9,0.0764672665122108,0.301557411743084
"10",10,10,0.0201134871627972,0.05544406642945
