"","X","V","Imp","rand"
"1",1,1,0.00936896223958149,0.0707428578753644
"2",2,2,0.0809814895673277,0.0248248378257187
"3",3,3,0.091793044038665,0.378997666900373
"4",4,4,0.120088013451436,0.0299862035215032
"5",5,5,0.138106487791628,0.245428987811516
