"","X","V","Imp","rand"
"1",1,1,0.120647243206497,0.0448812728186274
"2",2,2,0.00035165487019774,0.273018337760581
"3",3,3,0.00693582854707209,0.0545168971380889
"4",4,4,0.0492141478574881,0.332796787243579
"5",5,5,0.0728359465804037,0.0447526304513949
