"","X","V","Imp","rand"
"1",1,1,0.0248377829617245,0.0422319942622929
"2",2,2,0.00156117371067097,0.0615230308627443
"3",3,3,1.72667401895328e-05,0.0289490426029588
"4",4,4,0.000351177030780638,0.0202351760584955
"5",5,5,0.0252759235017574,0.123368779425549
"6",6,6,0.000644933205512216,0.182081825497913
"7",7,7,3.03283912968236e-05,0.0923813033031148
"8",8,8,0.00624595663540206,0.0605130094025866
"9",9,9,0.000721650223526087,0.067519175560078
"10",10,10,0.00277678420563934,0.071192908294949
