"","X","V","Imp","rand"
"1",1,1,0.00110162156497616,0.0453033571005631
"2",2,2,0.0761649197000393,0.0785218483110844
"3",3,3,0.00691944277460413,0.144781711431079
"4",4,4,0.0467400677454757,0.0400436001471391
"5",5,5,0.119072124807836,0.441344468923813
