"","V1","effect_size","nonlinear","location","scale","interactions","V2"
"1",1,-0.157600072848094,0,NA,NA,FALSE,NA
"2",2,0.0395116908100751,0,NA,NA,FALSE,NA
"3",3,0.00415532672476339,0,NA,NA,FALSE,NA
"4",4,-0.0187397180016306,0,NA,NA,FALSE,NA
"5",5,0.158984035367572,0,NA,NA,FALSE,NA
"6",6,0.0253955351491599,0,NA,NA,FALSE,NA
"7",7,0.0055071218705258,0,NA,NA,FALSE,NA
"8",8,-0.0790313648838362,0,NA,NA,FALSE,NA
"9",9,-0.0268635482303825,0,NA,NA,FALSE,NA
"10",10,0.0526952009735169,0,NA,NA,FALSE,NA
