"","X","V","Imp","rand"
"1",1,1,0.0969824600169151,0.338790617416303
"2",2,2,0.0456810795146382,0.091538546123025
"3",3,3,0.275546059546554,0.115306907081091
"4",4,4,0.142565463369643,0.141939247968951
"5",5,5,0.0803205769085877,0.0624197466275148
