"","X","V","Imp","rand"
"1",1,1,0.0467909280338013,0.183171985262574
"2",2,2,0.00777853638592758,0.0328044812298642
"3",3,3,0.0063865781954593,0.00448925383994696
"4",4,4,0.0551711684078137,4.97871399495864e-06
"5",5,5,0.00320817742826598,0.0520825017346427
"6",6,6,0.0626598128961793,0.138855056341581
"7",7,7,5.95959847546036e-06,0.176232340703594
"8",8,8,0.028214944798056,0.09969510386513
"9",9,9,0.00686202932092041,0.0120999971621583
"10",10,10,0.345466258087026,0.0505262999583264
