"","V1","effect_size","nonlinear","location","scale","interactions","V2"
"1",1,0.163307095936884,TRUE,-0.0789206109216685,2.13586639786575,FALSE,NA
"2",2,0.213731325534275,FALSE,NA,NA,FALSE,NA
"3",3,0.260991271787245,FALSE,NA,NA,FALSE,NA
"4",4,0.0738180208742341,FALSE,NA,NA,FALSE,NA
"5",5,-0.283408851147221,FALSE,NA,NA,FALSE,NA
"6",3,0.137116363163854,FALSE,NA,NA,TRUE,4
"7",1,0.0703132524335765,FALSE,NA,NA,TRUE,3
