"","X","V","Imp","rand"
"1",1,1,0.00192391065005777,0.024793378626509
"2",2,2,0.00210264017438379,0.227362273854574
"3",3,3,0.262595181607345,0.0217472295381488
"4",4,4,0.25134797241367,0.0239290896395308
"5",5,5,0.0445252828608404,0.452156537750049
