"","X","V","Imp","rand"
"1",1,1,0.106248006411227,0.0397298203901795
"2",2,2,0.100779973398066,0.00120980544838395
"3",3,3,0.0648812174445591,0.197252968087026
"4",4,4,0.000363812706817468,0.0161198850348176
"5",5,5,0.0253273166628722,0.113011875281282
"6",6,6,0.00650525040077499,0.141754092867123
"7",7,7,0.00113340983961578,0.0148085395498017
"8",8,8,0.00397965598067439,0.0311448947248821
"9",9,9,0.0889435469408408,0.111080435526955
"10",10,10,0.164331138522029,0.0838446159276652
