"","V1","effect_size","nonlinear","location","scale","interactions","V2"
"1",1,0.043862405885425,TRUE,0.57507250753922,0.128726842347645,FALSE,NA
"2",2,-0.0458545545653187,FALSE,NA,NA,FALSE,NA
"3",3,0.512440417616863,TRUE,-1.56629165686774,0.608102506957948,FALSE,NA
"4",4,-0.501346160266208,TRUE,-0.676738116998838,0.451520127709955,FALSE,NA
"5",5,-0.21101014871527,FALSE,NA,NA,FALSE,NA
