"","X","V","Imp","rand"
"1",1,1,0.519503774550744,0.12626221433031
"2",2,2,0.191311141400243,0.0466203107682564
"3",3,3,0.335045721071439,0.0116172180369199
"4",4,4,0.0223722377245481,0.527779481053667
"5",5,5,0.00604048556779407,0.0378195343093137
