"","V1","effect_size","nonlinear","location","scale","interactions","V2"
"1",1,-0.223798987588978,FALSE,NA,NA,FALSE,NA
"2",2,0.0568820202548101,TRUE,-0.26268535437223,0.241244220174849,FALSE,NA
"3",3,-0.231740178947287,TRUE,0.473222434841227,0.874128083703247,FALSE,NA
"4",4,-0.149573519462999,FALSE,NA,NA,FALSE,NA
"5",5,-0.0777205607789475,TRUE,-2.40564566931579,0.750547683071351,FALSE,NA
"6",1,0.281342210532918,FALSE,NA,NA,TRUE,3
"7",1,-0.188075577171974,FALSE,NA,NA,TRUE,2
