"","X","V","Imp","rand"
"1",1,1,0.146737737228795,0.0156860151532168
"2",2,2,0.283306100631136,0.0751888213148227
"3",3,3,0.00922793417645107,0.173963967411744
"4",4,4,0.257728847073986,0.061933798849873
"5",5,5,0.110860415711015,0.423222845165281
