"","V1","effect_size","nonlinear","location","scale","interactions","V2"
"1",1,0.124432261603975,TRUE,-1.34595708239737,0.232718351297081,FALSE,NA
"2",2,0.532265066138232,TRUE,-0.128367542531213,3.36656765622978,FALSE,NA
"3",3,-0.0960621370595672,FALSE,NA,NA,FALSE,NA
"4",4,0.355632531657428,TRUE,0.827968353127166,0.316507712006569,FALSE,NA
"5",5,-0.332957077880941,FALSE,NA,NA,FALSE,NA
"6",1,-0.131254349500915,FALSE,NA,NA,TRUE,4
