"","X","V","Imp","rand"
"1",1,1,0.0805192255988697,0.487150262697357
"2",2,2,0.0467037342459171,0.204513331283874
"3",3,3,0.000454351632834609,9.37833996402999e-05
"4",4,4,0.152197990414189,0.0582212034129641
"5",5,5,0.0497669059078409,2.01969341544124e-05
