"","X","V","Imp","rand"
"1",1,1,0.416077240624924,0.186599281971583
"2",2,2,0.00680559325827923,0.00274698035611263
"3",3,3,0.0090457005010185,0.122090857904746
"4",4,4,0.0116836412349857,0.0509403178260206
"5",5,5,0.118877746908853,0.387621515414965
