"","X","V","Imp","rand"
"1",1,1,0.212599116949469,0.258846670847884
"2",2,2,0.000169771028266879,0.118748918870671
"3",3,3,0.00313405928578992,0.127092908133597
"4",4,4,0.213560162241421,0.183956709750854
"5",5,5,0.00589938124189973,0.0614031874300709
