"","X","V","Imp","rand"
"1",1,1,0.000334914931867251,0.00281101031497743
"2",2,2,0.00555665265265575,0.0486392693189366
"3",3,3,0.000124870532363855,0.0640107551169044
"4",4,4,0.044918163002339,0.102267962817414
"5",5,5,0.324866414195533,0.000333117038044652
"6",6,6,0.0163636171456761,0.07000846232308
"7",7,7,0.0534449170825422,0.0697600905363387
"8",8,8,0.00145434427296267,0.00158392011595967
"9",9,9,0.285350701070632,0.263182329703283
"10",10,10,0.00676848368479108,0.127440885465521
