"","X","V","Imp","rand"
"1",1,1,0.0331525084791537,0.00760878613288301
"2",2,2,0.00202258310457053,0.0562578201588262
"3",3,3,0.19890212263671,0.0231809504506558
"4",4,4,0.142723867800327,0.150717242301948
"5",5,5,0.20185207920373,0.0122503749325059
"6",6,6,0.000484663890108533,0.134352831123428
"7",7,7,0.000249514475235346,0.20079751546807
"8",8,8,0.0458445762396383,0.120623588109832
"9",9,9,0.212166367923419,0.000555841417374783
"10",10,10,0.0288118657460421,0.0436333602377047
