"","X","V","Imp","rand"
"1",1,1,0.00980217334627939,0.453849700486837
"2",2,2,0.00192097354817074,0.108518572935028
"3",3,3,0.00246971987380326,5.71147937304273e-05
"4",4,4,0.00231245997730382,0.0144370954361457
"5",5,5,0.0506091044509688,0.173131046398046
