"","X","V","Imp","rand"
"1",1,1,0.000842675499723852,0.115903075667364
"2",2,2,0.00390154014112256,0.0239636072180489
"3",3,3,1.99146874129631e-05,0.00360555186172978
"4",4,4,0.00137868502121544,0.0911527647703669
"5",5,5,0.000137497287807493,0.151122719459828
"6",6,6,0.0471135273206533,0.0727554780050613
"7",7,7,0.0012726034917679,0.030524831996651
"8",8,8,0.00450046980917819,0.101238883847556
"9",9,9,0.00126161287046769,0.139958334654729
"10",10,10,0.00206771429718243,0.0197682887430681
