"","V1","effect_size","nonlinear","location","scale","interactions","V2"
"1",1,0.0990059258139602,TRUE,0.580978544843297,0.035774983721054,FALSE,NA
"2",2,0.0438289122403322,FALSE,NA,NA,FALSE,NA
"3",3,-0.0126331210492837,TRUE,0.119910344565573,0.00588318845257163,FALSE,NA
"4",4,-0.00152834909180239,FALSE,NA,NA,FALSE,NA
"5",5,-0.224964673784505,TRUE,1.97608766021674,6.12590120699177,FALSE,NA
"6",3,0.00231012412635741,FALSE,NA,NA,TRUE,4
