"","X","V","Imp","rand"
"1",1,1,0.249677536049403,0.0762731047837584
"2",2,2,0.000284039311019268,0.673710317401468
