"","X","V","Imp","rand"
"1",1,1,0.0322320510758275,0.0581590249151985
"2",2,2,0.336511100809863,0.465914748443308
"3",3,3,0.0135826329530947,0.134478927712538
"4",4,4,0.541750632214638,0.0913822733188018
"5",5,5,0.147159589569667,0.000142210470667345
