"","X","V","Imp","rand"
"1",1,1,0.574240910361679,0.418879133329363
"2",2,2,0.0314169247869008,0.152051503232367
"3",3,3,0.115223503226125,0.0284450291311002
"4",4,4,0.46082431777889,0.0546557152961535
"5",5,5,4.56449079925243e-05,0.0959644962283421
