"","X","V","Imp","rand"
"1",1,1,0.371667345860709,0.553090088589323
"2",2,2,0.453720297029845,0.196909564531417
