"","X","V","Imp","rand"
"1",1,1,0.00436177633307382,0.0274905120456473
"2",2,2,0.130041232908292,0.0466064141440983
"3",3,3,0.00842586483624056,0.0193414094390365
"4",4,4,1.86876565809492e-05,0.000405056351215039
"5",5,5,0.00483498070916977,0.145591016632543
"6",6,6,7.21923230471428e-06,0.138264777680405
"7",7,7,0.129697203340341,0.000650527459836556
"8",8,8,0.0231391963645876,0.342387927886773
"9",9,9,0.00613371551993744,0.00466207168383001
"10",10,10,0.00507990899277168,0.0245955514894015
