"","X","V","Imp","rand"
"1",1,1,0.0650405995796937,0.0255289906194467
"2",2,2,0.0039831391896747,0.00149487073518367
"3",3,3,0.550767520574028,0.205525074941748
"4",4,4,0.0141176140720988,0.00237769540693015
"5",5,5,0.611816139360735,0.00665815526752306
"6",6,6,0.0363700210262448,0.178874157458373
"7",7,7,0.00641230979313171,0.0392133309840365
"8",8,8,0.101493372002436,0.0850153059495631
"9",9,9,0.025808643046731,0.139324055737646
"10",10,10,0.0360884027135343,0.0659862375815628
