"","X","V","Imp","rand"
"1",1,1,0.0413965678336499,0.0774080231817128
"2",2,2,0.0491416223758176,0.0257286686042968
"3",3,3,0.0118721153796515,0.0498133780368316
"4",4,4,0.00178934294676933,0.00403757400615829
"5",5,5,0.0112226374504334,0.151327846634787
"6",6,6,0.00887566499930005,0.126860976594128
"7",7,7,0.000302063846629681,0.181413964584279
"8",8,8,0.0022948895877261,0.000871545685771035
"9",9,9,0.0124859775248758,0.100173329467085
"10",10,10,0.0120207008392333,0.0323599486180715
