"","X","V","Imp","rand"
"1",1,1,0.0650405995796937,0.00909424905015983
"2",2,2,0.0039831391896747,0.172814158166423
"3",3,3,0.550767520574028,0.000878250971743201
"4",4,4,0.0141176140720988,0.0109097291642637
"5",5,5,0.611816139360735,0.189331449088135
"6",6,6,0.0363700210262448,0.00849200427644504
"7",7,7,0.00641230979313171,0.221780419249613
"8",8,8,0.101493372002436,0.0336534413614692
"9",9,9,0.025808643046731,0.0464083319380653
"10",10,10,0.0360884027135343,0.0565800441064273
