"","X","V","Imp","rand"
"1",1,1,0.00154564347521174,0.0862786986558282
"2",2,2,0.00851518019160876,0.073302124463263
"3",3,3,0.0457699043034385,0.0594263938548486
"4",4,4,0.00842904472256904,0.15982644381891
"5",5,5,0.000620202954518031,0.00317227883427389
"6",6,6,0.00311165431494865,0.0621020531865928
"7",7,7,0.0368902996573925,0.0332664572884569
"8",8,8,0.0448962455781143,0.223825093042893
"9",9,9,0.0748522079863385,5.15269639261995e-05
"10",10,10,0.0275735219344675,0.0487004232214429
