"","X","V","Imp","rand"
"1",1,1,0.399118619051233,0.03190864258446
"2",2,2,0.150109521966858,0.0201825980527079
"3",3,3,0.0620537052439391,0.162985601850563
"4",4,4,0.196871839585045,0.42564862677312
"5",5,5,0.101780307538197,0.109267419550236
