"","V1","effect_size","nonlinear","location","scale","interactions","V2"
"1",1,0.53954131379262,TRUE,0.575306812541761,3.8491931313411,FALSE,NA
"2",2,-0.205172445042436,TRUE,0.271597022852604,0.729777890928133,FALSE,NA
"3",3,0.249105811341163,FALSE,NA,NA,FALSE,NA
"4",4,-0.350102539542107,FALSE,NA,NA,FALSE,NA
"5",5,0.165771698872228,TRUE,1.02411466313475,1.48825656055453,FALSE,NA
"6",1,0.108013789762167,FALSE,NA,NA,TRUE,2
"7",4,-0.0743000513912121,FALSE,NA,NA,TRUE,5
