"","X","V","Imp","rand"
"1",1,1,0.0135591070969749,0.0009310456051064
"2",2,2,0.0127428506129315,0.00163856582517847
"3",3,3,0.0725678277703861,0.0730216873391654
"4",4,4,0.022270724059234,0.288152322455586
"5",5,5,0.0864205339502634,0.00610328178468064
"6",6,6,0.0617168199978371,0.0746898803585015
"7",7,7,0.0926963997818146,0.150927483340845
"8",8,8,0.0670277439718557,0.012203489328945
"9",9,9,0.0435965908599311,0.00331708691128461
"10",10,10,0.000772293113525189,0.13884740362729
