"","X","V","Imp","rand"
"1",1,1,0.0271564357497412,0.0141228881616339
"2",2,2,0.0298456293975161,0.102808474072144
"3",3,3,0.0779058390746623,0.378023788605957
"4",4,4,0.03119707131884,0.00643311980960783
"5",5,5,2.39302254638714e-05,0.248604213368725
