"","V1","effect_size","nonlinear","location","scale","interactions","V2"
"1",1,0.0286878418037346,0,NA,NA,FALSE,NA
"2",2,0.060527090210103,0,NA,NA,FALSE,NA
"3",3,-0.227095564889051,0,NA,NA,FALSE,NA
"4",4,-0.0708164569194604,0,NA,NA,FALSE,NA
"5",5,0.00489185296834148,0,NA,NA,FALSE,NA
"6",1,0.0263334434823851,0,NA,NA,TRUE,3
"7",2,-0.0261821007482142,0,NA,NA,TRUE,4
