"","X","V","Imp","rand"
"1",1,1,0.000182146811477209,0.140537550105114
"2",2,2,0.275571030514353,0.0306476589606017
"3",3,3,0.180618716074323,0.281320608272818
"4",4,4,0.0207455309853038,0.161343956860212
"5",5,5,0.000375897605350824,0.136141692898978
