"","X","V","Imp","rand"
"1",1,1,0.0622314165003061,0.145810677732665
"2",2,2,0.012930076308777,0.377507276106228
"3",3,3,0.224078707264705,0.0702283250785096
"4",4,4,0.111048806415599,0.0403670814960483
"5",5,5,0.152204482021445,0.116140078149298
