"","V1","effect_size","nonlinear","location","scale","interactions","V2"
"1",1,-0.249462254660512,TRUE,-0.467755442503658,1.15897619906337,FALSE,NA
"2",2,0.113710493397826,TRUE,-0.367268924614835,0.299629571847618,FALSE,NA
"3",3,0.473369525069691,TRUE,0.93231801600823,1.52932281970027,FALSE,NA
"4",4,-0.333239863185063,FALSE,NA,NA,FALSE,NA
"5",5,0.390133928313656,FALSE,NA,NA,FALSE,NA
