"","X","V","Imp","rand"
"1",1,1,0.0526267366825229,0.747993402966336
"2",2,2,0.509868856568365,0.00200565729214179
