"","X","V","Imp","rand"
"1",1,1,0.00142332141325602,0.0993421064516574
"2",2,2,0.00071944259361016,0.00200320920874835
"3",3,3,0.00344443095704909,0.0225529911832384
"4",4,4,0.0129045897214583,0.00165639584774976
"5",5,5,0.00857004628012682,0.123551120306807
"6",6,6,0.00398450921018616,1.89481715282647e-05
"7",7,7,0.00146763533427011,0.0790108690637179
"8",8,8,0.0657003358631041,0.0606557517597193
"9",9,9,0.024381736674059,0.180498037880596
"10",10,10,0.066059630459817,0.180666805481868
