"","X","V","Imp","rand"
"1",1,1,0.027299471772724,0.141832149763467
"2",2,2,0.0158857411396583,0.032927948857796
"3",3,3,0.0783017330871743,0.00393094510005888
"4",4,4,0.000374661789483794,0.0137177106181132
"5",5,5,0.000670363069496802,0.212402868332961
"6",6,6,0.132422118283597,0.20399198108662
"7",7,7,0.0914348487613695,0.0276023256045962
"8",8,8,0.0261943235552886,0.00985349522556557
"9",9,9,6.05892491684135e-06,0.0771244090014262
"10",10,10,0.189903798846414,0.0264464583881595
