"","V1","effect_size","nonlinear","location","scale","interactions","V2"
"1",1,0.165225517922396,0,NA,NA,FALSE,NA
"2",2,0.126038649388425,0,NA,NA,FALSE,NA
"3",3,-0.279824468349668,0,NA,NA,FALSE,NA
"4",4,0.0193561822032082,0,NA,NA,FALSE,NA
"5",5,0.0258913705604165,0,NA,NA,FALSE,NA
"6",6,0.36389849997437,0,NA,NA,FALSE,NA
"7",7,0.302381958392642,0,NA,NA,FALSE,NA
"8",8,0.161846605016258,0,NA,NA,FALSE,NA
"9",9,-0.00246148835399263,0,NA,NA,FALSE,NA
"10",10,0.435779530091093,0,NA,NA,FALSE,NA
