"","X","V","Imp","rand"
"1",1,1,0.00235458583835037,0.0228855335489826
"2",2,2,0.00503886833870992,0.0358460675992293
"3",3,3,0.00656139651568964,0.0578701933542337
"4",4,4,0.039214074418562,0.0576454909402302
"5",5,5,0.00325685280719192,0.236387694441284
"6",6,6,0.00629068159523886,0.0891131181164905
"7",7,7,0.0201460185513352,0.18768962470473
"8",8,8,0.0103748790711998,0.0250933481104826
"9",9,9,0.00376623124486159,0.021520303101496
"10",10,10,0.0406214770320698,0.0159424603088552
