"","X","V","Imp","rand"
"1",1,1,0.261239112958325,0.0676187825986106
"2",2,2,0.00982443405588095,0.0444644357852717
"3",3,3,0.0236361871938628,0.0818241620019645
"4",4,4,0.14263726816294,0.0808208535180438
"5",5,5,0.00338316513721577,0.0298509288291173
"6",6,6,0.00209104485078663,0.0744744360481872
"7",7,7,0.107551899009544,0.026051037994829
"8",8,8,0.127003371250119,0.00432334763070877
"9",9,9,0.000149191717116682,0.115078172919566
"10",10,10,0.227342101160245,0.225490499098853
