"","X","V","Imp","rand"
"1",1,1,0.000705943665480701,0.00796208709050444
"2",2,2,0.00130617904237168,0.0718165498545891
"3",3,3,0.0109934059323749,0.0809323403965605
"4",4,4,0.225956816334436,0.15549863162392
"5",5,5,0.0611481963523793,0.00172434478494637
"6",6,6,0.00774687988562481,0.0180442977461791
"7",7,7,0.0104114241596429,0.00895169405374226
"8",8,8,0.0376416268224461,0.397358802943133
"9",9,9,0.0245968208077602,0.00752015196978649
"10",10,10,0.181959549168502,0.000185087936132782
