"","V1","effect_size","nonlinear","location","scale","interactions","V2"
"1",1,0.0265696004012236,0,NA,NA,FALSE,NA
"2",2,-0.0361410990753142,0,NA,NA,FALSE,NA
"3",3,-0.104849444120486,0,NA,NA,FALSE,NA
"4",4,-0.475349152028733,0,NA,NA,FALSE,NA
"5",5,-0.247281613453931,0,NA,NA,FALSE,NA
"6",6,-0.0880163614654958,0,NA,NA,FALSE,NA
"7",7,0.102036386449359,0,NA,NA,FALSE,NA
"8",8,-0.194014501577707,0,NA,NA,FALSE,NA
"9",9,0.156833736191421,0,NA,NA,FALSE,NA
"10",10,-0.426567168413724,0,NA,NA,FALSE,NA
