"","X","V","Imp","rand"
"1",1,1,0.0168907043429172,0.131530478327008
"2",2,2,0.0186538622010804,0.198324948475
"3",3,3,0.0627792457987812,0.00482600803921072
"4",4,4,0.0157791650324499,0.0615943287464397
"5",5,5,0.0605105413266331,0.353717889418613
