"","X","V","Imp","rand"
"1",1,1,0.299944148483481,0.265005533178682
"2",2,2,0.00963897059645231,0.093033818691326
"3",3,3,0.0518828468287752,0.00240341830649319
"4",4,4,0.0133932925581181,0.0575216577096448
"5",5,5,0.0349689059697316,0.1672529595445
"6",6,6,0.00266236164446019,0.00436856522827127
"7",7,7,0.0169023498177277,0.00990414824103277
"8",8,8,0.00713890765857794,0.0694587843501772
"9",9,9,0.373582992094062,0.00417490050126626
"10",10,10,0.172563815117801,0.0768565834211026
