"","X","V","Imp","rand"
"1",1,1,0.426069399107867,0.0393299078038549
"2",2,2,0.15230052881882,0.212526378597601
"3",3,3,0.00655311976550669,0.0181598503294369
"4",4,4,0.0115261728244846,0.0404941117230226
"5",5,5,0.0161745838742095,0.4394855945697
