"","X","V","Imp","rand"
"1",1,1,0.0146468115035596,0.0203716361059929
"2",2,2,0.00174805348345515,0.0441220733738502
"3",3,3,0.00885568942198727,0.000136145512565093
"4",4,4,0.0304956530755058,0.0369657430813267
"5",5,5,0.00479171609471441,0.107783181296748
"6",6,6,7.99526867952289e-05,0.142609296591011
"7",7,7,0.00875772222920019,0.00499340980164878
"8",8,8,0.00360021625884261,0.154470673332331
"9",9,9,0.0507687395719797,0.235632802512065
"10",10,10,0.126291054330771,0.00290147581247944
