"","X","V","Imp","rand"
"1",1,1,0.19136947472078,0.290341363277106
"2",2,2,0.214233956353762,0.459652079086617
