"","X","V","Imp","rand"
"1",1,1,0.00355761002017782,0.00543527988559515
"2",2,2,0.00173572429529705,0.0311747147017396
"3",3,3,0.0153148234314962,0.210341688638706
"4",4,4,0.00323617787376058,0.0988927152557373
"5",5,5,0.0233603719584705,0.22538981356871
"6",6,6,0.0153336425320448,0.0386013324028073
"7",7,7,0.000129568103243663,0.0454215359261184
"8",8,8,0.000157472651664048,0.036942380226943
"9",9,9,0.00104657837048222,0.0566325972238371
"10",10,10,0.028087022543291,0.00109732082019337
