"","X","V","Imp","rand"
"1",1,1,0.0335472171999483,0.0145694657390505
"2",2,2,0.0109624447377739,0.0663802788344183
"3",3,3,0.0109684379836104,0.127692316668427
"4",4,4,9.77055935504448e-05,0.157697554041558
"5",5,5,0.0149593060833669,0.00769149952791071
"6",6,6,1.49381089382064e-05,0.145446029011621
"7",7,7,0.130839335550983,0.00847934101199907
"8",8,8,0.0208260991561236,0.0573529603660423
"9",9,9,0.0461431975867244,0.162946770805163
"10",10,10,0.0418711439230578,0.00167166522258643
