"","X","V","Imp","rand"
"1",1,1,0.00492967867954863,0.0255442784113791
"2",2,2,0.00252731438272848,0.127146814284895
"3",3,3,0.010103937793509,0.0801373267815115
"4",4,4,0.0115785449712772,0.0232201638346743
"5",5,5,0.0188440556535637,0.00789207716213516
"6",6,6,0.0136084379154256,0.00302049869865711
"7",7,7,0.0299342014453927,0.0255696205432569
"8",8,8,0.363579431027865,0.225253305449612
"9",9,9,0.332317484576412,0.187829324705368
"10",10,10,0.0206470834186022,0.0443341712034218
