"","X","V","Imp","rand"
"1",1,1,4.25612647392236e-05,0.00465590518127793
"2",2,2,0.00630484852446458,0.000354673933662123
"3",3,3,0.0802413451853411,0.400355199285963
"4",4,4,6.85960732873488e-07,0.0283081104154034
"5",5,5,0.0378463494043544,0.00322405299554428
"6",6,6,0.0522136407778813,0.0285514454322768
"7",7,7,9.56545305110981e-05,0.00304165988223279
"8",8,8,0.046002205915932,0.270346944851553
"9",9,9,0.0223780252968186,0.00877385650159135
"10",10,10,0.00497710754112576,0.00232902780061563
