"","X","V","Imp","rand"
"1",1,1,4.25612647392236e-05,0.0768640451969112
"2",2,2,0.00630484852446458,0.372700909925481
"3",3,3,0.0802413451853411,0.00163168391541485
"4",4,4,6.85960732873488e-07,0.0143221418810613
"5",5,5,0.0378463494043544,0.154638468212332
"6",6,6,0.0522136407778813,0.000366765308063233
"7",7,7,9.56545305110981e-05,0.10357734353476
"8",8,8,0.046002205915932,0.0100959403943805
"9",9,9,0.0223780252968186,0.0147377673782565
"10",10,10,0.00497710754112576,0.0010158745582064
