"","X","V","Imp","rand"
"1",1,1,0.39732648544149,0.0205515971874696
"2",2,2,0.303561133658696,0.130462141152912
"3",3,3,0.0166278113296648,0.254968583355464
"4",4,4,0.114680202020966,0.00123809750835766
"5",5,5,0.237996054147606,0.342779007310927
