"","X","V","Imp","rand"
"1",1,1,0.584163124215082,0.199235086027406
"2",2,2,0.403223651659455,0.550748034965397
