"","X","V","Imp","rand"
"1",1,1,0.100843370965829,0.108085534678286
"2",2,2,0.101066086985321,0.199837691006136
"3",3,3,0.000218419522097323,0.00876517684232264
"4",4,4,0.300377310181991,0.390677632469754
"5",5,5,0.00379301592116313,0.0426318555960959
