"","X","V","Imp","rand"
"1",1,1,0.108789273284678,0.042944284318319
"2",2,2,0.000990480361612862,0.0577278206998598
"3",3,3,0.0871950680440885,0.300970187466682
"4",4,4,0.0251373141548544,8.61812504869885e-05
"5",5,5,0.018880842381025,0.00111171737133774
"6",6,6,0.0482462943363039,0.219810141780264
"7",7,7,0.0189514133165188,0.0178468987926989
"8",8,8,0.00572043319181601,0.0345302359306492
"9",9,9,3.25972613830542e-05,0.00344351470743969
"10",10,10,0.0307261350561228,0.0715206982398652
