"","X","V","Imp","rand"
"1",1,1,0.108789273284678,0.050948099015615
"2",2,2,0.000990480361612862,0.0366095485336674
"3",3,3,0.0871950680440885,0.000309044430703804
"4",4,4,0.0251373141548544,0.0850038436878848
"5",5,5,0.018880842381025,0.248368493680165
"6",6,6,0.0482462943363039,0.0143296725235436
"7",7,7,0.0189514133165188,0.00549656114752088
"8",8,8,0.00572043319181601,0.0198750324037793
"9",9,9,3.25972613830542e-05,0.283566140551129
"10",10,10,0.0307261350561228,0.00545484372760344
