"","X","V","Imp","rand"
"1",1,1,0.0789571419328543,0.0198524742650742
"2",2,2,0.16855807490451,0.0249927888379657
"3",3,3,0.161836391292321,0.0996083656544186
"4",4,4,0.161239277873029,0.110963631262345
"5",5,5,0.101286492755042,0.494581841196521
