"","X","V","Imp","rand"
"1",1,1,0.00202117016043262,0.0284259492384397
"2",2,2,0.0216788624283884,0.109765547266474
"3",3,3,0.0939397393800675,0.0202805303002395
"4",4,4,0.0401047956570746,0.000957555492274609
"5",5,5,0.0540948084223445,0.000463119119842701
"6",6,6,0.0428058547868746,0.000959379626242298
"7",7,7,0.0352221783709709,0.144165918440308
"8",8,8,0.116074524338324,0.0450967167574974
"9",9,9,0.0634892361957145,0.144685973932843
"10",10,10,0.0930655026837106,0.255103439179741
