"","X","V","Imp","rand"
"1",1,1,6.8925175251119e-07,0.048139055989816
"2",2,2,0.00179104050488537,0.0585070592244616
"3",3,3,0.000282418283799556,0.0299363679953257
"4",4,4,0.0104767437078333,0.00629227696152937
"5",5,5,0.000597643997376915,0.0580687328410644
"6",6,6,0.014425838096006,3.01065382662345e-05
"7",7,7,0.169848047166447,0.112236880169454
"8",8,8,0.000304972319295501,0.0531108222447523
"9",9,9,0.000405063877401368,0.383433042266187
"10",10,10,0.161907042719132,0.000230226063755283
