"","X","V","Imp","rand"
"1",1,1,0.000496853174087133,0.00663034931334248
"2",2,2,0.0469598898778783,0.0189509629202388
"3",3,3,0.00851449487279804,0.16749834890537
"4",4,4,0.000305382820475431,0.0712633223919143
"5",5,5,0.00620560530093077,0.48565372281
