"","X","V","Imp","rand"
"1",1,1,0.125964871433928,0.425406525526097
"2",2,2,0.00129654972462935,0.030611958887034
"3",3,3,0.249567107234083,0.109618891095149
"4",4,4,0.000897737180740201,0.00719533947012903
"5",5,5,0.176851766976378,0.0622095168886936
"6",6,6,0.00920643243340375,0.00732471332349485
"7",7,7,0.10130469317506,0.000555289519505053
"8",8,8,0.161248178168441,0.0333082769090105
"9",9,9,0.0975362225513324,0.0577497134893756
"10",10,10,0.0302112796089415,0.0160137202781584
