"","X","V","Imp","rand"
"1",1,1,4.67327787033478e-05,0.0503853418823552
"2",2,2,0.0580614451387029,0.0770447596583183
"3",3,3,0.000552068168943978,0.390398329419213
"4",4,4,0.0895581087998718,0.126424033160575
"5",5,5,0.0944409721065604,0.105743814526692
