"","X","V","Imp","rand"
"1",1,1,0.136407514702678,0.0476155022288268
"2",2,2,0.121882457944828,0.153814599502694
"3",3,3,0.173358746261487,0.00616712595843365
"4",4,4,0.0323228337663681,0.00108091686809736
"5",5,5,0.00766478616772424,0.00113060509484495
"6",6,6,0.0105967761693143,0.000757910715477022
"7",7,7,0.100891469451977,0.225722413761162
"8",8,8,0.168532621287181,0.128091085174867
"9",9,9,0.00442699636013488,0.0710920331533329
"10",10,10,0.00557779646244809,0.11450422979155
