"","V1","effect_size","nonlinear","location","scale","interactions","V2"
"1",1,-0.00683613770365605,FALSE,NA,NA,FALSE,NA
"2",2,0.0522498261656409,FALSE,NA,NA,FALSE,NA
"3",3,0.0234961309356238,TRUE,0.181154263781637,0.15725728109555,FALSE,NA
"4",4,-0.229332721420927,FALSE,NA,NA,FALSE,NA
"5",5,0.0463137087335258,FALSE,NA,NA,FALSE,NA
"6",4,0.0369646116855433,FALSE,NA,NA,TRUE,5
"7",2,-0.0553314008043632,FALSE,NA,NA,TRUE,5
