"","X","V","Imp","rand"
"1",1,1,0.000447904173302698,0.0404463088124792
"2",2,2,0.003838155611686,0.00498066852095991
"3",3,3,0.414329516045297,0.124235180756033
"4",4,4,0.326929798289165,0.0764087104534616
"5",5,5,0.0134449240404458,0.000443354186714921
"6",6,6,0.428466404616274,0.250109144555165
"7",7,7,0.00900574815948237,0.0269666649688657
"8",8,8,0.000286857812465658,0.181436840017637
"9",9,9,0.00923685565752214,0.0030656639565895
"10",10,10,0.00194067306755501,0.0418824435978109
