"","X","V","Imp","rand"
"1",1,1,0.00101717231619457,0.000194826635765258
"2",2,2,0.00234792582625793,0.242631670171477
"3",3,3,0.063168821497532,0.127676848968029
"4",4,4,0.0723625519720271,0.116914865687163
"5",5,5,0.0446328860101505,0.262532477166581
