"","X","V","Imp","rand"
"1",1,1,0.413537674642849,0.00206637009632587
"2",2,2,0.175321124470905,2.89852971918909e-06
"3",3,3,0.00216845813455833,0.0365114190380104
"4",4,4,0.0377943023619506,0.0961060231837243
"5",5,5,0.00996269796361194,0.0440823208179315
"6",6,6,0.00513789802492855,0.117103903362637
"7",7,7,0.0886739897991397,0.260745290056982
"8",8,8,0.00236624785579186,0.0270735565676842
"9",9,9,0.394219929327235,0.0407734168501304
"10",10,10,0.0660222001595438,0.125520723751635
