"","X","V","Imp","rand"
"1",1,1,0.139027503433657,0.00373942428888243
"2",2,2,0.00718976841160294,0.117214676391931
"3",3,3,0.07127490704593,0.066046161267247
"4",4,4,0.00416433541807936,0.134759918451721
"5",5,5,0.00507454499298284,0.000350807666642024
"6",6,6,0.111962502767621,0.333963763978553
"7",7,7,0.127518858150129,0.0152782438349348
"8",8,8,0.00274505430488936,0.0038756242976002
"9",9,9,1.01861063357641e-05,0.000651034246899783
"10",10,10,0.00667264795028701,0.0740986307621076
