"","X","V","Imp","rand"
"1",1,1,0.000555458009125271,0.406331353125387
"2",2,2,0.0369090693949036,0.0508846995597592
"3",3,3,0.0164439928764173,0.269829233935422
"4",4,4,0.00223748120743718,0.00751126074606877
"5",5,5,0.00633964426989656,0.0154403395809103
