"","X","V","Imp","rand"
"1",1,1,0.36439991651844,0.0149119445864799
"2",2,2,0.0677681442165365,0.454896829797908
"3",3,3,0.0033937503076912,0.16103564326051
"4",4,4,0.0013059513530407,0.083249228653609
"5",5,5,0.404944648385712,0.0358773888335124
