"","X","V","Imp","rand"
"1",1,1,0.0235605142663111,0.0217041266210317
"2",2,2,0.00119750910484534,0.222607686153187
"3",3,3,0.00719882504910006,0.452695122890151
"4",4,4,0.0228348284578039,0.0377092471779676
"5",5,5,0.00770604952054726,0.0152821878818411
