"","X","V","Imp","rand"
"1",1,1,0.0213916170938551,0.111189147393072
"2",2,2,0.0784606760628927,0.0672723334538535
"3",3,3,0.000545490642975404,0.000280545976916988
"4",4,4,0.0131156717532762,0.0210545275748201
"5",5,5,0.049650751708629,0.0010527698385238
"6",6,6,0.00387747056497534,0.225521840403723
"7",7,7,0.0403021550726858,0.0169519800277002
"8",8,8,0.000192047148754732,0.0663015793021599
"9",9,9,0.00801134786961855,0.0408115771931389
"10",10,10,0.0344513942431022,0.199545525956911
