"","X","V","Imp","rand"
"1",1,1,0.0221647877659228,0.0726411567954462
"2",2,2,0.0218318926211184,0.173126656211629
"3",3,3,0.0511500583700944,0.0094008221411689
"4",4,4,0.000132973478054129,0.0835288844061601
"5",5,5,0.00147389809723822,0.0137460204411545
"6",6,6,0.198170121468436,2.860197397503e-05
"7",7,7,0.0385450975827282,0.00742739773773965
"8",8,8,0.198534926556487,0.0137880688924218
"9",9,9,0.0153551621930835,0.0139852338166775
"10",10,10,0.355677189874016,0.362382472633193
