"","X","V","Imp","rand"
"1",1,1,0.0221647877659228,0.0120651620851021
"2",2,2,0.0218318926211184,0.0108659169608623
"3",3,3,0.0511500583700944,0.360234353865852
"4",4,4,0.000132973478054129,0.0870693907090094
"5",5,5,0.00147389809723822,0.046370243264876
"6",6,6,0.198170121468436,0.0214937239551304
"7",7,7,0.0385450975827282,0.0437866625634489
"8",8,8,0.198534926556487,0.00264798460737028
"9",9,9,0.0153551621930835,0.0205409460659945
"10",10,10,0.355677189874016,0.144864472913781
