"","X","V","Imp","rand"
"1",1,1,0.000455586699180852,0.187335397168764
"2",2,2,0.000932342095842998,0.00245636655867727
"3",3,3,0.00256592546980016,0.00917183239643644
"4",4,4,0.0438519227096661,0.278292505067475
"5",5,5,0.0652887836198369,0.00308122191173947
"6",6,6,0.00308442131606952,0.0255733956271026
"7",7,7,1.58455783099346e-05,0.0484061204466124
"8",8,8,0.0401130104421157,0.0290025743072345
"9",9,9,0.0152636858107781,0.166001562345513
"10",10,10,0.0784280046708955,0.000617233501309224
