"","X","V","Imp","rand"
"1",1,1,0.000381893325947402,0.0941072472257213
"2",2,2,0.000461339979902619,3.27332682851237e-05
"3",3,3,0.0385030967115276,0.0293643916936916
"4",4,4,0.012327610581932,0.150279940256723
"5",5,5,0.153686391100484,0.218818971566742
"6",6,6,0.0137422247805489,0.20282657005247
"7",7,7,5.85453487921871e-05,0.0257955086172212
"8",8,8,0.00158687774495868,0.000351567903829123
"9",9,9,0.000703150237720776,0.000223536805479077
"10",10,10,0.183361327728735,0.0281919849756743
