"","X","V","Imp","rand"
"1",1,1,0.00603021368040874,0.00727527465813695
"2",2,2,0.00133248374042794,0.120604297969648
"3",3,3,0.0190651612079027,0.0629529604556212
"4",4,4,0.0172430852883885,0.171118802897717
"5",5,5,0.052382803637456,0.00510136678543606
"6",6,6,0.0616030046477438,0.204941083149803
"7",7,7,0.0719733376215067,0.0495965963243386
"8",8,8,0.088878023366299,0.000959252086239704
"9",9,9,0.00343249721698236,0.0442235250964225
"10",10,10,0.240551463108687,0.0832968420365146
