"","X","V","Imp","rand"
"1",1,1,0.0169905575960551,0.000724076884383694
"2",2,2,0.00328146197704687,0.0013412307994236
"3",3,3,0.00323710372249012,0.365072128302882
"4",4,4,2.40915075088671e-05,0.0343995320530715
"5",5,5,0.0034429288139907,0.0134161365149479
"6",6,6,0.000461278914652455,0.0912448301639172
"7",7,7,0.00301433288761257,0.0609118809881932
"8",8,8,0.020386933471377,0.169038831239421
"9",9,9,0.036626603576453,0.00518233873133684
"10",10,10,0.000160691434414312,0.00859230405991988
