"","X","V","Imp","rand"
"1",1,1,0.316670660106962,0.453936559392025
"2",2,2,0.0147628703740419,0.00144134439540304
"3",3,3,0.12687811783199,0.00228600219130765
"4",4,4,0.0316714452883411,0.0226873961157773
"5",5,5,0.0725013686604949,0.269637836553252
