"","V1","effect_size","nonlinear","location","scale","interactions","V2"
"1",1,0.562734982124767,TRUE,0.795553574492919,0.0704523570542374,FALSE,NA
"2",2,0.121502552952775,FALSE,NA,NA,FALSE,NA
"3",3,0.356199547770614,TRUE,0.0612660366874292,0.0582667379640043,FALSE,NA
"4",4,-0.1779647304618,TRUE,1.57315609093078,0.0818618782795966,FALSE,NA
"5",5,0.269260781883465,FALSE,NA,NA,FALSE,NA
