"","X","V","Imp","rand"
"1",1,1,4.18598107470374e-05,0.0801214977542419
"2",2,2,0.00611767759513722,0.136900435066134
"3",3,3,1.16495961232076e-07,0.0234819275954166
"4",4,4,0.000588680093635172,0.190717574477552
"5",5,5,0.0269264641168745,0.14448255900211
"6",6,6,0.00127112578239315,0.0837150714532165
"7",7,7,0.0138466274233481,0.00749252850218465
"8",8,8,0.0062665039128988,0.0282197695625239
"9",9,9,0.00221650950419274,0.0453066666460459
"10",10,10,0.0052232088310032,0.00955508205975659
