"","X","V","Imp","rand"
"1",1,1,0.231970598959972,0.168612611261212
"2",2,2,0.000148857077868848,0.0130626916959955
"3",3,3,0.000870210007478482,0.126630745395135
"4",4,4,0.00288339480437345,0.159062149807016
"5",5,5,0.0141252715061236,0.28259450347588
