"","X","V","Imp","rand"
"1",1,1,0.0527901855185669,0.072742153408768
"2",2,2,0.00485549976058983,0.134832065884226
"3",3,3,0.00659549239995332,0.0662146233807821
"4",4,4,0.0154230227074508,0.023768354221949
"5",5,5,0.59559872476856,0.128334046341471
"6",6,6,0.020186037568934,0.135404148209953
"7",7,7,0.0153185892223081,0.0188619805292757
"8",8,8,0.00761593818614356,0.137406322780105
"9",9,9,0.0188446385337982,0.00814311595157945
"10",10,10,0.426355678553818,0.0242694825194113
