"","V1","effect_size","nonlinear","location","scale","interactions","V2"
"1",1,0.481633261891215,FALSE,NA,NA,FALSE,NA
"2",2,-0.0122006998925819,FALSE,NA,NA,FALSE,NA
"3",3,-0.0294993221528645,TRUE,3.43945529745474,0.789905485655081,FALSE,NA
"4",4,-0.0536972513670248,TRUE,-1.20872265978105,0.0751101609846956,FALSE,NA
"5",5,-0.118849785469405,TRUE,-0.300662785565541,0.746364898699429,FALSE,NA
