"","X","V","Imp","rand"
"1",1,1,0.0587093381777827,0.226174944162541
"2",2,2,0.0169145165424681,0.00782965700030564
"3",3,3,0.0293994006356042,0.11029220099394
"4",4,4,0.0550620512572226,0.0307576737248321
"5",5,5,0.000971420281802739,0.0374834530151303
"6",6,6,0.000344407022130521,0.00575085301801315
"7",7,7,0.01101921946006,0.285067320197254
"8",8,8,3.31964000341284e-05,0.0121252932411699
"9",9,9,0.0290592601364234,0.00287971800685685
"10",10,10,0.0167575790939585,0.0318128828065364
