"","X","V","Imp","rand"
"1",1,1,0.132486720586342,0.370885470936678
"2",2,2,0.0987244225969504,0.0609118861584412
"3",3,3,0.314897633159877,0.0182498657978543
"4",4,4,0.311506855849482,0.0543370428612263
"5",5,5,0.0169678003039076,0.0584124053720825
"6",6,6,0.0363808149000743,0.0299451419062131
"7",7,7,0.132604245782689,0.00679214148901112
"8",8,8,0.0023569344436254,0.0299840902831227
"9",9,9,0.000139643057138338,0.111469318822427
"10",10,10,0.040249881249747,0.00905441093519405
