"","X","V","Imp","rand"
"1",1,1,0.40798783489242,0.610974427257669
"2",2,2,0.683160529286566,0.13902493142735
