"","X","V","Imp","rand"
"1",1,1,0.40798783489242,0.73381079212328
"2",2,2,0.683160529286566,0.0161879117144919
