"","X","V","Imp","rand"
"1",1,1,0.00676872355855902,0.0211942807392399
"2",2,2,0.00942907566205519,0.00907581815684935
"3",3,3,0.0979596969398401,0.0564109076781382
"4",4,4,0.000359730179192079,0.0287893760108176
"5",5,5,0.0866971714037087,0.0070796747630819
"6",6,6,0.0344672973906752,0.000457804966566737
"7",7,7,0.0164320237502182,0.00466707156538688
"8",8,8,0.0723320211902133,0.159423195265536
"9",9,9,0.0627896768090451,0.165837554170368
"10",10,10,0.000679782456194492,0.296986178301355
