"","X","V","Imp","rand"
"1",1,1,0.719380026420694,0.749490863335325
"2",2,2,0.318715336120773,0.000508770304405682
