"","X","V","Imp","rand"
"1",1,1,0.719380026420694,0.734200868353061
"2",2,2,0.318715336120773,0.0157959092072135
