"","X","V","Imp","rand"
"1",1,1,9.09570150498362e-05,0.0877294145787543
"2",2,2,0.0026072556413965,0.00808583475687273
"3",3,3,0.000226469361918139,0.0173231804517386
"4",4,4,0.00715020499527885,0.161698845533947
"5",5,5,0.0107327445130685,0.0157720850719603
"6",6,6,0.17630035091945,0.152172154728609
"7",7,7,0.0209976813205526,0.0274359408476279
"8",8,8,0.00391215372764119,0.24812871787551
"9",9,9,0.0104150723808001,0.0269195105291786
"10",10,10,0.0175162720294471,0.00472697978758667
