"","X","V","Imp","rand"
"1",1,1,0.433426928634644,0.0166871117967597
"2",2,2,0.417665980448466,0.609603146679251
"3",3,3,0.0473010111216115,0.00662675559729644
"4",4,4,0.00690990264834591,0.109589554908532
"5",5,5,9.54566150556108e-06,0.00749013786572767
