"","X","V","Imp","rand"
"1",1,1,0.000622528610708291,0.176057766732675
"2",2,2,0.00157689131239053,0.000210096314691414
"3",3,3,0.020622911517701,4.58949272437641e-05
"4",4,4,0.00790994640534465,1.22267288189436e-05
"5",5,5,0.0317674293206981,0.573668817794038
