"","X","V","Imp","rand"
"1",1,1,0.35001170597131,0.240347157916617
"2",2,2,0.143039809158589,0.044767918363566
"3",3,3,0.0301218008189871,0.304886088704248
"4",4,4,0.304470792000796,0.003581600861277
"5",5,5,0.206383671983314,0.156484090234153
