"","X","V","Imp","rand"
"1",1,1,7.46973549711147e-05,0.419558428272278
"2",2,2,0.475268369560943,0.0424041461642683
"3",3,3,0.541914356277364,0.160931655144048
"4",4,4,0.414517784624045,0.127072369229342
"5",5,5,0.517067552407951,3.29202436722673e-05
