"","V1","effect_size","nonlinear","location","scale","interactions","V2"
"1",1,0.00864276315602335,TRUE,-0.0848778972537009,0.574925280176103,FALSE,NA
"2",2,-0.2897007289631,TRUE,-1.24755951343864,0.733077095779491,FALSE,NA
"3",3,0.187219686089895,FALSE,NA,NA,FALSE,NA
"4",4,0.152236419508784,TRUE,0.752619379796846,0.109011833555996,FALSE,NA
"5",5,0.10101686488001,FALSE,NA,NA,FALSE,NA
"6",3,-0.506863145417765,FALSE,NA,NA,TRUE,5
"7",2,-0.391341857199191,FALSE,NA,NA,TRUE,4
