"","X","V","Imp","rand"
"1",1,1,0.00338177413497451,0.0164768508267631
"2",2,2,0.025804767137114,0.000281446800667495
"3",3,3,0.0550036186796412,0.0519733523552282
"4",4,4,0.00198310027828229,0.0324986549286786
"5",5,5,0.0320835477599959,0.00698972398803709
"6",6,6,0.0837143460789877,0.413843892458463
"7",7,7,0.000877774532455788,0.00647301622516963
"8",8,8,0.0145789577497851,0.0070648028482044
"9",9,9,0.250145355739875,0.051983594349526
"10",10,10,0.0949167703730383,0.162412464985962
