"","X","V","Imp","rand"
"1",1,1,0.000114503139437629,0.00970796979354009
"2",2,2,0.0155767592640784,0.402287861245719
"3",3,3,0.116637252733079,0.119077199230287
"4",4,4,0.0162196880823949,0.056808253627892
"5",5,5,0.0547955943005077,0.00793546838161624
"6",6,6,0.0059257309508142,0.0539280085717489
"7",7,7,0.00864664186790549,0.0583705656807769
"8",8,8,0.00397342566174301,0.00989565099591227
"9",9,9,0.0260309276351319,0.0238221332779623
"10",10,10,0.00205682739370468,0.00811875601873307
