"","X","V","Imp","rand"
"1",1,1,0.00575733890620704,0.00822270156128594
"2",2,2,0.357418700196988,0.341603348947462
"3",3,3,0.00589322997018189,0.000787512699336242
"4",4,4,0.19189545543362,0.0199700702844312
"5",5,5,0.00153454804455012,0.379356507731992
