"","X","V","Imp","rand"
"1",1,1,0.0167681717238325,0.203017693872329
"2",2,2,0.00216033511942713,0.01295139583098
"3",3,3,0.0258120391560667,0.00171806694495046
"4",4,4,0.0374971200854545,0.000205568515555427
"5",5,5,4.83474289027839e-05,0.0315459592598623
"6",6,6,0.000203934779313225,0.134505770703467
"7",7,7,0.0020117473500466,0.152017766076405
"8",8,8,0.0133572139870302,0.000292915234485594
"9",9,9,0.1429888420947,0.187529044279026
"10",10,10,0.00915092263677488,0.0261167283043729
