"","V1","effect_size","nonlinear","location","scale","interactions","V2"
"1",1,-0.129491975519074,0,NA,NA,FALSE,NA
"2",2,-0.0464794053256615,0,NA,NA,FALSE,NA
"3",3,-0.16066125592708,0,NA,NA,FALSE,NA
"4",4,0.193641731260218,0,NA,NA,FALSE,NA
"5",5,-0.00695323154387828,0,NA,NA,FALSE,NA
"6",6,0.0142805734938491,0,NA,NA,FALSE,NA
"7",7,-0.0448525066194366,0,NA,NA,FALSE,NA
"8",8,-0.115573413841723,0,NA,NA,FALSE,NA
"9",9,0.378138654589424,0,NA,NA,FALSE,NA
"10",10,0.0956604549266565,0,NA,NA,FALSE,NA
