"","X","V","Imp","rand"
"1",1,1,0.0544229317759737,0.00994056823472878
"2",2,2,0.00130790843728825,0.027495627530763
"3",3,3,0.0658829029133425,0.0638226662356513
"4",4,4,0.00140066379041037,0.0328388895730283
"5",5,5,0.10329285775644,0.134492487097053
"6",6,6,0.0360063477600712,0.280155901643727
"7",7,7,0.0212006849057863,0.017756754670634
"8",8,8,0.263712046479702,0.00245905855888858
"9",9,9,0.0641738281325807,0.175842106941834
"10",10,10,0.068844725382374,0.00508424931891316
