"","X","V","Imp","rand"
"1",1,1,0.327358827806551,0.590887786763848
"2",2,2,0.337735121819161,0.0170623069566014
"3",3,3,0.254032255795939,0.0134671106592538
"4",4,4,0.697558413814419,0.0408821491887523
"5",5,5,0.0275319815316422,0.08769347627468
