"","V1","effect_size","nonlinear","location","scale","interactions","V2"
"1",1,0.132825923204716,TRUE,-0.736551598268185,1.29110447313161,FALSE,NA
"2",2,-0.0487729300219303,TRUE,0.702158159457432,3.79627709628499,FALSE,NA
"3",3,-0.504016126523685,FALSE,NA,NA,FALSE,NA
"4",4,0.229098207690099,FALSE,NA,NA,FALSE,NA
"5",5,0.165927639444555,TRUE,-0.112754732502773,0.824892299207759,FALSE,NA
"6",2,-0.335356323116237,FALSE,NA,NA,TRUE,4
"7",1,0.309716101931366,FALSE,NA,NA,TRUE,4
