"","X","V","Imp","rand"
"1",1,1,0.263421881531346,0.0558646063325927
"2",2,2,0.0104592115735222,0.00117552889662388
"3",3,3,0.309584822274311,0.331132131073019
"4",4,4,0.367215472502285,0.0420506420809763
"5",5,5,0.159226282345,0.319766144521644
