"","V1","effect_size","nonlinear","location","scale","interactions","V2"
"1",1,-0.024455589589032,TRUE,-0.6040780828365,0.658867762424052,FALSE,NA
"2",2,0.102270286855578,FALSE,NA,NA,FALSE,NA
"3",3,0.0161117432214448,FALSE,NA,NA,FALSE,NA
"4",4,0.566316205107011,TRUE,-0.719273936426791,0.371548576841769,FALSE,NA
"5",5,-0.39903168087885,TRUE,-0.0367592541514841,1.9382123722786,FALSE,NA
"6",1,-0.262823805669199,FALSE,NA,NA,TRUE,3
"7",3,0.0465014283354785,FALSE,NA,NA,TRUE,4
