"","X","V","Imp","rand"
"1",1,1,0.024336177153519,0.328127396583229
"2",2,2,0.0287552789325263,0.133582089045623
"3",3,3,0.165624550270164,0.0117561893993958
"4",4,4,0.0312250260112035,0.075822146657805
"5",5,5,9.81921096654812e-05,0.200707146115639
