"","X","V","Imp","rand"
"1",1,1,0.237952088585923,0.401805660380904
"2",2,2,0.0454140762264142,0.058842836679322
"3",3,3,0.178921747035598,0.0981071602759857
"4",4,4,0.424029873722747,0.135661927733672
"5",5,5,0.000819771803293715,0.0555601508151974
