"","X","V","Imp","rand"
"1",1,1,0.024336177153519,0.25555712634656
"2",2,2,0.0287552789325263,0.0770551547692321
"3",3,3,0.165624550270164,0.194880155832359
"4",4,4,0.0312250260112035,0.0312990530827862
"5",5,5,9.81921096654812e-05,0.191207302069968
