"","V1","effect_size","nonlinear","location","scale","interactions","V2"
"1",1,-0.487803329822504,TRUE,0.0718359584034444,1.64805795430186,FALSE,NA
"2",2,0.213105786468632,FALSE,NA,NA,FALSE,NA
"3",3,0.026869132119931,FALSE,NA,NA,FALSE,NA
"4",4,-0.495812542144737,TRUE,1.08857382377013,2.41464048425171,FALSE,NA
"5",5,-0.0286316573619781,TRUE,-0.697310181610477,0.0974817894041748,FALSE,NA
"6",3,0.17819979677472,FALSE,NA,NA,TRUE,4
