"","X","V","Imp","rand"
"1",1,1,0.0205549083175053,0.480864691820915
"2",2,2,0.0277740721043056,0.129047009546225
"3",3,3,0.00033471579735896,0.117136155916176
"4",4,4,0.447471658628794,0.00523603522450566
"5",5,5,0.446620568006871,0.0176416449504764
