"","V1","effect_size","nonlinear","location","scale","interactions","V2"
"1",1,-0.143369830569424,TRUE,-0.339948242239481,0.374727173898041,FALSE,NA
"2",2,0.166655549275461,FALSE,NA,NA,FALSE,NA
"3",3,-0.0182952397458727,TRUE,-0.016382054277018,0.185525901231673,FALSE,NA
"4",4,0.0419852565352649,FALSE,NA,NA,FALSE,NA
"5",5,-0.0301938925017802,TRUE,0.189388432775574,0.452649845741689,FALSE,NA
"6",4,0.445708896862462,FALSE,NA,NA,TRUE,5
