"","X","V","Imp","rand"
"1",1,1,0.147450661035617,0.121859120841434
"2",2,2,0.0139071995036756,0.0432966450048514
"3",3,3,0.375091072694596,0.0283686674610935
"4",4,4,0.025467700171376,0.190908078778391
"5",5,5,0.000574084771238264,0.365560015935627
