"","X","V","Imp","rand"
"1",1,1,0.147450661035617,0.0159340716732081
"2",2,2,0.0139071995036756,0.0140250883450675
"3",3,3,0.375091072694596,0.0154322440865258
"4",4,4,0.025467700171376,0.669535457792681
"5",5,5,0.000574084771238264,0.0350659373389671
