"","X","V","Imp","rand"
"1",1,1,0.193647198705926,0.29315801257298
"2",2,2,0.0639309400167426,0.00214053453042864
"3",3,3,0.229078123073569,0.436467084224744
"4",4,4,0.0492005206881846,0.0131420549349102
"5",5,5,0.0462156420017955,0.00509168663584285
