"","X","V","Imp","rand"
"1",1,1,0.113388247870659,0.00199920238861426
"2",2,2,0.0465090567024241,0.0197902853335519
"3",3,3,0.309905930063702,0.0060603697047807
"4",4,4,0.137023279810995,0.339027413299552
"5",5,5,0.192189587453909,0.383116792535138
