"","X","V","Imp","rand"
"1",1,1,0.0290602441611816,0.00472274037113224
"2",2,2,0.00172319533660044,0.448656844031392
"3",3,3,0.0497046113466737,0.00085249466650926
"4",4,4,0.00224836944982254,0.00688156216975171
"5",5,5,0.0268446233910454,0.00359869313723267
"6",6,6,0.00379908473835777,0.140822800929335
"7",7,7,2.27528662890119e-05,0.0449427259831786
"8",8,8,0.00689710537441264,0.077729066379922
"9",9,9,0.0271327191557181,0.0165273583914267
"10",10,10,0.00175278878144526,0.00526452812055109
