"","X","V","Imp","rand"
"1",1,1,0.059807013606601,0.00200990860459513
"2",2,2,0.064484657552026,0.255469615946898
"3",3,3,0.0252337257528186,0.328447515852541
"4",4,4,0.184539200109536,0.0608472983066237
"5",5,5,0.228402813256194,0.103267567437743
