"","X","V","Imp","rand"
"1",1,1,0.0302474258376174,0.0786202072700679
"2",2,2,0.187320890567171,0.0172616065864121
"3",3,3,0.000424266291263701,0.0189289504537167
"4",4,4,0.0998405188808613,0.0999362587003998
"5",5,5,0.0129374606254544,0.196571882340834
"6",6,6,0.0737715204386204,0.00346366183134197
"7",7,7,0.259972986729953,0.029421052842731
"8",8,8,0.021706924157475,0.045955564875571
"9",9,9,0.00855435051332327,0.199656468625266
"10",10,10,0.194773080995888,0.0601763767590695
