"","X","V","Imp","rand"
"1",1,1,0.0203383265372236,0.0326461132836579
"2",2,2,0.0579402114090305,0.0145873710649353
"3",3,3,0.00170963308032475,0.000125668532514358
"4",4,4,0.00087026126271934,0.0989243244538126
"5",5,5,0.0101351085969225,0.0160336807732933
"6",6,6,0.265875974085105,0.210964430048189
"7",7,7,0.00977958595019127,0.000618714917556917
"8",8,8,0.0204302300730249,0.0170658180155804
"9",9,9,0.25159256332934,0.0755125508037802
"10",10,10,0.0341922757955278,0.283519973405601
