"","X","V","Imp","rand"
"1",1,1,0.011569215500601,0.1115638208905
"2",2,2,0.0109139066777839,0.00586734827394386
"3",3,3,0.222442851863699,0.0606498106982191
"4",4,4,0.213616361745298,0.139553888372621
"5",5,5,0.172322253250076,0.432353757920143
