"","X","V","Imp","rand"
"1",1,1,0.146919662306231,0.0998408737285485
"2",2,2,0.000883484943204321,0.397364423526973
"3",3,3,0.244554178192045,0.107797929313044
"4",4,4,0.0208459814586392,0.104702094818995
"5",5,5,0.105315262192635,0.0402519092326716
