"","V1","effect_size","nonlinear","location","scale","interactions","V2"
"1",1,-0.0919042231446233,TRUE,1.81195063684131,1.88569640173557,FALSE,NA
"2",2,-0.0297234746152653,TRUE,0.232894287281129,0.370907024946064,FALSE,NA
"3",3,-0.0385425562017141,FALSE,NA,NA,FALSE,NA
"4",4,0.144381375040686,FALSE,NA,NA,FALSE,NA
"5",5,-0.0268307419495951,TRUE,0.443925180057222,0.152865831204938,FALSE,NA
"6",3,0.104595373479069,FALSE,NA,NA,TRUE,5
"7",1,-0.138473276074414,FALSE,NA,NA,TRUE,3
