"","X","V","Imp","rand"
"1",1,1,0.00432141315934792,0.0152516343158616
"2",2,2,0.0795200416421852,0.293871172640234
"3",3,3,0.00554418269459476,0.00183994144453569
"4",4,4,1.9230324000795e-05,0.0358103691794709
"5",5,5,0.160594217570851,0.403222917415092
