"","X","V","Imp","rand"
"1",1,1,0.197798399317041,0.00269474414847798
"2",2,2,0.27779137318038,0.464642243351996
"3",3,3,0.509782880498411,0.250480487881975
"4",4,4,0.052084194812231,0.0273508129111619
"5",5,5,0.201073832389127,0.0048252541863186
