"","V1","effect_size","nonlinear","location","scale","interactions","V2"
"1",1,0.065737456288998,FALSE,NA,NA,FALSE,NA
"2",2,0.281992981547742,TRUE,-0.408041584671546,1.86977455756607,FALSE,NA
"3",3,0.0744592686950037,FALSE,NA,NA,FALSE,NA
"4",4,-0.00438523933221381,TRUE,-0.451415965135144,1.57957222478075,FALSE,NA
"5",5,0.400742083603471,TRUE,0.771277318954846,0.441306279972196,FALSE,NA
