"","V1","effect_size","nonlinear","location","scale","interactions","V2"
"1",1,-0.0485079023578567,TRUE,2.10219419171847,0.417217732872814,FALSE,NA
"2",2,-0.316740221926629,TRUE,-0.745838415791916,1.61531929729383,FALSE,NA
"3",3,-0.56065809346921,FALSE,NA,NA,FALSE,NA
"4",4,-0.228219619691715,FALSE,NA,NA,FALSE,NA
"5",5,0.153645134628067,TRUE,-1.32391308984187,0.367523501196217,FALSE,NA
"6",2,-0.17746700499425,FALSE,NA,NA,TRUE,5
"7",1,-0.195445382725882,FALSE,NA,NA,TRUE,3
