"","X","V","Imp","rand"
"1",1,1,0.0417270261191067,0.00404563195628764
"2",2,2,0.00639328772378358,0.0285642141864391
"3",3,3,0.0833295483308072,0.000123925185279198
"4",4,4,0.00715782825723489,0.212524366796187
"5",5,5,0.0146281213170199,0.0422194229234734
"6",6,6,0.026577965564993,0.111472356482557
"7",7,7,0.0995831182454581,0.00743301875416088
"8",8,8,0.000517354407158332,0.258397521889903
"9",9,9,0.0542670123271575,0.0580384268466898
"10",10,10,0.0210036924840911,0.0271643342975862
