"","X","V","Imp","rand"
"1",1,1,0.00886784401889758,0.182726167809619
"2",2,2,0.0536243027697049,0.567271004407006
