"","X","V","Imp","rand"
"1",1,1,0.379945999078295,0.144518187152224
"2",2,2,0.00106869566021956,0.00106803083880514
"3",3,3,0.0714091025568147,0.338002763979656
"4",4,4,0.0671459722755576,0.265754569865781
"5",5,5,0.474557808838648,0.00062015445684101
