"","X","V","Imp","rand"
"1",1,1,0.00206520248572003,0.0198219773110628
"2",2,2,0.000212575034140417,0.00152654115137079
"3",3,3,0.0382422559309884,0.00377595983892594
"4",4,4,0.00788658212962095,0.00584650096517784
"5",5,5,0.0271969256755018,0.0965894717803827
"6",6,6,0.0833465180283813,0.137834731953713
"7",7,7,0.117990736867177,0.0995894748665388
"8",8,8,0.0191260705633136,0.202702924409854
"9",9,9,1.13392748627367e-05,0.100975484402697
"10",10,10,0.0283207422837172,0.0812661348255228
