"","X","V","Imp","rand"
"1",1,1,0.131454163309712,0.0256724388212951
"2",2,2,0.00832013085424177,0.0085025090597126
"3",3,3,0.152844984174484,0.0322748202815907
"4",4,4,0.205703595376637,0.00749613413122411
"5",5,5,0.0194520868722237,0.0284371174102476
"6",6,6,0.00706726886161106,0.0867958830105377
"7",7,7,0.21242206678073,0.340180874016246
"8",8,8,0.00230542294272213,0.00343279254774835
"9",9,9,0.00349962583344377,0.032814240344728
"10",10,10,0.0483342732075627,0.184386400892543
