"","X","V","Imp","rand"
"1",1,1,0.131454163309712,0.0602170691139101
"2",2,2,0.00832013085424177,0.0834736435026556
"3",3,3,0.152844984174484,0.101893191864348
"4",4,4,0.205703595376637,0.0688008691010163
"5",5,5,0.0194520868722237,0.0194054785461365
"6",6,6,0.00706726886161106,0.0019402772752978
"7",7,7,0.21242206678073,0.0120730172925078
"8",8,8,0.00230542294272213,0.0468151149673868
"9",9,9,0.00349962583344377,0.00257290187286986
"10",10,10,0.0483342732075627,0.352789557307546
