"","X","V","Imp","rand"
"1",1,1,0.00372680559172913,0.000244975122408945
"2",2,2,0.000413022718374974,0.115674049787416
"3",3,3,0.00909667750885405,0.31586268522609
"4",4,4,0.000744902817638576,0.0965343507502178
"5",5,5,0.00443172587796103,0.042920727787173
"6",6,6,0.00121442834982987,0.00303224346048392
"7",7,7,0.0608345636800436,0.00799873684154
"8",8,8,0.0394086208024496,0.101569611323973
"9",9,9,0.102371505150684,0.0223548226459586
"10",10,10,0.0276933402923875,0.0437442088257633
