"","X","V","Imp","rand"
"1",1,1,0.142311399350182,0.230731637110667
"2",2,2,0.0937814149134493,0.000999212200329305
"3",3,3,0.0222072009565405,0.149163678318356
"4",4,4,0.00567395442613876,0.027261280256687
"5",5,5,0.00387215015378705,8.72641420334675e-05
"6",6,6,0.0188132359673458,0.0682953908263321
"7",7,7,0.00868190545030965,0.265074997084341
"8",8,8,0.115879034422779,0.00766270624050495
"9",9,9,0.0929435545270798,4.63742848470888e-06
"10",10,10,0.00515131184550549,0.000649343616001843
