"","X","V","Imp","rand"
"1",1,1,0.00527001510637375,0.0567703649186214
"2",2,2,0.0022766961371751,0.0190701177396379
"3",3,3,0.00440004594312806,0.185155068020516
"4",4,4,0.00808970811679357,0.14452464075041
"5",5,5,0.00494625700767732,0.00077779961124842
"6",6,6,0.00373141474232784,0.0852343813280251
"7",7,7,0.000950160272439789,0.151593211674541
"8",8,8,0.0011825477324508,0.00108002623105789
"9",9,9,1.08724108031168e-06,0.0566763761757263
"10",10,10,0.0316943437619431,0.0491135079017865
