"","X","V","Imp","rand"
"1",1,1,0.0955488682640772,0.00743936379784017
"2",2,2,0.0707457309888048,0.0484080947365531
"3",3,3,0.000666711033124056,0.162444410582831
"4",4,4,0.0339840597205277,0.261482192027051
"5",5,5,0.250369819335209,0.0163472103436193
"6",6,6,0.0772304192650912,0.0226913099584411
"7",7,7,0.0589493465300015,0.212584330387571
"8",8,8,0.00942250196692581,0.00779041673773457
"9",9,9,0.000195194955844487,0.00306631868907238
"10",10,10,0.0598944042587323,0.00774460245181779
