"","X","V","Imp","rand"
"1",1,1,0.238452954078975,0.541656771938679
"2",2,2,0.0557090833378499,1.86149028309873e-05
"3",3,3,0.202530502777419,0.192525486309002
"4",4,4,0.00634474947972675,0.0144008355717346
"5",5,5,0.059531433936169,0.00138119774734586
