"","X","V","Imp","rand"
"1",1,1,0.238452954078975,0.155393894487116
"2",2,2,0.0557090833378499,0.296513876544907
"3",3,3,0.202530502777419,0.0350239835882994
"4",4,4,0.00634474947972675,0.0424328447160317
"5",5,5,0.059531433936169,0.220626497962177
