"","X","V","Imp","rand"
"1",1,1,0.0124380445895447,0.0115426267914106
"2",2,2,0.0109655549794982,0.113974565369805
"3",3,3,0.00078874791960089,0.0174553767809609
"4",4,4,0.0161460056202947,0.0830333853440499
"5",5,5,0.0166502781776206,0.0463940860656689
"6",6,6,0.0355937645811758,0.33119365248062
"7",7,7,0.0103940448434934,0.13267509205737
"8",8,8,0.0328425334934788,0.012122303520557
"9",9,9,0.061686792649575,2.52170508918781e-06
"10",10,10,0.0524677565676444,0.00160438480502622
