"","V1","effect_size","nonlinear","location","scale","interactions","V2"
"1",1,0.111525981679359,0,NA,NA,FALSE,NA
"2",2,-0.104716545872647,0,NA,NA,FALSE,NA
"3",3,-0.0280846563019897,0,NA,NA,FALSE,NA
"4",4,-0.127066933622775,0,NA,NA,FALSE,NA
"5",5,0.129035956917522,0,NA,NA,FALSE,NA
"6",6,0.188663098090686,0,NA,NA,FALSE,NA
"7",7,-0.101951188533991,0,NA,NA,FALSE,NA
"8",8,0.181225090684151,0,NA,NA,FALSE,NA
"9",9,-0.248368260149269,0,NA,NA,FALSE,NA
"10",10,0.229058413003418,0,NA,NA,FALSE,NA
