"","X","V","Imp","rand"
"1",1,1,0.0336617254976961,0.186210906109206
"2",2,2,0.0973039707748614,0.249317039755195
"3",3,3,8.48866962122186e-06,0.231927715484442
"4",4,4,0.00410793457283683,0.00744884361037115
"5",5,5,0.498429333703861,0.0750945123927561
