"","X","V","Imp","rand"
"1",1,1,0.142895342326184,0.291717869703146
"2",2,2,0.0101892743089075,0.0134899738466457
"3",3,3,0.0428266757823143,0.0190807304809078
"4",4,4,0.0630731677539926,0.0204324152125006
"5",5,5,0.00609641609235427,0.0384954008187033
"6",6,6,0.00719964543077188,0.0154755657601578
"7",7,7,0.00220940606380195,0.292659463713447
"8",8,8,0.00330705193927678,0.021634998854048
"9",9,9,0.0549710195750155,1.71512038416408e-05
"10",10,10,0.0130123293222637,0.0369158041829852
