"","X","V","Imp","rand"
"1",1,1,0.000896814102487608,0.155837089932643
"2",2,2,0.17744673574456,0.0488571048602846
"3",3,3,0.0344134245029068,0.0105968064927714
"4",4,4,0.0163394961713294,0.176012321124701
"5",5,5,0.120752413721677,0.143049455628505
"6",6,6,0.00911630529490997,0.0681671624509631
"7",7,7,0.110792875625978,0.101028959560916
"8",8,8,0.00653385645773956,0.00870158685831539
"9",9,9,0.274732128854497,0.000987480346622305
"10",10,10,0.0841623541151988,0.036757306086915
