"","X","V","Imp","rand"
"1",1,1,0.0474899447583067,0.0302721832862635
"2",2,2,0.0186713324018948,0.0574204554433524
"3",3,3,0.0421827264349813,0.00892507909972709
"4",4,4,0.0333552615290424,0.00310406328492724
"5",5,5,0.00779312699941442,0.213266906444679
"6",6,6,0.0276806081905939,0.151897162560269
"7",7,7,0.0584201425955932,0.115827116616865
"8",8,8,0.0106267182449662,0.00121970919680713
"9",9,9,0.0363506322334007,0.10141508321024
"10",10,10,0.0048304683390177,0.0666451076171386
