"","X","V","Imp","rand"
"1",1,1,0.318292663272763,0.0227479053512873
"2",2,2,0.0298042721755888,0.346581913425102
"3",3,3,0.354222020138396,0.0827583085594912
"4",4,4,0.0191335216427541,0.180186485912851
"5",5,5,0.0195880510187623,0.117723601191745
