"","X","V","Imp","rand"
"1",1,1,0.00528573713632214,0.0974584024078331
"2",2,2,0.0215233096517044,0.00152421791618899
"3",3,3,0.00296480853248578,0.0462733817878774
"4",4,4,0.00390799625067228,0.588007269715837
"5",5,5,0.0288362099181173,0.0167330115897216
