"","X","V","Imp","rand"
"1",1,1,0.269518570146775,0.507012217709138
"2",2,2,0.355615358255368,0.242986155165868
