"","V1","effect_size","nonlinear","location","scale","interactions","V2"
"1",1,-0.0727030751503823,TRUE,0.0236935725600901,0.701384921016195,FALSE,NA
"2",2,-0.146708246706531,FALSE,NA,NA,FALSE,NA
"3",3,0.0544500553946989,FALSE,NA,NA,FALSE,NA
"4",4,-0.0625139684444387,TRUE,0.607840407898578,0.732179458107121,FALSE,NA
"5",5,-0.169812278466892,TRUE,1.42047178124204,3.47020675826708,FALSE,NA
