"","X","V","Imp","rand"
"1",1,1,0.197208826436707,0.0100156508713929
"2",2,2,0.0148367462962359,0.00407319962903036
"3",3,3,0.0293568437351462,1.87631925786709e-05
"4",4,4,0.0151214941405519,0.196127259999211
"5",5,5,0.0233948821614333,0.539761069123071
