"","V1","effect_size","nonlinear","location","scale","interactions","V2"
"1",1,-0.444082004180204,FALSE,NA,NA,FALSE,NA
"2",2,-0.121806183325133,TRUE,-0.682026821664434,0.509862984064966,FALSE,NA
"3",3,0.119451614782519,FALSE,NA,NA,FALSE,NA
"4",4,0.00577396566988042,TRUE,-0.203937334170096,0.513482568319887,FALSE,NA
"5",5,0.152953856314358,TRUE,0.0575112190129322,1.71584341294112,FALSE,NA
"6",3,0.0150881554609949,FALSE,NA,NA,TRUE,4
