"","X","V","Imp","rand"
"1",1,1,0.446734475993358,0.414187459067552
"2",2,2,0.322281162501548,0.335805376068212
