"","X","V","Imp","rand"
"1",1,1,0.00225962213673599,0.0503515030389765
"2",2,2,0.209719486097826,0.113807529200379
"3",3,3,0.104989932241766,0.361385779532321
"4",4,4,0.0696977418177141,0.042131464970124
"5",5,5,0.030857300450325,0.18231848039512
