"","X","V","Imp","rand"
"1",1,1,0.00794176376899601,3.49452908696348e-07
"2",2,2,0.000672460459801657,0.0751173252344675
"3",3,3,0.000152275864080848,0.0852910164763763
"4",4,4,0.0392245826994979,0.00542616727531304
"5",5,5,0.00619971325762775,0.00271805380422889
"6",6,6,0.021329692102753,0.100279403347176
"7",7,7,0.00874883195145402,0.381960225903582
"8",8,8,0.0168478345369401,0.0102576504491061
"9",9,9,0.000557043822000134,0.0430255574359376
"10",10,10,0.00114358158584841,0.0459022909348485
