"","X","V","Imp","rand"
"1",1,1,0.0316922464932576,0.00559660369809023
"2",2,2,0.00761129952154439,0.138807431440102
"3",3,3,0.0507766176787509,0.109261369050183
"4",4,4,0.0151038466887754,0.129673197654054
"5",5,5,0.252721891646415,0.0138258977903299
"6",6,6,0.0128517440595375,0.032247993768513
"7",7,7,0.00185389147975855,0.13415509377399
"8",8,8,0.00014653970730801,0.0816703226301985
"9",9,9,0.301623624016699,0.0154299636857704
"10",10,10,0.251446889164844,0.0893148570238136
