"","X","V","Imp","rand"
"1",1,1,0.0337792529302267,0.000189066217325235
"2",2,2,0.010574554801189,0.726402582250336
"3",3,3,0.0436219617784495,0.00802764965936855
"4",4,4,0.134661852655344,0.014254864650358
"5",5,5,0.0273533685141174,0.00112103001952741
