"","X","V","Imp","rand"
"1",1,1,0.120288073048122,0.326562855510228
"2",2,2,0.00141646581112622,0.000987931416978253
"3",3,3,0.131268719836779,0.148813321390147
"4",4,4,0.333650994083625,0.178666231962508
"5",5,5,0.179343816152287,0.0949688327480629
