"","V1","effect_size","nonlinear","location","scale","interactions","V2"
"1",1,-0.183791329855972,FALSE,NA,NA,FALSE,NA
"2",2,0.10283265435254,TRUE,0.721123495686855,2.21919618348095,FALSE,NA
"3",3,-0.208858712479153,TRUE,-0.0579797006973219,0.817565000574005,FALSE,NA
"4",4,0.36696301265297,TRUE,0.76268996843689,0.0814201219618874,FALSE,NA
"5",5,-0.165388538037306,FALSE,NA,NA,FALSE,NA
