"","X","V","Imp","rand"
"1",1,1,0.0260002675369685,0.164163559416154
"2",2,2,0.278960935341992,0.0163597121852402
"3",3,3,0.0375592591703962,0.00161588820594097
"4",4,4,0.000317542732104758,0.0180029315877314
"5",5,5,0.000122547966528563,0.00235498993659676
"6",6,6,0.00391748247785561,0.161454102927995
"7",7,7,0.116011606056353,0.133599912013341
"8",8,8,0.0100356541999468,0.0806996576213101
"9",9,9,0.00597638419201762,0.147597046690052
"10",10,10,0.0835841740756179,0.0241449924060987
