"","X","V","Imp","rand"
"1",1,1,0.00185995829441581,0.401509184205755
"2",2,2,0.0110061803882336,0.0209620344788863
"3",3,3,0.0187691003811031,0.0210206442546767
"4",4,4,0.12649222526021,0.0216231815030526
"5",5,5,0.0275745124781689,0.00121520327255289
"6",6,6,0.00237621888052383,0.120427430912478
"7",7,7,0.00307508081554262,0.023645513331078
"8",8,8,0.0260030061344656,0.0464611191270074
"9",9,9,0.0270969901571699,0.0575513082402388
"10",10,10,0.0057385833828367,0.0355534736763741
