"","X","V","Imp","rand"
"1",1,1,0.00185995829441581,0.0865451155375309
"2",2,2,0.0110061803882336,0.022373631047535
"3",3,3,0.0187691003811031,0.188215546417803
"4",4,4,0.12649222526021,0.212177894448296
"5",5,5,0.0275745124781689,0.00316746937710542
"6",6,6,0.00237621888052383,0.00857796124764124
"7",7,7,0.00307508081554262,0.176402117536342
"8",8,8,0.0260030061344656,0.00367523562848864
"9",9,9,0.0270969901571699,0.0476397341171387
"10",10,10,0.0057385833828367,0.00121352554933126
