"","V1","effect_size","nonlinear","location","scale","interactions","V2"
"1",1,-0.0431272337904463,0,NA,NA,FALSE,NA
"2",2,0.104910344524425,0,NA,NA,FALSE,NA
"3",3,-0.137000366353901,0,NA,NA,FALSE,NA
"4",4,0.355657454948171,0,NA,NA,FALSE,NA
"5",5,-0.166055751114404,0,NA,NA,FALSE,NA
"6",6,-0.0487464755702792,0,NA,NA,FALSE,NA
"7",7,0.0554534112164673,0,NA,NA,FALSE,NA
"8",8,0.161254476323808,0,NA,NA,FALSE,NA
"9",9,-0.164611634331143,0,NA,NA,FALSE,NA
"10",10,-0.0757534380925163,0,NA,NA,FALSE,NA
