"","V1","effect_size","nonlinear","location","scale","interactions","V2"
"1",1,0.161245984560759,0,NA,NA,FALSE,NA
"2",2,0.528167525830576,0,NA,NA,FALSE,NA
"3",3,-0.193802113431191,0,NA,NA,FALSE,NA
"4",4,-0.0178197287326367,0,NA,NA,FALSE,NA
"5",5,-0.011070138505392,0,NA,NA,FALSE,NA
"6",6,-0.0625897953172529,0,NA,NA,FALSE,NA
"7",7,0.340604765169769,0,NA,NA,FALSE,NA
"8",8,0.100178112379635,0,NA,NA,FALSE,NA
"9",9,0.0773070772440507,0,NA,NA,FALSE,NA
"10",10,-0.289109277048693,0,NA,NA,FALSE,NA
