"","X","V","Imp","rand"
"1",1,1,0.000493168487190581,0.328060000444879
"2",2,2,0.0410642488836504,0.18737506611509
"3",3,3,0.00424233600659388,0.228170196861667
"4",4,4,0.00408169974747716,0.00643906527541016
"5",5,5,0.0126084777245381,1.44665478676267e-06
