"","X","V","Imp","rand"
"1",1,1,1.62892888882812e-05,0.202086684178212
"2",2,2,0.000134932210310828,0.260103101447742
"3",3,3,0.0209333571931633,0.102875962542689
"4",4,4,0.00227507993904566,0.0862495251584768
"5",5,5,0.0127978023935904,0.00340699026297366
"6",6,6,0.0147751895205432,3.99867379785355e-05
"7",7,7,0.00172760988529866,0.0100802430081165
"8",8,8,0.00516238908758917,0.0176701519063129
"9",9,9,0.00444514324754327,0.0183692926149474
"10",10,10,0.000171894586593429,0.0491088994186819
