"","V1","effect_size","nonlinear","location","scale","interactions","V2"
"1",1,0.00403599911896437,0,NA,NA,FALSE,NA
"2",2,-0.0116160324685681,0,NA,NA,FALSE,NA
"3",3,-0.144683645216601,0,NA,NA,FALSE,NA
"4",4,-0.0476977980523804,0,NA,NA,FALSE,NA
"5",5,0.113127372432981,0,NA,NA,FALSE,NA
"6",6,0.121553237392277,0,NA,NA,FALSE,NA
"7",7,0.0415645267662061,0,NA,NA,FALSE,NA
"8",8,-0.0718497674845867,0,NA,NA,FALSE,NA
"9",9,0.0666719074839116,0,NA,NA,FALSE,NA
"10",10,0.0131108575842097,0,NA,NA,FALSE,NA
