"","X","V","Imp","rand"
"1",1,1,0.391816376981274,0.539554498270178
"2",2,2,0.0644900372305959,0.00384109335157317
"3",3,3,0.0188348180544047,0.0336308036532783
"4",4,4,0.422415704649473,0.0480843158696634
"5",5,5,0.0478628698395652,0.124883666423166
