"","X","V","Imp","rand"
"1",1,1,0.000747901025087138,0.0269264540914766
"2",2,2,0.2089223032816,0.0391121841012855
"3",3,3,0.130267674053991,0.0441988181740926
"4",4,4,0.00547345390693239,0.0479053256803948
"5",5,5,0.00214899394147868,0.0343375172459291
"6",6,6,0.0024361100723681,0.0884474388300165
"7",7,7,0.0940637130005152,0.220849164682463
"8",8,8,0.0756326971917207,0.105954273586761
"9",9,9,0.0265455490312083,0.0600617994466755
"10",10,10,0.0162557328965967,0.0822060010437232
