"","X","V","Imp","rand"
"1",1,1,0.00498354379184437,0.195855600725324
"2",2,2,0.0203964642015339,8.57321372843184e-05
"3",3,3,0.000648591635909714,0.0378895647564763
"4",4,4,2.73721867330613e-05,0.0299097010644131
"5",5,5,0.00208921288284152,0.00888870827703656
"6",6,6,0.0101700746439674,0.107997377222177
"7",7,7,0.0168461256445417,0.0715839469749456
"8",8,8,0.00143869086202861,0.292341871654334
"9",9,9,0.00291360484840001,0.00195342907252464
"10",10,10,0.0029812471269684,0.00347618733499198
