"","X","V","Imp","rand"
"1",1,1,0.00100986841865424,0.0471111350912698
"2",2,2,0.00520024724667239,0.138215707662939
"3",3,3,0.0252619781266734,0.00230375398164695
"4",4,4,0.00373292117460415,0.375885841026085
"5",5,5,0.0272761172714547,0.186480606087195
