"","V1","effect_size","nonlinear","location","scale","interactions","V2"
"1",1,0.0705942192523182,0,NA,NA,FALSE,NA
"2",2,0.142816190264038,0,NA,NA,FALSE,NA
"3",3,0.0254674622981897,0,NA,NA,FALSE,NA
"4",4,0.00523184353101861,0,NA,NA,FALSE,NA
"5",5,-0.045707908318381,0,NA,NA,FALSE,NA
"6",6,-0.100846787970502,0,NA,NA,FALSE,NA
"7",7,-0.129792625539904,0,NA,NA,FALSE,NA
"8",8,-0.0379300785924391,0,NA,NA,FALSE,NA
"9",9,0.0539778181144812,0,NA,NA,FALSE,NA
"10",10,0.0546007978601815,0,NA,NA,FALSE,NA
