"","X","V","Imp","rand"
"1",1,1,0.171382413052538,5.73114504955563e-05
"2",2,2,0.366515129751806,0.645624095435711
"3",3,3,0.140861601035512,0.0218406335406224
"4",4,4,0.138290318830963,0.00979158670788445
"5",5,5,0.543746983521395,0.0726825664306223
