"","X","V","Imp","rand"
"1",1,1,0.202456285206836,0.0420877615715004
"2",2,2,0.216284978183021,0.707911611511807
