"","X","V","Imp","rand"
"1",1,1,0.0660870979962961,0.00416127897975418
"2",2,2,0.0666907309824041,0.0889029838610483
"3",3,3,0.00784545486467036,0.0153917750135521
"4",4,4,0.00279151972414907,0.012900444065174
"5",5,5,0.079379299150236,0.128307798136544
"6",6,6,0.146740485931363,0.0223983034220932
"7",7,7,0.0161882959159255,0.0799646232734633
"8",8,8,0.156925258793067,0.194565829644467
"9",9,9,0.047555011853927,0.199193445187621
"10",10,10,0.0298529955806104,0.00421244462943226
