"","X","V","Imp","rand"
"1",1,1,0.262397539108344,0.0197649857382474
"2",2,2,0.443493153070317,0.0188928633538756
"3",3,3,0.0577658456814791,0.686216919852491
"4",4,4,0.500950808905327,0.00701586862528689
"5",5,5,0.44205011629192,0.0181080308679407
