"","X","V","Imp","rand"
"1",1,1,0.00805276070546705,0.0296783394998194
"2",2,2,0.113784652550697,0.0017476270244348
"3",3,3,0.000111302159828476,0.186298735540921
"4",4,4,0.0206963830713036,0.00881603663942787
"5",5,5,0.0705489571144984,0.00144268991249677
"6",6,6,0.0243894299146893,0.054825574528022
"7",7,7,0.0432701484304692,0.0114106688529515
"8",8,8,0.0885270851390752,0.109130967037486
"9",9,9,0.00739537914311538,0.301677203931258
"10",10,10,0.00670737763792599,0.0449030811058175
