"","X","V","Imp","rand"
"1",1,1,0.200442517462173,0.428405251575454
"2",2,2,0.0495524862393042,0.321633918220619
