"","X","V","Imp","rand"
"1",1,1,0.0924266489409656,0.1162798131143
"2",2,2,0.00270932826777785,0.311416130182918
"3",3,3,0.0418690127364175,0.00150327931222729
"4",4,4,0.000316081835076,0.00736752092547623
"5",5,5,1.43568942742508e-05,0.194284070029408
"6",6,6,2.38700379070886e-07,0.0317623959089736
"7",7,7,0.00439607286948681,0.00467504911146718
"8",8,8,0.00416147084464459,0.0365073801693684
"9",9,9,7.45893130076805e-05,0.0449065097377418
"10",10,10,0.104027429390608,0.00118588249402348
