"","X","V","Imp","rand"
"1",1,1,4.45121515751416e-05,0.0714913982307464
"2",2,2,0.0037331283153046,0.120665384695798
"3",3,3,0.0773480220794721,0.00950723154504964
"4",4,4,0.0694691410439389,0.209857497060975
"5",5,5,0.00597760992304207,0.0466373037895417
"6",6,6,6.61600123882123e-05,0.108056976514476
"7",7,7,0.0722191050856124,0.104959933435863
"8",8,8,0.0989842238412398,0.0468871523265882
"9",9,9,0.00779241346885865,0.000770903577938568
"10",10,10,0.000108910561075792,0.0310665397347315
