"","V1","effect_size","nonlinear","location","scale","interactions","V2"
"1",1,0.304017514201017,0,NA,NA,FALSE,NA
"2",2,-0.0520512081298585,0,NA,NA,FALSE,NA
"3",3,0.204619189560553,0,NA,NA,FALSE,NA
"4",4,0.0177786904769727,0,NA,NA,FALSE,NA
"5",5,0.00378904925730067,0,NA,NA,FALSE,NA
"6",6,0.00048856972795179,0,NA,NA,FALSE,NA
"7",7,0.0663028873389901,0,NA,NA,FALSE,NA
"8",8,0.0645094632177682,0,NA,NA,FALSE,NA
"9",9,-0.00863651046474677,0,NA,NA,FALSE,NA
"10",10,-0.322532834593019,0,NA,NA,FALSE,NA
