"","X","V","Imp","rand"
"1",1,1,0.00541489631129442,0.0110993526276947
"2",2,2,0.0174850046075921,0.28746075167689
"3",3,3,0.0470303007376267,0.011169660483232
"4",4,4,0.144683681401402,0.440216171052012
"5",5,5,0.0976103569220904,2.64421244232936e-05
