"","V1","effect_size","nonlinear","location","scale","interactions","V2"
"1",1,-0.0735859790401298,FALSE,NA,NA,FALSE,NA
"2",2,-0.132230876150739,FALSE,NA,NA,FALSE,NA
"3",3,-0.117809604502661,FALSE,NA,NA,FALSE,NA
"4",4,-0.120708007516493,TRUE,0.998245672933436,0.520949264522642,FALSE,NA
"5",5,-0.0254616657711749,FALSE,NA,NA,FALSE,NA
"6",4,0.0969620604982474,FALSE,NA,NA,TRUE,5
"7",3,-0.0331511978245533,FALSE,NA,NA,TRUE,4
