"","X","V","Imp","rand"
"1",1,1,0.112897499929624,0.320882206775119
"2",2,2,0.29392955045436,0.429112978827184
