"","X","V","Imp","rand"
"1",1,1,0.00780078324385524,0.0230012189197969
"2",2,2,1.78761780370634e-06,0.450069890646523
"3",3,3,6.75079139485974e-05,0.0227993044035109
"4",4,4,0.000601954861126438,0.252048719468753
"5",5,5,0.0540275035894744,0.00207510217731978
