"","X","V","Imp","rand"
"1",1,1,0.0150156057849122,0.272182163379853
"2",2,2,0.0168873405535919,0.282698511723634
"3",3,3,0.0369007070035764,0.0436770859712005
"4",4,4,0.16116882927011,0.0526173554336995
"5",5,5,0.020053635375879,0.0988116442244774
