"","V1","effect_size","nonlinear","location","scale","interactions","V2"
"1",1,-0.122538180927057,FALSE,NA,NA,FALSE,NA
"2",2,-0.129951300699885,TRUE,0.00854772800778757,1.01802244591982,FALSE,NA
"3",3,0.192095567370974,FALSE,NA,NA,FALSE,NA
"4",4,0.401458378004632,TRUE,-0.630658008907392,0.824749782639456,FALSE,NA
"5",5,-0.14161085896173,TRUE,1.2346075348887,0.0437745777890086,FALSE,NA
