"","X","V","Imp","rand"
"1",1,1,0.479783216765415,0.0357406942040189
"2",2,2,0.371705849388816,0.714255336401943
