"","X","V","Imp","rand"
"1",1,1,0.00705193060637726,0.0392133137813763
"2",2,2,0.0678285732722405,0.109704913616758
"3",3,3,0.0182175981492247,0.00736984567267737
"4",4,4,0.0387716906511353,0.0474796906208349
"5",5,5,0.139185129224845,0.0476582433544679
"6",6,6,0.0079687206453558,0.281861964711394
"7",7,7,0.000564136182166189,0.00127531708586981
"8",8,8,0.0170784296941993,0.121194783770469
"9",9,9,0.0725484314761823,0.0891263614491338
"10",10,10,0.138265363070782,0.00511142029028924
