"","X","V","Imp","rand"
"1",1,1,0.00882090293860049,0.346580456391091
"2",2,2,0.121925402408039,0.119906782140164
"3",3,3,0.00198434551024656,0.0340734496901848
"4",4,4,2.32739503585506e-05,0.00639683052359234
"5",5,5,0.000569585713062881,0.112647800891459
"6",6,6,0.113463040921883,0.0114389855990143
"7",7,7,0.0109922142366002,0.0249061152081173
"8",8,8,5.49554801490827e-05,0.0225852490410481
"9",9,9,0.108732701553583,0.0592937391596809
"10",10,10,0.121809492463999,0.0120962975652256
