"","X","V","Imp","rand"
"1",1,1,0.000896109918042475,0.00843354178607126
"2",2,2,0.000664348791789856,0.0119902858374933
"3",3,3,0.0978313230397079,0.0163405180837992
"4",4,4,0.00254398407038557,0.0206817675934091
"5",5,5,0.0994894441948739,0.136129357874042
"6",6,6,0.000934698064199289,0.0837682498815231
"7",7,7,0.000107097725811791,0.366457377929206
"8",8,8,0.00598685699514203,0.0425135641366464
"9",9,9,0.0319695491820918,0.0628815674280439
"10",10,10,0.00736731015012472,0.000800437787065186
