"","X","V","Imp","rand"
"1",1,1,0.115523410538874,0.0103396387444562
"2",2,2,0.0496034262629585,0.145439109660082
"3",3,3,0.00608109507340261,0.167049718387916
"4",4,4,0.410602587168498,0.326394548842881
"5",5,5,0.048025304676737,0.100708399243333
