"","X","V","Imp","rand"
"1",1,1,0.115523410538874,0.202660955203605
"2",2,2,0.0496034262629585,0.000161816808931487
"3",3,3,0.00608109507340261,0.142783947910385
"4",4,4,0.410602587168498,0.00104028448799239
"5",5,5,0.048025304676737,0.403341184266791
