"","X","V","Imp","rand"
"1",1,1,0.072309207937662,0.00292257263204017
"2",2,2,0.0325909532771411,0.0117945850837006
"3",3,3,0.053379968748141,0.0319402527772641
"4",4,4,0.0617868992322379,0.45907051569597
"5",5,5,0.0299172883775187,0.2442711741342
