"","X","V","Imp","rand"
"1",1,1,0.0123638115273573,0.0226257972659009
"2",2,2,0.00533415680183113,0.0351197322107615
"3",3,3,0.230927639201049,0.0702819221624469
"4",4,4,0.0279493498615592,0.104124312254101
"5",5,5,0.202235493196654,0.0213899895251541
"6",6,6,0.0012545664846675,0.186332460988372
"7",7,7,0.228351242143207,0.0144514890984012
"8",8,8,0.224652234491202,0.0041111466336317
"9",9,9,0.0159180761275227,0.104867404758676
"10",10,10,0.0263923486871701,0.186695091092199
