"","X","V","Imp","rand"
"1",1,1,0.00116220589608787,0.159238763461475
"2",2,2,0.000110979674973911,0.0121753818998717
"3",3,3,0.00334793032731982,0.00493254555677338
"4",4,4,0.215225758366863,0.0129410720477927
"5",5,5,0.0563584896667438,0.000867231719945532
"6",6,6,0.0128239277981937,0.150076664701132
"7",7,7,0.172020820153084,0.0181798077627387
"8",8,8,0.00985940588390898,0.296864578134319
"9",9,9,0.0664429572905941,0.0350849269865251
"10",10,10,0.354334579646558,0.0596250803997223
