"","X","V","Imp","rand"
"1",1,1,0.0646009379253573,0.353971040325977
"2",2,2,0.0262602043960179,0.000352242088163447
"3",3,3,0.0137626734519198,0.325089541977777
"4",4,4,0.00582053773759867,0.0248641033428458
"5",5,5,0.0020811552370942,0.0458145060206026
