"","X","V","Imp","rand"
"1",1,1,0.591734851975932,0.0106751832644382
"2",2,2,0.138775367800892,0.00393691877130856
"3",3,3,0.0130505477674493,0.143681123465222
"4",4,4,0.0644325685294612,0.281113762219858
"5",5,5,0.00407406401971306,0.310585981477141
