"","X","V","Imp","rand"
"1",1,1,0.0581845143385977,0.22824705564599
"2",2,2,0.0397983390550136,0.131808672360346
"3",3,3,0.327040899783286,0.188257713390583
"4",4,4,0.184122703768803,0.201066955064499
"5",5,5,0.180241650837829,0.000613261101615111
