"","X","V","Imp","rand"
"1",1,1,0.00115742700648131,0.0696972919648335
"2",2,2,0.00648129902114258,0.0506904336656231
"3",3,3,0.000968926513908872,0.00430520057741279
"4",4,4,0.006940266378105,0.029243235546592
"5",5,5,0.251415055282206,0.000554206538978796
"6",6,6,0.130688025862928,0.16944507273493
"7",7,7,0.00126466201265925,0.402857483448795
"8",8,8,0.0207749191947504,0.000701113230758429
"9",9,9,0.0097391699126451,0.0193528945256961
"10",10,10,0.133066090050014,0.00321260731516214
