"","X","V","Imp","rand"
"1",1,1,0.14308271373776,0.000434964066183387
"2",2,2,0.36746976147416,0.157558284943697
"3",3,3,0.259733890627628,0.118892167581943
"4",4,4,0.0139361326152802,0.000381529074926343
"5",5,5,0.113105647670546,0.472696287281181
