"","X","V","Imp","rand"
"1",1,1,0.14308271373776,0.00538342899641453
"2",2,2,0.36746976147416,0.160000044565137
"3",3,3,0.259733890627628,0.56536719455003
"4",4,4,0.0139361326152802,0.0172405232854124
"5",5,5,0.113105647670546,0.00210853158499243
