"","V1","effect_size","nonlinear","location","scale","interactions","V2"
"1",1,0.174358667843609,TRUE,-1.6861834620694,1.5133816282356,FALSE,NA
"2",2,0.0816919589231545,TRUE,0.52202657435398,0.672649361658841,FALSE,NA
"3",3,-0.107793663968398,FALSE,NA,NA,FALSE,NA
"4",4,0.118051398192822,FALSE,NA,NA,FALSE,NA
"5",5,0.33631183099996,TRUE,0.687789011924488,0.56772934878245,FALSE,NA
"6",1,0.112681768685562,FALSE,NA,NA,TRUE,2
"7",2,-0.248114416635896,FALSE,NA,NA,TRUE,3
