"","X","V","Imp","rand"
"1",1,1,0.0107216569926191,0.00253943226540269
"2",2,2,0.000153540241634092,0.217836576360945
"3",3,3,0.0285419424806897,0.0487341449209914
"4",4,4,0.0190631676285277,0.0316580667857798
"5",5,5,0.0185522197068087,0.0889964942702572
"6",6,6,0.00205118591578358,0.178405769764327
"7",7,7,0.00131039743437879,0.000498041713086696
"8",8,8,0.00014782593510533,0.00276088260594215
"9",9,9,0.0190240337877797,0.0786828350656421
"10",10,10,0.000631210353853853,0.0998721489963487
