"","X","V","Imp","rand"
"1",1,1,0.390316536232661,0.528120240841565
"2",2,2,0.240548510292475,0.0256895122204301
"3",3,3,0.382960627859207,0.167802114173211
"4",4,4,0.189263777880836,0.00114091640534217
"5",5,5,0.0451450717558225,0.027163266470624
