"","X","V","Imp","rand"
"1",1,1,0.0007192632214995,0.110780679339856
"2",2,2,0.109108210532965,0.0248110375717464
"3",3,3,0.279473675890722,2.11081605139888e-05
"4",4,4,0.0188506274932784,0.00408236451989872
"5",5,5,0.0238993125111574,0.0220332518762055
"6",6,6,0.257229961046189,0.447080769862684
"7",7,7,0.0415487042780629,0.0606588036773091
"8",8,8,0.0137435981211511,0.0415480756284696
"9",9,9,0.263911926079947,0.0380752535300825
"10",10,10,0.00191784068212475,0.000896143616481228
