"","X","V","Imp","rand"
"1",1,1,0.128796530518597,0.303656889631159
"2",2,2,0.044882266606392,0.209703378144586
"3",3,3,0.085583457467488,0.016790040812182
"4",4,4,0.0970968953898884,0.100837643515282
"5",5,5,0.057281714579066,0.118871140402073
