"","V1","effect_size","nonlinear","location","scale","interactions","V2"
"1",1,-0.293144430951841,TRUE,-0.917126798344427,0.806142993229342,FALSE,NA
"2",2,0.0449376622208291,TRUE,-1.67718972754891,3.41993758810644,FALSE,NA
"3",3,0.211842825824068,FALSE,NA,NA,FALSE,NA
"4",4,0.311603747393847,TRUE,-0.781869019976577,1.46298295809867,FALSE,NA
"5",5,0.12874641728881,FALSE,NA,NA,FALSE,NA
"6",1,-0.0428628731205187,FALSE,NA,NA,TRUE,2
"7",3,0.0407060746143616,FALSE,NA,NA,TRUE,5
