"","X","V","Imp","rand"
"1",1,1,0.389774182265139,0.000197395142467713
"2",2,2,0.00111566720317972,0.092379681163378
"3",3,3,0.0997674939293726,0.126195154948311
"4",4,4,0.00483426165585166,0.204611470564671
"5",5,5,0.0818548275257818,0.0322750295942675
"6",6,6,0.00724534945827611,0.152558607253286
"7",7,7,0.000342957222781112,0.0136973465516922
"8",8,8,0.0102388551084459,0.0869033215048855
"9",9,9,0.155925396026864,0.000572404340919931
"10",10,10,4.36685416510484e-05,0.0405958695911117
