"","X","V","Imp","rand"
"1",1,1,0.00183191945519315,0.127766919876073
"2",2,2,0.000686420063530669,0.11286989780006
"3",3,3,2.20647785360122e-05,0.00234786267407622
"4",4,4,0.0408180715741134,0.0192524647910981
"5",5,5,0.00474109532527125,0.0266728772480414
"6",6,6,0.0232500393035737,0.0626366175104563
"7",7,7,0.049212974895912,0.102037682638714
"8",8,8,0.0524813142385863,0.241787914716377
"9",9,9,0.00575028565367819,0.053737052407054
"10",10,10,0.0531927668528801,0.000889110997155634
