"","X","V","Imp","rand"
"1",1,1,0.0267202322450193,0.532274439044675
"2",2,2,0.0208528677290588,0.0811694950916095
"3",3,3,0.0861622207534678,0.0389438363506329
"4",4,4,0.00145151081327961,0.0919866906727292
"5",5,5,0.0834089633633056,0.00560345193669474
