"","V1","effect_size","nonlinear","location","scale","interactions","V2"
"1",1,-0.16346324432428,FALSE,NA,NA,FALSE,NA
"2",2,-0.144405220574115,TRUE,0.0872827009132338,0.0921052215563537,FALSE,NA
"3",3,-0.0692702303404522,TRUE,0.0716715532266252,1.85111749350073,FALSE,NA
"4",4,0.0380986983147668,FALSE,NA,NA,FALSE,NA
"5",5,-0.0452228639214398,TRUE,0.612864083600188,0.184560646302998,FALSE,NA
"6",3,-0.0813638559420485,FALSE,NA,NA,TRUE,5
