"","X","V","Imp","rand"
"1",1,1,0.138296811857081,0.543983652995143
"2",2,2,0.0601817115501249,0.00251417353184777
"3",3,3,0.000164060234038337,0.0106203158943005
"4",4,4,0.0393400869346072,0.000757155655725384
"5",5,5,0.011995058866683,0.192235180941731
