"","X","V","Imp","rand"
"1",1,1,0.0133744898830123,0.0295356508595678
"2",2,2,0.129801206809669,0.118970720874158
"3",3,3,0.00022657422684513,0.000244406040512415
"4",4,4,0.167989687009295,0.0703625901998116
"5",5,5,0.00038877047346408,0.014508075352631
"6",6,6,0.0260495454666579,0.318021783481579
"7",7,7,0.000857369624796738,0.162440687154673
"8",8,8,0.00293122002496579,0.00302618436328766
"9",9,9,0.0626638329986269,0.000113646089693491
"10",10,10,7.66544966875434e-06,0.0327541645933991
