"","V1","effect_size","nonlinear","location","scale","interactions","V2"
"1",1,0.371882793171559,TRUE,1.26417113432357,0.231168584432453,FALSE,NA
"2",2,-0.245319611018208,TRUE,-0.73097448883599,1.07448575460921,FALSE,NA
"3",3,0.012808600003058,FALSE,NA,NA,FALSE,NA
"4",4,0.198343356164524,TRUE,-1.36371771924493,0.448814419217063,FALSE,NA
"5",5,-0.109521956094123,FALSE,NA,NA,FALSE,NA
