"","X","V","Imp","rand"
"1",1,1,0.0814763857419058,0.235038778668514
"2",2,2,0.0347810475919471,0.0678106498850971
"3",3,3,0.0532295457419241,0.0236049225782416
"4",4,4,0.0168190419322955,0.024959354847607
"5",5,5,0.0233601107150353,0.0046383033756456
"6",6,6,0.371168798134287,0.070257521233591
"7",7,7,0.0602142250702176,0.00348293730391164
"8",8,8,0.00227357148366257,0.0630297342818886
"9",9,9,0.391347554448775,0.195382730602516
"10",10,10,0.0741858860365876,0.061765605856468
