"","X","V","Imp","rand"
"1",1,1,0.0814763857419058,0.0941163340395349
"2",2,2,0.0347810475919471,0.041567634777215
"3",3,3,0.0532295457419241,0.00243334929568014
"4",4,4,0.0168190419322955,0.526417706530493
"5",5,5,0.0233601107150353,0.0155089716187324
"6",6,6,0.371168798134287,0.00673598097826362
"7",7,7,0.0602142250702176,0.00215487575589153
"8",8,8,0.00227357148366257,0.0543307105223177
"9",9,9,0.391347554448775,0.00663560342180614
"10",10,10,0.0741858860365876,2.00635950530614e-05
