"","X","V","Imp","rand"
"1",1,1,0.405048638739082,0.112798437545275
"2",2,2,0.153938865138254,0.00207539193425364
"3",3,3,0.0189975496349408,0.39047255336737
"4",4,4,0.0743406510108417,0.141717490385085
"5",5,5,0.484646675770186,0.102933975398596
