"","X","V","Imp","rand"
"1",1,1,0.0689911047246085,0.0383228655924819
"2",2,2,0.0506383552647604,0.207138442658331
"3",3,3,0.0793971234844726,0.0149748048427513
"4",4,4,0.000462062781679002,0.277977088662719
"5",5,5,0.0036344605196299,0.0546698919549995
"6",6,6,0.0174232319717803,0.0183631229762042
"7",7,7,0.00178164200666782,0.0152730445503485
"8",8,8,0.0185424264033686,0.119541475724557
"9",9,9,0.0032447460907834,0.00261971597952433
"10",10,10,0.0123935198617609,0.00111192835058282
