"","V1","effect_size","nonlinear","location","scale","interactions","V2"
"1",1,0.239439910019935,FALSE,NA,NA,FALSE,NA
"2",2,-0.392350436648481,TRUE,-0.794965315904905,0.768521766054617,FALSE,NA
"3",3,0.137831598826034,TRUE,0.371494404063839,1.72204124732854,FALSE,NA
"4",4,-0.272654820259686,FALSE,NA,NA,FALSE,NA
"5",5,0.370039872907581,TRUE,0.395025433327785,0.739111602252853,FALSE,NA
"6",1,-0.347717168228727,FALSE,NA,NA,TRUE,5
