"","X","V","Imp","rand"
"1",1,1,0.00358502335112422,0.00129777309103616
"2",2,2,0.00310356438740645,0.0185151134695
"3",3,3,0.00871603618621117,4.53779956524399e-05
"4",4,4,0.0205540932532283,0.183992820558394
"5",5,5,0.00565133132705766,0.0364911646403853
"6",6,6,0.00203748323682711,0.00158307328177509
"7",7,7,0.00121469850451415,0.29689283461423
"8",8,8,0.0160573417184292,0.00363498965704288
"9",9,9,0.000144248300426389,0.065398798648076
"10",10,10,0.00141738079694905,0.142146274044741
