"","V1","effect_size","nonlinear","location","scale","interactions","V2"
"1",1,0.0598750645187479,0,NA,NA,FALSE,NA
"2",2,-0.0557096435763724,0,NA,NA,FALSE,NA
"3",3,0.0933597139359969,0,NA,NA,FALSE,NA
"4",4,-0.143366988017564,0,NA,NA,FALSE,NA
"5",5,-0.0751753372260987,0,NA,NA,FALSE,NA
"6",6,-0.0451384895275319,0,NA,NA,FALSE,NA
"7",7,-0.0348525250808912,0,NA,NA,FALSE,NA
"8",8,0.126717566731804,0,NA,NA,FALSE,NA
"9",9,0.0120103413950807,0,NA,NA,FALSE,NA
"10",10,0.0376481181063416,0,NA,NA,FALSE,NA
