"","X","V","Imp","rand"
"1",1,1,0.0441078484196917,0.0124908754000145
"2",2,2,0.0286039991469929,0.0155915928640333
"3",3,3,0.00189652779120996,0.201024561823875
"4",4,4,0.0612751160363907,0.0130151992071217
"5",5,5,0.0824229332083666,0.0322162975339583
"6",6,6,0.0456267942076052,0.0533114771577264
"7",7,7,0.0132508320551124,0.204247995622928
"8",8,8,0.000189404667750982,0.0719947641527624
"9",9,9,0.170448455353201,0.0469194713504114
"10",10,10,0.114676094257138,0.0991210074885937
