"","X","V","Imp","rand"
"1",1,1,0.242888553787462,0.0594589457152079
"2",2,2,0.171405269816881,0.00379495635113339
"3",3,3,0.10216713530488,0.566604055593323
"4",4,4,0.126502938091511,0.0881399566428928
"5",5,5,0.00414091523899958,0.0321060679486324
