"","V1","effect_size","nonlinear","location","scale","interactions","V2"
"1",1,0.181739645760339,FALSE,NA,NA,FALSE,NA
"2",2,0.223225632960422,FALSE,NA,NA,FALSE,NA
"3",3,0.117828124676628,TRUE,1.73789253755044,0.348778355418088,FALSE,NA
"4",4,0.355672515232076,TRUE,-0.8767889238117,0.154250288847834,FALSE,NA
"5",5,-0.0643499435819456,TRUE,-0.0698318847347637,0.0981028601527214,FALSE,NA
"6",1,-0.1215755866063,FALSE,NA,NA,TRUE,2
"7",1,0.088283668340069,FALSE,NA,NA,TRUE,3
