"","X","V","Imp","rand"
"1",1,1,0.154614706419048,0.135061388636616
"2",2,2,9.33048278298575e-05,0.117848885209881
"3",3,3,0.150810127597366,0.0750882228163879
"4",4,4,0.0804994123168603,0.0339202339586816
"5",5,5,0.0548201446400188,0.00134640396776893
"6",6,6,0.00066304390753953,0.229621589629967
"7",7,7,0.0334415944958064,0.0502431057988733
"8",8,8,9.53328739151358e-05,0.0353826922774501
"9",9,9,0.0143928139293141,0.0102441915320616
"10",10,10,0.0105672314341779,0.0612373941058232
