"","X","V","Imp","rand"
"1",1,1,0.186295510655678,0.70276788141873
"2",2,2,0.063696189926397,0.0472232256145321
