"","X","V","Imp","rand"
"1",1,1,0.0223992412703558,0.10077749818334
"2",2,2,0.000148425488277256,0.296942568089916
"3",3,3,7.7140352848977e-05,0.266498452322773
"4",4,4,0.00979767368566916,0.0762470989194933
"5",5,5,0.0300771689237526,0.00952832260622473
