"","X","V","Imp","rand"
"1",1,1,0.0622894287169782,0.000319697322713754
"2",2,2,0.127730100351515,0.0643544362996541
"3",3,3,0.043873192441835,0.0434899942171087
"4",4,4,5.49677697068608e-05,0.0195353263908064
"5",5,5,0.00200312427764755,0.0479037278758188
"6",6,6,0.0305949490987481,0.116427396737847
"7",7,7,0.0996781565197785,0.0365543519024845
"8",8,8,0.0013728991439274,0.105594324852745
"9",9,9,0.0663089645599393,0.0696166515008131
"10",10,10,0.0603335343363314,0.246195135778122
