"","X","V","Imp","rand"
"1",1,1,0.0569674150380894,0.0902073971765841
"2",2,2,0.0446043661601711,0.0214717382311862
"3",3,3,0.0530431568202038,0.0148636456628952
"4",4,4,0.0438660832206476,0.0769195306255168
"5",5,5,0.00152115390616026,0.0109229104658932
"6",6,6,0.00915454896321621,0.184376674998884
"7",7,7,4.6323532132589e-05,0.105349503714545
"8",8,8,0.0299552599968012,0.186757223831367
"9",9,9,0.00137998230215095,7.5613540213278e-08
"10",10,10,0.000906733868849073,0.0591263955057773
