"","X","V","Imp","rand"
"1",1,1,0.295671379657688,0.172208025185527
"2",2,2,0.0332676006804357,0.148285714549295
"3",3,3,0.0643279680653718,0.000278402452543348
"4",4,4,0.0027932952848065,0.0511717229756527
"5",5,5,0.0029664573763168,0.105204233881375
"6",6,6,0.0018284348999954,0.0168205538240297
"7",7,7,0.0238968636034895,0.166404000129513
"8",8,8,0.105570841820719,0.0415545035931017
"9",9,9,0.0312054621783245,0.017979289328044
"10",10,10,0.00096710430150726,0.0301330695714803
