"","V1","effect_size","nonlinear","location","scale","interactions","V2"
"1",1,-0.543756728379234,0,NA,NA,FALSE,NA
"2",2,-0.182394080716551,0,NA,NA,FALSE,NA
"3",3,0.25362958830817,0,NA,NA,FALSE,NA
"4",4,0.0528516346464941,0,NA,NA,FALSE,NA
"5",5,0.0544651941731304,0,NA,NA,FALSE,NA
"6",6,0.0427602022913293,0,NA,NA,FALSE,NA
"7",7,-0.154586104173336,0,NA,NA,FALSE,NA
"8",8,-0.324916669041031,0,NA,NA,FALSE,NA
"9",9,0.176650678397578,0,NA,NA,FALSE,NA
"10",10,0.0310983006208902,0,NA,NA,FALSE,NA
