"","X","V","Imp","rand"
"1",1,1,0.0244506628676799,0.0177327633286433
"2",2,2,0.0983373449662248,0.0484866221341876
"3",3,3,0.0245683611078944,0.0047317883663325
"4",4,4,0.000421765136855895,0.0793740935213
"5",5,5,0.0959572647741487,0.0429257051330236
"6",6,6,0.0199380433158593,0.321924224774109
"7",7,7,0.0557337363136679,0.0875749689445376
"8",8,8,0.00556764563999023,0.00334716423778755
"9",9,9,0.0232004451012816,0.124429118207516
"10",10,10,0.103261856991718,0.0194681095958798
