"","X","V","Imp","rand"
"1",1,1,0.122656126160791,0.490879444025496
"2",2,2,0.213247323050495,0.248431392037718
"3",3,3,0.214436389209387,0.00491847604936361
"4",4,4,0.388591077027273,0.00580959393947238
"5",5,5,0.591150733505534,3.91122104638392e-06
