"","X","V","Imp","rand"
"1",1,1,0.288770237225422,0.228226975661271
"2",2,2,0.0245586915508544,7.61946171946015e-05
"3",3,3,0.462305924891098,0.391626610967456
"4",4,4,0.004944081386015,0.0424951442626817
"5",5,5,0.326585491275655,0.0875994316589444
