"","V1","effect_size","nonlinear","location","scale","interactions","V2"
"1",1,-0.537373461593911,TRUE,-1.61563699497397,0.551831536460668,FALSE,NA
"2",2,-0.156712129558801,FALSE,NA,NA,FALSE,NA
"3",3,-0.370248560894801,TRUE,-0.329235972065079,0.532116954680532,FALSE,NA
"4",4,0.0703141620586849,TRUE,0.303883807161983,0.273145115468651,FALSE,NA
"5",5,-0.0369264570359566,FALSE,NA,NA,FALSE,NA
"6",3,-0.325221928046427,FALSE,NA,NA,TRUE,5
