"","X","V","Imp","rand"
"1",1,1,0.0541762546117108,0.038160753276953
"2",2,2,0.0583794072270994,0.0284727986683903
"3",3,3,0.37342632603651,0.0540343361037531
"4",4,4,0.0689346653826849,0.195402774137493
"5",5,5,0.00753752603960669,0.433925389921079
