"","X","V","Imp","rand"
"1",1,1,0.00334219163407172,0.00836868878567715
"2",2,2,0.0554209007071528,0.156086248483556
"3",3,3,0.0563732233838936,0.0310528806117323
"4",4,4,0.0369441262784533,0.0734388228012645
"5",5,5,0.0089328937271226,0.00680970704562257
"6",6,6,0.0736910390610401,0.0059399032057605
"7",7,7,0.508135806797479,0.0143563257941401
"8",8,8,0.000330573201904168,0.00396386538535081
"9",9,9,0.455983593593964,0.0124888834346527
"10",10,10,0.0409676377667517,0.437526085209603
