"","X","V","Imp","rand"
"1",1,1,0.252154676860121,0.0612132601387498
"2",2,2,0.429233124113546,0.111293421525013
"3",3,3,0.000473747403785615,0.189685085332947
"4",4,4,0.260841076111494,0.252142236037841
"5",5,5,0.0679765384439005,0.135657300432593
