"","X","V","Imp","rand"
"1",1,1,0.117109287624529,0.136349516084949
"2",2,2,0.0409060405078639,0.00312035153246141
"3",3,3,0.00080798180952961,0.0636137081484986
"4",4,4,0.201818229240801,0.100991378244841
"5",5,5,0.0149311616056262,0.123392929830561
"6",6,6,0.00379870012387846,0.267458356921568
"7",7,7,0.151484401547339,0.00212619691999091
"8",8,8,0.360144944608484,0.000390163462105652
"9",9,9,0.00128828512723351,0.0133150051751071
"10",10,10,0.00488074750686248,0.0392366413122407
