"","X","V","Imp","rand"
"1",1,1,0.219984594892004,0.00631185481026615
"2",2,2,0.163921255503088,0.599652992666541
"3",3,3,0.0680535618371263,0.10260210920182
"4",4,4,0.00227263808287956,0.0111467032164238
"5",5,5,0.108257447465634,0.0303589248093888
