"","V1","effect_size","nonlinear","location","scale","interactions","V2"
"1",1,-0.469025153794553,TRUE,-0.731803180361966,0.995496117467892,FALSE,NA
"2",2,-0.404871900115442,TRUE,-0.538978609928379,2.16400633926008,FALSE,NA
"3",3,0.260870776127044,FALSE,NA,NA,FALSE,NA
"4",4,-0.0476721940220875,FALSE,NA,NA,FALSE,NA
"5",5,-0.329024995198896,TRUE,-2.67014330636872,1.8900463580245,FALSE,NA
