"","X","V","Imp","rand"
"1",1,1,0.0107695683791555,0.131713389498838
"2",2,2,0.00332087226505203,0.13135958232036
"3",3,3,0.00311916845005212,0.0726182991211953
"4",4,4,0.0126399295622871,0.021075568536216
"5",5,5,0.00298317696900151,0.0267205380255338
"6",6,6,0.0175243921959173,0.0919256842754445
"7",7,7,0.00057473895694827,1.55445881709751e-05
"8",8,8,0.00760103737746229,0.0981184063556945
"9",9,9,7.42917173263868e-05,0.157463121191877
"10",10,10,0.00387212586960276,0.0189641181421335
