"","V1","effect_size","nonlinear","location","scale","interactions","V2"
"1",1,-0.103776530965125,0,NA,NA,FALSE,NA
"2",2,0.0576270098569415,0,NA,NA,FALSE,NA
"3",3,-0.0558495161129631,0,NA,NA,FALSE,NA
"4",4,-0.112427441322335,0,NA,NA,FALSE,NA
"5",5,0.0546184672890178,0,NA,NA,FALSE,NA
"6",6,0.132379727284495,0,NA,NA,FALSE,NA
"7",7,-0.0239737138747477,0,NA,NA,FALSE,NA
"8",8,-0.0871839284355912,0,NA,NA,FALSE,NA
"9",9,-0.0086192643146841,0,NA,NA,FALSE,NA
"10",10,-0.062226408136761,0,NA,NA,FALSE,NA
