"","X","V","Imp","rand"
"1",1,1,0.00267491118935982,0.120177890348161
"2",2,2,6.59282074363655e-05,0.175451804727055
"3",3,3,0.00120501962829329,0.138924500770433
"4",4,4,0.0936902601311444,0.031599898444327
"5",5,5,0.00687322594488041,0.0140430028187877
"6",6,6,0.0143323585507186,0.0107319669114912
"7",7,7,0.00046903807785362,0.0395441932820464
"8",8,8,0.20792382044016,0.00981097057306211
"9",9,9,0.0107357091610759,0.158394256308382
"10",10,10,0.112510343574138,0.0512846312931314
