"","X","V","Imp","rand"
"1",1,1,0.023187734470576,0.311091120482938
"2",2,2,0.00454995915236597,0.0818769396795803
"3",3,3,0.298204604149354,0.000151423514741073
"4",4,4,0.0137168903325751,0.000690187946969399
"5",5,5,0.241412941637616,0.0293544177764317
"6",6,6,0.00678257655491845,0.0681363795492472
"7",7,7,0.249405862263238,0.00791294025784482
"8",8,8,0.00586549354121212,0.138784139380773
"9",9,9,0.0178444311199626,0.107071929733655
"10",10,10,0.293251281920524,0.0049276816689399
