"","X","V","Imp","rand"
"1",1,1,0.0060937477208828,0.0161937768727617
"2",2,2,0.0547288755936605,0.0185604003288486
"3",3,3,0.461015040871379,0.673091206816004
"4",4,4,0.0320809490622139,0.00366576226076817
"5",5,5,0.0653950763517371,0.0385656125480977
