"","X","V","Imp","rand"
"1",1,1,0.331660952790911,0.0511245613776192
"2",2,2,0.240172190844011,0.0180409415707928
"3",3,3,0.385258402197319,0.327943576528425
"4",4,4,0.237021456446699,0.0997212902448234
"5",5,5,0.00683177201953839,0.253168894193058
