"","V1","effect_size","nonlinear","location","scale","interactions","V2"
"1",1,0.0950946714012152,TRUE,0.241876828591833,0.021411173778921,FALSE,NA
"2",2,0.091699342637451,FALSE,NA,NA,FALSE,NA
"3",3,0.25028073424719,TRUE,-1.06975332033211,0.775879681068373,FALSE,NA
"4",4,0.0725123095951904,FALSE,NA,NA,FALSE,NA
"5",5,0.0826545341741056,TRUE,-0.695198149398116,2.43550167751105,FALSE,NA
"6",1,0.322617956262006,FALSE,NA,NA,TRUE,3
"7",2,0.23176342140387,FALSE,NA,NA,TRUE,4
