"","X","V","Imp","rand"
"1",1,1,0.202806161130722,0.0618650942859638
"2",2,2,0.0051303290860105,0.134356775135473
"3",3,3,0.311659727964205,0.01788731148284
"4",4,4,0.00530993062333996,0.161166287364575
"5",5,5,0.0672858138021948,1.22882209279894e-05
"6",6,6,0.352807570317087,0.0386416138776286
"7",7,7,0.0356492882198216,0.19373909080791
"8",8,8,0.0882141131887209,0.130026287955717
"9",9,9,0.0146495738691853,0.00375599322597509
"10",10,10,0.00503460384828524,0.00843219131301422
