"","X","V","Imp","rand"
"1",1,1,0.265670662395021,0.244045179705592
"2",2,2,0.201221806286378,0.075686762735426
"3",3,3,0.431661144722266,0.0272051639808103
"4",4,4,0.00282716417255814,0.235132249508899
"5",5,5,0.000506261306494569,0.167853207038288
