"","X","V","Imp","rand"
"1",1,1,0.175991767205721,0.013283683740062
"2",2,2,0.0540900717016212,0.105087769990319
"3",3,3,0.00120292016832275,0.0671324329135335
"4",4,4,0.00415904911374575,0.0872782057749062
"5",5,5,0.00699830430855793,0.14825988718628
"6",6,6,0.00156455996399734,0.159714878076277
"7",7,7,0.000192063327753665,0.0990585238424733
"8",8,8,0.0580505722789961,0.00262565408579421
"9",9,9,0.00721907525552601,5.15126699386886e-05
"10",10,10,0.174816616519406,0.0674608221930343
