"","X","V","Imp","rand"
"1",1,1,0.197120929408696,0.115064496012126
"2",2,2,0.0181052561919951,0.0133843821880437
"3",3,3,7.67025344196671e-05,0.141922942545586
"4",4,4,0.0331009440664876,0.1352033581828
"5",5,5,0.00159470467610822,0.344423505448905
