"","X","V","Imp","rand"
"1",1,1,0.00405737543829674,0.08277929564027
"2",2,2,0.0181073397015057,0.134855147759699
"3",3,3,0.0545660153156822,0.00136981891442615
"4",4,4,0.111352286649874,0.136592400759944
"5",5,5,0.00169942442293963,0.00672893912867996
"6",6,6,0.136463589376006,0.000220031688852988
"7",7,7,0.0215591124531282,0.0933550603067691
"8",8,8,0.0156725393472743,0.00890961723356875
"9",9,9,0.132551873253203,0.00216281131660077
"10",10,10,0.00107786361775433,0.283026184178964
