"","X","V","Imp","rand"
"1",1,1,4.88239807892944e-05,0.256114706396493
"2",2,2,0.0687890428225945,0.0185646961413307
"3",3,3,0.00574263325372312,0.412214445174114
"4",4,4,0.0155947223495753,0.0589828682667499
"5",5,5,0.00115916730628671,0.00411812493958198
