"","V1","effect_size","nonlinear","location","scale","interactions","V2"
"1",1,0.00698741588781535,TRUE,0.347192083793658,0.0422688229009509,FALSE,NA
"2",2,-0.232950534980193,FALSE,NA,NA,FALSE,NA
"3",3,0.0757801639858553,FALSE,NA,NA,FALSE,NA
"4",4,0.0327357797301189,FALSE,NA,NA,FALSE,NA
"5",5,0.0340465461726548,FALSE,NA,NA,FALSE,NA
"6",2,-0.0145230910750364,FALSE,NA,NA,TRUE,4
