"","X","V","Imp","rand"
"1",1,1,0.00422535992555647,0.200523385574661
"2",2,2,0.0197963682719973,0.00182974488746
"3",3,3,0.0410269205937492,0.109023524673617
"4",4,4,0.00812345730463783,0.426110096083756
"5",5,5,0.00338664130719826,0.0124335064126215
