"","X","V","Imp","rand"
"1",1,1,0.00828697873797313,0.01271386268534
"2",2,2,0.000248021925585911,0.0063375866147645
"3",3,3,0.165486828432473,0.104062774582867
"4",4,4,0.0550572666443487,0.00151754041213031
"5",5,5,0.0208426660380342,0.625367053075336
