"","V1","effect_size","nonlinear","location","scale","interactions","V2"
"1",1,0.0650027685991641,FALSE,NA,NA,FALSE,NA
"2",2,-0.112933149532809,TRUE,0.373971325586005,0.00852414346697471,FALSE,NA
"3",3,-0.202551032072782,FALSE,NA,NA,FALSE,NA
"4",4,0.0328783408346639,TRUE,-0.314060169922285,0.792895822518982,FALSE,NA
"5",5,0.0581948563637566,TRUE,-0.68430980068987,0.363261208869517,FALSE,NA
"6",2,0.0070424720085975,FALSE,NA,NA,TRUE,4
