"","V1","effect_size","nonlinear","location","scale","interactions","V2"
"1",1,0.0910328442814632,TRUE,-0.648954454791259,0.382508206646889,FALSE,NA
"2",2,-0.0157487118706868,FALSE,NA,NA,FALSE,NA
"3",3,0.406800723244776,TRUE,-0.885599982881362,1.96700986466351,FALSE,NA
"4",4,-0.234642849122552,TRUE,-0.35662059853361,0.160320157357533,FALSE,NA
"5",5,0.144369893114992,FALSE,NA,NA,FALSE,NA
