"","X","V","Imp","rand"
"1",1,1,0.00806374219683065,0.000156561038284437
"2",2,2,0.00745324635352881,0.0476821129347903
"3",3,3,0.00356545806228575,0.129165824661758
"4",4,4,0.187904573621729,0.0894995982669267
"5",5,5,0.128445887445429,0.169190710413955
"6",6,6,0.00599418800471401,0.128200928779728
"7",7,7,0.00145620707008404,0.0983900569763223
"8",8,8,0.0840793193840473,0.0597542500350695
"9",9,9,0.016895662665686,0.0205384129426423
"10",10,10,0.0220961639499308,0.00741856056994297
