"","X","V","Imp","rand"
"1",1,1,0.158208537354221,0.687912179454041
"2",2,2,0.107984302227822,0.0620689285392441
