"","X","V","Imp","rand"
"1",1,1,0.0475429790453885,0.0494777577307005
"2",2,2,0.0352667586785711,0.0130127381888642
"3",3,3,0.0982902706745694,0.10572529811318
"4",4,4,0.119422451282567,0.0476916679107262
"5",5,5,0.0261048229802538,0.0564337292340884
"6",6,6,0.0352052881953037,0.07459327891149
"7",7,7,0.0349390346091946,0.0739392268352773
"8",8,8,0.169742668279335,0.240867591999616
"9",9,9,0.216389733278295,0.0837754535766957
"10",10,10,0.179911171149827,0.0044542922422406
