"","X","V","Imp","rand"
"1",1,1,0.0270278950614232,0.451576834115217
"2",2,2,0.0154261856980991,0.00423751087219212
"3",3,3,0.00551026131919011,0.00893147730322631
"4",4,4,0.00858002122056989,0.274054072933037
"5",5,5,0.00595470328863328,0.0111993560488694
