"","X","V","Imp","rand"
"1",1,1,0.212397914058758,0.0815130445488097
"2",2,2,0.0188412711782413,0.199249131874651
"3",3,3,0.0283411563935264,0.148245915862868
"4",4,4,0.260484308774307,0.104508069896148
"5",5,5,0.142997807583939,0.0291380511019135
"6",6,6,0.0277689901808856,0.00409425725141421
"7",7,7,0.148888462017687,1.02636732801489e-05
"8",8,8,0.0257394538261923,0.1744967601329
"9",9,9,0.0811893612384619,0.00854475553147434
"10",10,10,0.0574954385651288,0.000165946208192091
