"","X","V","Imp","rand"
"1",1,1,0.0125607110889867,0.0143058980303515
"2",2,2,0.0554017364657014,0.0353033785855217
"3",3,3,0.0136156466562445,0.0040141430046851
"4",4,4,0.00160368957071167,0.328663917422098
"5",5,5,0.00503628288380638,0.0624025527013063
"6",6,6,0.0351597132012548,0.00180759192878428
"7",7,7,0.0879123439820405,0.0208885652994415
"8",8,8,0.00981116078850055,0.160949187401243
"9",9,9,0.0260243772762417,0.0559444566741361
"10",10,10,0.00295498834008084,0.065716334905175
