"","V1","effect_size","nonlinear","location","scale","interactions","V2"
"1",1,-0.112074578245857,0,NA,NA,FALSE,NA
"2",2,0.235375734657805,0,NA,NA,FALSE,NA
"3",3,-0.116686103098203,0,NA,NA,FALSE,NA
"4",4,-0.0400460930767493,0,NA,NA,FALSE,NA
"5",5,-0.0709667730970373,0,NA,NA,FALSE,NA
"6",6,0.18750923497592,0,NA,NA,FALSE,NA
"7",7,0.296500158485692,0,NA,NA,FALSE,NA
"8",8,-0.0990513038202958,0,NA,NA,FALSE,NA
"9",9,0.161320727980758,0,NA,NA,FALSE,NA
"10",10,-0.0543598044521946,0,NA,NA,FALSE,NA
