"","X","V","Imp","rand"
"1",1,1,0.0010484226896928,0.159198586231967
"2",2,2,0.00230948609266197,0.134822152922778
"3",3,3,0.0516150817798434,0.264330849647754
"4",4,4,0.447946764695428,0.171984372380641
"5",5,5,0.0934540399724992,0.0196629215892262
