"","X","V","Imp","rand"
"1",1,1,0.0836836051759037,0.0640216620002126
"2",2,2,0.0657352745833029,0.00511229577343921
"3",3,3,0.0150349031593478,0.0322839095197697
"4",4,4,0.0243727613622045,0.0132343844069108
"5",5,5,0.000721878065484088,0.635344788288327
