"","X","V","Imp","rand"
"1",1,1,0.000328448846399942,0.0349987732271753
"2",2,2,0.00216006193687009,0.00312292533769221
"3",3,3,0.01305902098141,0.0751682231094046
"4",4,4,0.000644566305336966,0.0284040260592538
"5",5,5,0.00179633000693723,0.132489286004896
"6",6,6,0.0286386606018993,0.160931630679476
"7",7,7,0.0149981904568237,0.0128780532246051
"8",8,8,0.00301016775581333,0.00736756777425108
"9",9,9,0.0125957037546823,0.203555496641779
"10",10,10,0.00375594790133673,0.0910793683923835
