"","X","V","Imp","rand"
"1",1,1,0.073540664161318,0.00439176648666218
"2",2,2,0.000759430982106139,0.000626054466932663
"3",3,3,0.0124701890007018,0.0546433080481429
"4",4,4,0.0038845433157854,0.47933852208859
"5",5,5,0.0109700604292138,0.0196429642177364
"6",6,6,0.0109942689432718,0.000328012598356656
"7",7,7,0.000276115846740857,0.0514238954640522
"8",8,8,0.173002615482239,0.0168968828631092
"9",9,9,0.212440708019276,0.122328000944343
"10",10,10,0.0280931070897592,0.000215507439069707
