"","X","V","Imp","rand"
"1",1,1,0.500083192348515,0.228707088778552
"2",2,2,0.121178091424735,0.00388846939729714
"3",3,3,0.152000039397924,0.0646342001822544
"4",4,4,0.0120459657053736,0.0608607989008363
"5",5,5,0.00452262327268096,0.39197816503921
