"","X","V","Imp","rand"
"1",1,1,0.0657977528942437,0.63435713897534
"2",2,2,0.264637067873762,0.115637564776373
