"","V1","effect_size","nonlinear","location","scale","interactions","V2"
"1",1,0.6157083070828,TRUE,0.328103378906747,0.18681474471702,FALSE,NA
"2",2,-0.0138426329499908,FALSE,NA,NA,FALSE,NA
"3",3,-0.389871824319127,FALSE,NA,NA,FALSE,NA
"4",4,-0.109754114753724,TRUE,0.246356901533323,0.0302822866112206,FALSE,NA
"5",5,0.0672504518399762,TRUE,-0.675639558506615,1.47303674547913,FALSE,NA
"6",1,0.120986472937747,FALSE,NA,NA,TRUE,2
