"","X","V","Imp","rand"
"1",1,1,1.81647698649975e-05,0.0546116265198622
"2",2,2,0.105192234295165,0.130525682381978
"3",3,3,0.126193881231739,0.0872971645481578
"4",4,4,0.000225849667689754,0.0803678601176846
"5",5,5,0.0283719091872726,0.397141300513615
