"","X","V","Imp","rand"
"1",1,1,0.0497774086797385,0.0631033380291939
"2",2,2,0.0682802811091026,0.565570984606311
"3",3,3,0.000872169541697891,0.0356334644377957
"4",4,4,0.039319388673613,0.0753924205647505
"5",5,5,0.0917977157153976,0.0102986105421868
