"","X","V","Imp","rand"
"1",1,1,0.0497774086797385,0.10663997400353
"2",2,2,0.0682802811091026,0.0655078941310381
"3",3,3,0.000872169541697891,0.31256444895129
"4",4,4,0.039319388673613,0.263936367556393
"5",5,5,0.0917977157153976,0.00135004028969154
