"","X","V","Imp","rand"
"1",1,1,0.0105464621091032,0.0447705866076649
"2",2,2,0.0202595460998217,0.24930716969878
"3",3,3,0.0256611984274175,0.142096901928855
"4",4,4,0.0165251597988216,0.225353742762132
"5",5,5,0.0134391055367238,0.0884499053458219
