"","V1","effect_size","nonlinear","location","scale","interactions","V2"
"1",1,0.223108513239048,FALSE,NA,NA,FALSE,NA
"2",2,0.261304958064524,TRUE,-0.166944267051896,0.244468693462269,FALSE,NA
"3",3,-0.0295325166841211,TRUE,0.176037082651119,3.07652910781984,FALSE,NA
"4",4,0.198291171446469,FALSE,NA,NA,FALSE,NA
"5",5,-0.302981378496101,TRUE,0.291660791704801,0.033057477325201,FALSE,NA
