"","V1","effect_size","nonlinear","location","scale","interactions","V2"
"1",1,-0.102695969293362,TRUE,-0.955258867743771,1.05641377433659,FALSE,NA
"2",2,-0.142336032331317,FALSE,NA,NA,FALSE,NA
"3",3,0.160191130926208,FALSE,NA,NA,FALSE,NA
"4",4,0.0669832985957403,TRUE,-0.480220560808228,0.22561395727098,FALSE,NA
"5",5,0.0374260341028583,TRUE,-0.513711774946215,0.0287306075915694,FALSE,NA
"6",4,-0.0120383975080555,FALSE,NA,NA,TRUE,5
