"","X","V","Imp","rand"
"1",1,1,0.113591246074294,0.350491454595686
"2",2,2,0.124123360854737,0.0400549142543473
"3",3,3,0.0576118756142992,0.0645193503217936
"4",4,4,0.14446507153363,0.0330907748153447
"5",5,5,0.122786548527846,0.261780869765529
