"","X","V","Imp","rand"
"1",1,1,0.00238493364054322,0.473444762901311
"2",2,2,0.116373529395343,0.0141487081458852
"3",3,3,0.080034086108942,8.88151819031091e-05
"4",4,4,0.0224753649840267,0.073472113349941
"5",5,5,0.0286698579924161,0.188778356904695
