"","V1","effect_size","nonlinear","location","scale","interactions","V2"
"1",1,0.0488357823787356,FALSE,NA,NA,FALSE,NA
"2",2,0.341135646620729,TRUE,0.199686978916821,0.101567429629082,FALSE,NA
"3",3,-0.282902962354483,FALSE,NA,NA,FALSE,NA
"4",4,0.14991786079059,TRUE,-0.11039334153656,1.46468975747923,FALSE,NA
"5",5,0.169321758768376,TRUE,-0.831004632030746,0.900847656408215,FALSE,NA
