"","X","V","Imp","rand"
"1",1,1,0.0011570635121278,0.122242824734439
"2",2,2,0.0207913822691765,0.000161571124180387
"3",3,3,0.000731781364487611,0.0991155120856607
"4",4,4,0.0145447463464368,0.0320105151031768
"5",5,5,0.0668592991699986,0.00985112837916135
"6",6,6,0.00586106376231798,0.0270966541594388
"7",7,7,0.189887516874785,0.272948991763425
"8",8,8,0.0497870988795566,0.0642016112772382
"9",9,9,0.00179947062618048,0.0925436955193813
"10",10,10,0.149706010229622,0.0297597522588679
