"","X","V","Imp","rand"
"1",1,1,0.000967965543114231,0.17584093126523
"2",2,2,0.405750181484664,0.00314672434491532
"3",3,3,0.278549866830035,0.111250661094651
"4",4,4,0.421188820819237,0.333196293473067
"5",5,5,0.368272723632772,0.126534184260186
