"","X","V","Imp","rand"
"1",1,1,0.176805751829773,0.0455273347265834
"2",2,2,0.186543099815808,0.129641804855923
"3",3,3,0.277277521665019,0.00157578396909004
"4",4,4,0.01926610166343,0.171751477517019
"5",5,5,0.0441778978663084,0.0503016107605273
"6",6,6,0.103703978359628,0.00375117442489754
"7",7,7,0.0123550421150415,0.0448933929439054
"8",8,8,0.00106113118598345,0.00507629870101082
"9",9,9,0.0905852356865678,0.296966093526708
"10",10,10,0.0884886600016126,0.000357494698166841
