"","X","V","Imp","rand"
"1",1,1,0.231402733217995,0.0688757971345771
"2",2,2,0.00733752366185597,0.0596397002673041
"3",3,3,0.000545300559666093,0.105756502652109
"4",4,4,0.0231394136977718,0.0788604099551237
"5",5,5,0.371437319480106,0.0778234716643608
"6",6,6,0.186697142135965,0.0236284164978236
"7",7,7,0.0689572247047057,9.99501837348423e-06
"8",8,8,0.0942624201960713,0.0172213096007626
"9",9,9,0.0353499388793555,0.277542376714677
"10",10,10,0.0201122887422225,0.0406388193650029
