"","X","V","Imp","rand"
"1",1,1,0.231402733217995,0.0375813601698293
"2",2,2,0.00733752366185597,0.258915703097775
"3",3,3,0.000545300559666093,0.0291031614730813
"4",4,4,0.0231394136977718,0.0296154133408956
"5",5,5,0.371437319480106,0.0428877238442682
"6",6,6,0.186697142135965,0.170995192808203
"7",7,7,0.0689572247047057,0.000466110027995543
"8",8,8,0.0942624201960713,0.0135417977267522
"9",9,9,0.0353499388793555,0.136815801440355
"10",10,10,0.0201122887422225,0.0299888153678445
