"","X","V","Imp","rand"
"1",1,1,0.0147451040651481,0.0400687512531897
"2",2,2,0.114941368096377,0.141306484773355
"3",3,3,0.277853077199045,0.192696518828031
"4",4,4,0.0498153087198841,0.0223010599102898
"5",5,5,0.158249800232526,0.353622042208079
