"","X","V","Imp","rand"
"1",1,1,7.8344621186863e-05,0.182751207548061
"2",2,2,0.00231738326478625,0.0350730164499459
"3",3,3,0.00465615481512075,0.148067838317905
"4",4,4,0.00431898921130027,0.0873504597418154
"5",5,5,0.0148490172881636,0.0922893497199806
"6",6,6,0.0274605054194217,2.89253203314274e-08
"7",7,7,0.000329303437715233,0.0684389285738189
"8",8,8,0.0010541303986853,0.000870522578987103
"9",9,9,0.00459832116232144,8.05016349087548e-05
"10",10,10,0.00290415938573454,0.135043092346409
