"","X","V","Imp","rand"
"1",1,1,0.489715178300537,0.024355222735782
"2",2,2,0.370474390980851,0.365105995298741
"3",3,3,0.039456958765139,0.03781315447196
"4",4,4,0.343320311295457,0.263001302611857
"5",5,5,0.131689825165234,0.0597056561820476
