"","X","V","Imp","rand"
"1",1,1,0.00104508974809011,0.0447997273331944
"2",2,2,0.000361695520202336,0.00971431183585469
"3",3,3,0.188864975280696,0.117106207464212
"4",4,4,0.00539656692626714,0.223894535887927
"5",5,5,0.0295941669589589,0.283304262992461
"6",6,6,0.0807918756368946,0.00174213088351335
"7",7,7,0.0275868981533295,0.0113369624901595
"8",8,8,0.172902494872438,9.44258055017791e-05
"9",9,9,0.0288425977112041,0.000225692083434288
"10",10,10,0.0197333187134686,0.0578691100624782
