"","X","V","Imp","rand"
"1",1,1,0.0531423759483686,0.173381498007958
"2",2,2,0.0564408435855599,0.0903160454138193
"3",3,3,0.265955574229673,0.382499152412823
"4",4,4,0.0157836575833152,0.0113801000516851
"5",5,5,0.171153781586832,0.0925017641144208
