"","X","V","Imp","rand"
"1",1,1,0.0166194070356799,0.123406148213666
"2",2,2,0.420552257287869,0.0397350413623292
"3",3,3,0.0303953586766826,0.213748797055531
"4",4,4,0.434072047530044,0.148608831642482
"5",5,5,0.00990134013157708,0.224471259906322
