"","X","V","Imp","rand"
"1",1,1,0.0499643220641321,0.000120314863802643
"2",2,2,0.0615678746450703,0.0456476449836514
"3",3,3,0.00231642364198762,0.104257332453518
"4",4,4,0.09529747208913,0.00241298947792247
"5",5,5,0.184304009429002,0.126156829334238
"6",6,6,0.0355373029920063,0.110646225207848
"7",7,7,0.124917317017419,0.0550245651233692
"8",8,8,0.0265735569210557,0.142243216259762
"9",9,9,0.0535824921332124,0.00431485480160428
"10",10,10,0.000414368647843604,0.159134468278279
