"","X","V","Imp","rand"
"1",1,1,0.0894042509276926,0.0388819534177011
"2",2,2,0.0355963748753206,0.000392788315248116
"3",3,3,0.0226153980591997,0.0410466043473103
"4",4,4,0.00569149469116887,0.278927651218146
"5",5,5,0.0967955795637535,0.390746903394942
