"","X","V","Imp","rand"
"1",1,1,0.21445914497983,0.583332429845236
"2",2,2,0.37805776447782,0.166662627972186
