"","V1","effect_size","nonlinear","location","scale","interactions","V2"
"1",1,-0.299005436284514,TRUE,-0.29024632298088,0.247878663241863,FALSE,NA
"2",2,0.188670015835375,TRUE,1.30461288606719,1.53464426952096,FALSE,NA
"3",3,0.150384168246527,TRUE,0.698219329137863,0.323419786989689,FALSE,NA
"4",4,0.0754419955407389,FALSE,NA,NA,FALSE,NA
"5",5,-0.311119879730874,FALSE,NA,NA,FALSE,NA
