"","X","V","Imp","rand"
"1",1,1,5.2125388683103e-08,0.00166209187448734
"2",2,2,0.0423117027600661,0.669391013445282
"3",3,3,0.00980716212228358,0.0489558953350336
"4",4,4,0.167205417240589,0.0134470842724893
"5",5,5,0.0306643092650086,0.0165329941606255
