"","X","V","Imp","rand"
"1",1,1,0.0202961055968539,0.294675332814659
"2",2,2,0.0137675859052194,0.0879122126525203
"3",3,3,0.000165418212938896,0.028485031711038
"4",4,4,0.00632707769483899,0.213955999878827
"5",5,5,0.0219651737888999,0.124969929217586
