"","V1","effect_size","nonlinear","location","scale","interactions","V2"
"1",1,-0.000228309852356623,FALSE,NA,NA,FALSE,NA
"2",2,0.205698086427818,TRUE,-0.213152967735107,0.90147259637077,FALSE,NA
"3",3,-0.0990311169394932,TRUE,-0.190786497662762,1.67291449933293,FALSE,NA
"4",4,-0.408907590099021,FALSE,NA,NA,FALSE,NA
"5",5,-0.175112276168773,TRUE,-0.27517869464643,0.160357144585987,FALSE,NA
