"","X","V","Imp","rand"
"1",1,1,0.0122219657128627,0.0680383053246616
"2",2,2,0.00080447720739379,0.000767227217271964
"3",3,3,0.00467216856440549,0.00186146828668478
"4",4,4,0.0123598025418739,0.269407979994502
"5",5,5,0.0222994019142751,0.229585714701561
"6",6,6,0.0139241101099475,0.153521204882116
"7",7,7,0.000997919003824948,0.00996358034303437
"8",8,8,0.00841969652550019,0.00268226426564187
"9",9,9,0.00770364577018472,0.00241432423279388
"10",10,10,0.000654509827929855,0.0116356451929245
