"","X","V","Imp","rand"
"1",1,1,0.32260543813982,0.234588718869985
"2",2,2,0.000365312316905936,0.0567340749240417
"3",3,3,0.000185146132070659,0.0344891333024162
"4",4,4,0.318930211795673,0.0114322977522693
"5",5,5,0.0412660705972785,0.412753007450894
