"","X","V","Imp","rand"
"1",1,1,0.0325606522728886,0.305552103183512
"2",2,2,0.02834793484992,0.0401422023562559
"3",3,3,0.0443974775870068,0.0511548891083196
"4",4,4,0.10429971754274,6.03306922683982e-05
"5",5,5,0.00114095119798719,0.0458380655430498
"6",6,6,0.0206694600279623,0.00908429364722537
"7",7,7,0.0460482885709047,0.0267163090548923
"8",8,8,0.0335500516649706,0.112404112213716
"9",9,9,0.164704854365256,0.0420773081156166
"10",10,10,0.0867719195511439,0.11696980828745
