"","V1","effect_size","nonlinear","location","scale","interactions","V2"
"1",1,0.180445704501073,0,NA,NA,FALSE,NA
"2",2,0.168368449686751,0,NA,NA,FALSE,NA
"3",3,-0.21070708955089,0,NA,NA,FALSE,NA
"4",4,0.322954667937684,0,NA,NA,FALSE,NA
"5",5,0.0337779691217099,0,NA,NA,FALSE,NA
"6",6,0.143768772784504,0,NA,NA,FALSE,NA
"7",7,-0.214588649678646,0,NA,NA,FALSE,NA
"8",8,0.183166731872823,0,NA,NA,FALSE,NA
"9",9,-0.405838458460082,0,NA,NA,FALSE,NA
"10",10,0.294570737771327,0,NA,NA,FALSE,NA
