"","X","V","Imp","rand"
"1",1,1,0.0090996189528709,0.255978261657993
"2",2,2,0.107159094477462,0.091491145538444
"3",3,3,0.0760168476151493,0.0208393024304942
"4",4,4,0.00902609648119566,0.374387754137989
"5",5,5,0.184486605583673,0.00714362811992447
