"","X","V","Imp","rand"
"1",1,1,0.314444629320371,0.000917791971432958
"2",2,2,0.000878679779404565,0.0210114528786582
"3",3,3,0.0281727621197974,0.199338522947295
"4",4,4,0.0297973022123555,0.0138954766202392
"5",5,5,0.310120804253751,0.0136692586850937
"6",6,6,0.0103202501866316,0.0163345887288825
"7",7,7,0.0655406715541859,0.00316948770110715
"8",8,8,7.35248553259173e-05,0.0556133156605862
"9",9,9,0.0128437205698877,0.0355269309089149
"10",10,10,0.00173707743591851,0.390516920914142
