"","V1","effect_size","nonlinear","location","scale","interactions","V2"
"1",1,0.0953919228911489,FALSE,NA,NA,FALSE,NA
"2",2,-0.118631428171335,TRUE,-0.0670779259197317,0.202357928149053,FALSE,NA
"3",3,-0.0159533535829117,FALSE,NA,NA,FALSE,NA
"4",4,0.0950057707783883,FALSE,NA,NA,FALSE,NA
"5",5,-0.125054343113602,FALSE,NA,NA,FALSE,NA
"6",2,0.093085678727491,FALSE,NA,NA,TRUE,5
"7",3,-0.0757623381246079,FALSE,NA,NA,TRUE,5
