"","X","V","Imp","rand"
"1",1,1,0.182555210416018,0.748803875308085
"2",2,2,0.0674432714976372,0.00119402509873911
