"","X","V","Imp","rand"
"1",1,1,0.193092291395681,0.00505911010945116
"2",2,2,0.00324915750220564,0.00844422019358466
"3",3,3,0.000103261404810154,0.185718248459959
"4",4,4,0.0158286143748352,0.000348921749857273
"5",5,5,0.191017656056013,0.0118962579174839
"6",6,6,0.00213868355396768,0.026055806909885
"7",7,7,0.00893446658620612,6.31877617502392e-08
"8",8,8,0.143399055617289,0.414907523819122
"9",9,9,0.000188901067110575,0.0608599635214681
"10",10,10,0.0375564398099762,0.0366727693883958
