"","X","V","Imp","rand"
"1",1,1,0.0294629978718777,0.0133150706944384
"2",2,2,0.00268502024534066,0.0315220704029606
"3",3,3,0.0289784118962079,0.0977504191288993
"4",4,4,0.0635163335880542,0.015714916992142
"5",5,5,0.122611185189307,0.349829623717264
"6",6,6,3.07700850051278e-07,0.121981171387915
"7",7,7,0.183101918416328,0.0221699600715171
"8",8,8,0.147402393890214,0.00832717200660396
"9",9,9,0.000180601390505823,0.028394925499738
"10",10,10,0.00145765841588027,0.0609904439690424
