"","X","V","Imp","rand"
"1",1,1,0.0745145641316156,0.000215411150076991
"2",2,2,0.0007774590574936,0.110020400881865
"3",3,3,0.253735610376268,0.203038156893375
"4",4,4,0.318120346565472,0.0244516282948432
"5",5,5,0.00177099101883166,0.412205800137031
