"","X","V","Imp","rand"
"1",1,1,1.15717623823125e-05,0.0109997081947814
"2",2,2,0.0556399500746263,0.0980990308586724
"3",3,3,0.15062959303055,0.00356257538601191
"4",4,4,0.00017130576053639,0.0189989795831398
"5",5,5,0.0127060615006077,0.117905030169105
"6",6,6,0.000478928027561738,0.0506705563520885
"7",7,7,0.0105314961517069,0.281695936703913
"8",8,8,0.00166514434145241,0.0113935223906743
"9",9,9,0.00953533538173939,0.156588481838402
"10",10,10,0.00858052381361221,6.88637235467818e-05
