"","X","V","Imp","rand"
"1",1,1,0.185617253983962,0.053293330409244
"2",2,2,0.0545456660869403,0.194883699653936
"3",3,3,0.0355576259668056,0.143208686882529
"4",4,4,0.0335032583755161,0.0493796912338247
"5",5,5,7.29310329571718e-05,0.00942428836739571
"6",6,6,0.226481507170348,0.164014037343432
"7",7,7,0.00743433808134601,0.0111929948922008
"8",8,8,0.0102848404468531,0.0866933245728805
"9",9,9,0.00848192588363086,0.0259420857276148
"10",10,10,0.0056722840971928,0.0119642765736911
