"","X","V","Imp","rand"
"1",1,1,0.00851959520905171,0.259390516336726
"2",2,2,0.0244465144045151,0.00282876768980126
"3",3,3,0.175700944169228,0.164393414438595
"4",4,4,0.0170281053136869,0.0397829366806401
"5",5,5,0.0242136781442308,0.283599841502329
