"","X","V","Imp","rand"
"1",1,1,0.00359744512109822,0.000875128544929246
"2",2,2,0.00955031781957042,0.308557711346985
"3",3,3,0.00168013722445673,0.132141232084493
"4",4,4,0.00112772381803114,0.00716222754682006
"5",5,5,0.000854726114198546,0.11462271281425
"6",6,6,0.00264562156571412,0.095174538515858
"7",7,7,0.000808414382978705,0.0354313325189781
"8",8,8,0.0668889907247538,0.0518714793368964
"9",9,9,0.0417464489600944,0.00373312845064824
"10",10,10,0.0125483884587797,0.000422978462809493
