"","X","V","Imp","rand"
"1",1,1,0.0195494117255889,0.000172375219018294
"2",2,2,0.126409978896479,0.0989635231781164
"3",3,3,0.0684910319382402,0.222406687813977
"4",4,4,0.143171320047712,0.277905778696695
"5",5,5,0.217635414822309,0.150549188886712
