"","X","V","Imp","rand"
"1",1,1,0.000236181662134478,0.029382970364258
"2",2,2,0.220529878195806,0.0340016527928445
"3",3,3,0.000304811251176869,0.0401172404411717
"4",4,4,0.0744076297837367,0.21187709803556
"5",5,5,0.0235879356478178,0.18168843836707
"6",6,6,0.10923069386441,0.0351420441195676
"7",7,7,0.0747714812110792,0.0131248764811729
"8",8,8,0.00850014088855178,0.00337403014901273
"9",9,9,0.0480935395587397,0.129091009556726
"10",10,10,0.00283490181634431,0.0721996785393031
