"","X","V","Imp","rand"
"1",1,1,0.0197532002896428,0.03892537624397
"2",2,2,0.00766182442024317,0.0141960362833902
"3",3,3,0.134829993088186,0.139242204912378
"4",4,4,0.0234346450571926,0.203232394631514
"5",5,5,0.0643183617360548,0.354399851180327
