"","X","V","Imp","rand"
"1",1,1,0.000284404199737075,0.0165682862958487
"2",2,2,0.0186253658644921,0.0188020582675087
"3",3,3,0.390524273225964,0.0949558151436528
"4",4,4,0.170731781382649,0.615244603653448
"5",5,5,0.0191487596435309,0.00442248974750877
