"","X","V","Imp","rand"
"1",1,1,0.196723125230491,0.000527005394268423
"2",2,2,0.137809394050116,0.19369414693307
"3",3,3,0.00336080734485923,0.00916642068856963
"4",4,4,0.0510595895175627,0.2859247685042
"5",5,5,0.00017895202350858,0.212269040659557
"6",6,6,0.143759743618117,0.00138208573506324
"7",7,7,0.0453609273050615,0.0269006227268395
"8",8,8,0.0384241319146833,3.04221836519512e-06
"9",9,9,0.183353133734822,0.00190528787134709
"10",10,10,0.0246699284023738,0.018220956518119
