"","X","V","Imp","rand"
"1",1,1,0.00505082038785586,8.23234468131521e-07
"2",2,2,0.0243288654976179,0.382748301193607
"3",3,3,0.00314670161028069,0.000183041895966374
"4",4,4,0.0184628205930436,0.0920814501309735
"5",5,5,0.137377311383106,0.06297835529406
"6",6,6,0.391133091351717,0.00594824265339069
"7",7,7,0.0111494205861133,0.0539338565961454
"8",8,8,0.210129961674997,0.0317777895106594
"9",9,9,0.0197717237278649,0.000703245740104364
"10",10,10,0.0407159061944749,0.119643166659397
