"","X","V","Imp","rand"
"1",1,1,0.0685162330915763,0.0415150895069818
"2",2,2,0.00585764575198926,0.00525728229469875
"3",3,3,0.00470467065701087,0.00595207562154579
"4",4,4,0.082419804251569,0.000247110637698467
"5",5,5,0.00822125481335638,0.46186751329275
"6",6,6,0.0176081441226051,0.0600468091467319
"7",7,7,0.0683168691089123,0.0104105463503774
"8",8,8,0.0747303448146163,0.107653004004072
"9",9,9,5.51970017636881e-05,0.00126111689430511
"10",10,10,0.0494855697375014,0.0557526819490697
