"","X","V","Imp","rand"
"1",1,1,0.000977415256359158,0.0473877820081438
"2",2,2,0.0121149591708489,0.0640265761269091
"3",3,3,0.00423500550671919,0.626770441223778
"4",4,4,2.02751453712326e-05,0.00793560141589785
"5",5,5,0.0451341946555529,0.0038741768235062
