"","X","V","Imp","rand"
"1",1,1,1.97382050790105e-05,0.0750223008018854
"2",2,2,0.316311782097072,0.0461444200052861
"3",3,3,0.0150677394490876,0.159747595598541
"4",4,4,0.216207354822914,0.166992068695891
"5",5,5,0.205049233234854,0.302064174290886
