"","X","V","Imp","rand"
"1",1,1,0.121796066558317,0.200009293806832
"2",2,2,0.15491787915475,0.000231977793958733
"3",3,3,0.230475315319273,0.00768256411799493
"4",4,4,0.456341828183209,0.206100358532993
"5",5,5,0.370858388372923,0.336083157170096
