"","V1","effect_size","nonlinear","location","scale","interactions","V2"
"1",1,-0.348992931960401,TRUE,-1.88051791922662,2.02511420837584,FALSE,NA
"2",2,-0.0018072701524262,TRUE,0.741448422166735,1.08504374786736,FALSE,NA
"3",3,0.480078447047223,FALSE,NA,NA,FALSE,NA
"4",4,0.135360491821957,FALSE,NA,NA,FALSE,NA
"5",5,-0.296232401781678,TRUE,0.267525554196114,0.980688421013665,FALSE,NA
"6",2,-0.154914612929346,FALSE,NA,NA,TRUE,4
"7",4,0.283104752507581,FALSE,NA,NA,TRUE,5
