"","X","V","Imp","rand"
"1",1,1,0.000349730391139543,0.548152791563184
"2",2,2,0.168925168804858,0.00280344282160025
"3",3,3,0.0499456664962272,0.0518951499786723
"4",4,4,0.0138013281939034,0.015111456664283
"5",5,5,0.0841697761144062,0.132020873921707
