"","X","V","Imp","rand"
"1",1,1,0.277323467886421,0.00676215430941345
"2",2,2,0.191101555568309,0.232971900960086
"3",3,3,0.0156147943036568,5.07462103498599e-07
"4",4,4,0.00110546701792772,0.00177802460831788
"5",5,5,0.272552645960891,0.126444668061095
"6",6,6,0.0199857333167878,0.0594635264119061
"7",7,7,0.00453034109444606,0.0842467599856455
"8",8,8,0.0583752061886907,0.203345157960144
"9",9,9,0.246621591990649,0.00162859053582246
"10",10,10,0.188910955577131,0.0333550903533962
