"","X","V","Imp","rand"
"1",1,1,0.0158547373601037,0.109903323732466
"2",2,2,0.000225526673400583,0.188530748048571
"3",3,3,0.131668858229811,0.220603163212492
"4",4,4,0.00926526962433397,0.0397363100209708
"5",5,5,0.00045625362277876,0.001749080797414
"6",6,6,0.00550793451344565,0.0597522310340825
"7",7,7,0.128973886719926,0.0185191089105345
"8",8,8,0.000775496437857728,0.0744378416115496
"9",9,9,0.0056353751426908,0.0257509471787109
"10",10,10,0.00528014354442817,0.0110158950149179
