"","X","V","Imp","rand"
"1",1,1,0.000530726214719901,0.0227894341003799
"2",2,2,0.00802930342499471,0.00664150871838273
"3",3,3,7.3856696852688e-05,0.118741189721907
"4",4,4,0.00023459053106318,0.00306235623836618
"5",5,5,0.122200065428724,0.139163412093834
"6",6,6,0.000302475501720339,0.216527387547849
"7",7,7,0.00753145769958272,0.0447223784328908
"8",8,8,0.128158090042986,0.0292882955576741
"9",9,9,1.69050850835135e-05,0.162571614991787
"10",10,10,0.019487380518718,0.00649147034843933
