"","X","V","Imp","rand"
"1",1,1,0.348622340753334,9.53818539952335e-06
"2",2,2,0.41291804283828,0.749946154168814
