"","X","V","Imp","rand"
"1",1,1,0.0547856087250236,0.332283473632114
"2",2,2,0.00683680334051655,0.155976249414304
"3",3,3,0.179468351657887,0.00137036859185708
"4",4,4,0.161392647491889,0.0606527114253974
"5",5,5,0.0463786381149626,0.199716105113841
