"","X","V","Imp","rand"
"1",1,1,0.348622340753334,0.306680622400291
"2",2,2,0.41291804283828,0.443318796918596
