"","X","V","Imp","rand"
"1",1,1,0.0245067487438059,0.478565778608581
"2",2,2,0.403629702245877,0.0518454710812308
"3",3,3,0.0298416542775512,0.143240697039051
"4",4,4,0.365055437219052,0.0476593166296133
"5",5,5,0.0389111683268145,0.0286881235122778
