"","V1","effect_size","nonlinear","location","scale","interactions","V2"
"1",1,-0.117056645054755,FALSE,NA,NA,FALSE,NA
"2",2,0.208773391315097,TRUE,2.85062270531575,0.601357536856085,FALSE,NA
"3",3,-0.1727473712609,FALSE,NA,NA,FALSE,NA
"4",4,-0.0707959313405917,TRUE,0.313459847330175,2.44613323161814,FALSE,NA
"5",5,-0.167650462971277,TRUE,-0.584293279693754,1.73339813939276,FALSE,NA
"6",1,-0.010804490592331,FALSE,NA,NA,TRUE,5
"7",2,-0.36004337332467,FALSE,NA,NA,TRUE,4
