"","X","V","Imp","rand"
"1",1,1,0.0466501195486125,0.0160425362529502
"2",2,2,0.219320463997734,0.124814269051357
"3",3,3,0.0142779032377857,0.00842526050349857
"4",4,4,0.296338523636302,0.283758476399065
"5",5,5,0.113705440297801,0.316957767696355
