"","X","V","Imp","rand"
"1",1,1,0.00126617278645838,0.00672685445588739
"2",2,2,0.164508946605016,0.0104324804504734
"3",3,3,0.142168649905278,0.0013773758768187
"4",4,4,0.106364563547043,0.0147792391313745
"5",5,5,0.0353683368239641,0.0172871890253306
"6",6,6,0.00725066880022998,0.098185275104456
"7",7,7,0.0202455764909664,0.069890940140888
"8",8,8,0.063313071875476,0.153045596747974
"9",9,9,0.0219123119615805,0.131902263110652
"10",10,10,9.83496615262879e-05,0.246181109607959
