"","X","V","Imp","rand"
"1",1,1,0.00711337068411497,0.135685102540067
"2",2,2,0.100487358780115,0.43021148683823
"3",3,3,0.0554037168146434,0.0317534943302606
"4",4,4,0.00391994736759317,0.0291897454088342
"5",5,5,0.00568960528935837,0.024587646944329
"6",6,6,0.0792708187404935,0.0214408895859787
"7",7,7,0.286388803336209,7.32652203818749e-05
"8",8,8,0.00441702570511434,0.0685259298840574
"9",9,9,0.00877420905604687,0.00694592893771311
"10",10,10,0.0109472883632296,0.00168903759757527
