"","X","V","Imp","rand"
"1",1,1,0.0921659909352995,0.00057646277759483
"2",2,2,0.0751636455262812,0.0868906917104512
"3",3,3,0.0284081142085794,0.0581302615299731
"4",4,4,0.0542957883752737,0.415325144002783
"5",5,5,1.38838680770689e-05,0.189073426410942
