"","V1","effect_size","nonlinear","location","scale","interactions","V2"
"1",1,-0.303588522403762,TRUE,-0.149817729043299,0.289208428468555,FALSE,NA
"2",2,-0.27415989044038,FALSE,NA,NA,FALSE,NA
"3",3,-0.168547068228965,TRUE,1.01163186971021,0.292459963820875,FALSE,NA
"4",4,0.233014566873562,FALSE,NA,NA,FALSE,NA
"5",5,0.00372610628901926,TRUE,-0.301682569374458,0.11296418402344,FALSE,NA
