"","X","V","Imp","rand"
"1",1,1,0.28744722766536,0.05111556012075
"2",2,2,0.0839627254051628,0.0311005783677488
"3",3,3,0.122957592204615,0.0273247191418858
"4",4,4,0.0278622614302418,0.0111864797944491
"5",5,5,0.010225990687952,0.00823363665528205
"6",6,6,0.140874639880168,0.17290481058519
"7",7,7,0.0196315092011942,0.00972038715078617
"8",8,8,0.0775187862361853,0.296344058391779
"9",9,9,0.0293958076123105,0.141805611940188
"10",10,10,0.161928905572713,0.000248633875691478
