"","X","V","Imp","rand"
"1",1,1,0.182683929723599,0.232218934580013
"2",2,2,0.150158464142295,0.0834947579599488
"3",3,3,0.0627708765055901,0.277507324533269
"4",4,4,0.00649920612393072,0.142874039236328
"5",5,5,0.241705900627664,0.013904158471498
