"","X","V","Imp","rand"
"1",1,1,0.471943031067642,0.512157809946372
"2",2,2,0.367945540550661,0.237841898366454
