"","X","V","Imp","rand"
"1",1,1,0.00601829548368742,0.0744795925758466
"2",2,2,0.0142602459948807,0.000202532961120703
"3",3,3,0.0483112985907275,0.501600982657598
"4",4,4,0.025675409135395,0.0995728137603242
"5",5,5,0.0555504697735231,0.0741389775691115
