"","V1","effect_size","nonlinear","location","scale","interactions","V2"
"1",1,-0.0775776738739144,TRUE,0.174036772561595,0.243301594629884,FALSE,NA
"2",2,-0.119416271901616,TRUE,0.70259774313644,0.275056118145585,FALSE,NA
"3",3,0.0604426657213427,TRUE,0.0702984365873179,1.43003159132805,FALSE,NA
"4",4,-0.160235480263876,FALSE,NA,NA,FALSE,NA
"5",5,0.10436707824931,FALSE,NA,NA,FALSE,NA
"6",3,-0.0446579827512255,FALSE,NA,NA,TRUE,5
