"","X","V","Imp","rand"
"1",1,1,0.396018708721207,0.000442055600326795
"2",2,2,0.0703341078368095,0.0808786711325219
"3",3,3,0.352102083660634,0.578023907842716
"4",4,4,0.0575840492265583,0.0518142708388582
"5",5,5,0.404153475878262,0.0388386766784221
