"","V1","effect_size","nonlinear","location","scale","interactions","V2"
"1",1,0.466683427362934,TRUE,-0.477208830797174,0.334009514190257,FALSE,NA
"2",2,-0.265205783942978,FALSE,NA,NA,FALSE,NA
"3",3,0.362210276127189,TRUE,-1.90189986157332,0.00396642275154591,FALSE,NA
"4",4,-0.239966766921085,FALSE,NA,NA,FALSE,NA
"5",5,-0.0708688154534172,TRUE,0.169455851158367,1.16997487513551,FALSE,NA
"6",3,0.220905799528499,FALSE,NA,NA,TRUE,5
"7",1,0.178225287345992,FALSE,NA,NA,TRUE,5
