"","X","V","Imp","rand"
"1",1,1,0.00403199716740674,0.046343350677654
"2",2,2,0.0164446024330816,0.0220420531440461
"3",3,3,0.00255207207329286,0.000797248564423782
"4",4,4,0.220096432371816,0.492712486720222
"5",5,5,0.00687232878159254,0.188102440783811
