"","X","V","Imp","rand"
"1",1,1,9.47133131944901e-05,0.227235347287255
"2",2,2,0.0799929581797465,0.000653652332699804
"3",3,3,0.314842355166053,0.510513510469035
"4",4,4,0.0278170781760826,0.00147628329210716
"5",5,5,0.0167168977053423,0.0101175667770299
