"","V1","effect_size","nonlinear","location","scale","interactions","V2"
"1",1,-0.00973207650989706,FALSE,NA,NA,FALSE,NA
"2",2,-0.0886390705931454,TRUE,-0.163129413577053,0.34772257173778,FALSE,NA
"3",3,0.466022232001792,TRUE,0.589057639118566,1.00490738726677,FALSE,NA
"4",4,-0.047827994669354,FALSE,NA,NA,FALSE,NA
"5",5,-0.129293842488118,TRUE,-1.47246425805759,0.814239589455438,FALSE,NA
"6",3,0.0255295611019908,FALSE,NA,NA,TRUE,4
"7",2,-0.0721360733441299,FALSE,NA,NA,TRUE,3
