"","X","V","Imp","rand"
"1",1,1,0.0873037843964273,0.107952422110897
"2",2,2,0.0628532944206411,0.063226355057445
"3",3,3,0.0186240951517921,0.423068111986585
"4",4,4,0.000455888596214275,0.141756129220695
"5",5,5,0.00735166258259124,0.0139919366309728
