"","X","V","Imp","rand"
"1",1,1,0.000238826923472495,0.402592295823411
"2",2,2,0.0352266820343438,0.197608933980506
"3",3,3,0.000359211232289201,0.146108139127258
"4",4,4,0.0162293955939445,0.0024142913784662
"5",5,5,0.010444973118093,0.00136133852552359
