"","X","V","Imp","rand"
"1",1,1,0.142184127593145,0.00377882877559717
"2",2,2,0.000123414597765268,0.303335484717058
"3",3,3,0.137781259172998,0.041963463207507
"4",4,4,0.0614364039573861,0.00688344548465419
"5",5,5,0.000580527670630435,0.0047808918705971
"6",6,6,0.0819506057439034,0.00369027132222111
"7",7,7,0.0190687389700452,0.00190220547630046
"8",8,8,0.0176501891673476,0.168690065590759
"9",9,9,0.00477241889667861,0.0241655313510981
"10",10,10,0.0292003219159009,0.190802081578645
