"","X","V","Imp","rand"
"1",1,1,0.000951446458939282,0.0580080764032424
"2",2,2,0.0026825818269623,0.00139024964225079
"3",3,3,0.212105548643317,0.102573577035512
"4",4,4,0.0363269722890795,0.155579604414947
"5",5,5,0.132185302189801,0.0707901407864665
"6",6,6,0.0438878916085497,0.000219494497632319
"7",7,7,0.0360927797233797,0.0236598504870118
"8",8,8,0.021922599850375,0.193471658190478
"9",9,9,0.0751099691226138,0.0129944475519798
"10",10,10,0.00122466655714069,0.131306906227078
