"","X","V","Imp","rand"
"1",1,1,0.154045760564606,0.169470886696025
"2",2,2,0.43233086388407,0.457629051735691
"3",3,3,0.0179811892688397,0.000501393525734089
"4",4,4,0.325874747756587,0.00203736752387732
"5",5,5,0.127188231883515,0.12039515496367
