"","X","V","Imp","rand"
"1",1,1,0.00202897504876085,0.209912271930731
"2",2,2,0.128644774601818,0.00948115261219799
"3",3,3,0.0711420773185798,0.308055903133023
"4",4,4,0.0101307699206642,0.210181931709169
"5",5,5,0.171377997483305,0.0122965367029322
