"","X","V","Imp","rand"
"1",1,1,0.329737925978942,0.0969809089857942
"2",2,2,0.00113614108517635,0.536315533283528
"3",3,3,0.379016112552856,0.00312341576999107
"4",4,4,0.002181299640044,0.0785000507781962
"5",5,5,0.449729585054132,0.035079501610463
