"","V1","effect_size","nonlinear","location","scale","interactions","V2"
"1",1,-0.0450441455547871,TRUE,-0.235083603902401,0.481275485362858,FALSE,NA
"2",2,0.133029576944826,FALSE,NA,NA,FALSE,NA
"3",3,-0.117846039625452,FALSE,NA,NA,FALSE,NA
"4",4,-0.100651725870271,TRUE,-0.698324367660106,0.353727258741856,FALSE,NA
"5",5,-0.0563533757678284,TRUE,-0.0984888496516336,0.104400641322679,FALSE,NA
"6",3,0.0572543882631762,FALSE,NA,NA,TRUE,5
"7",2,0.110947906259699,FALSE,NA,NA,TRUE,5
