"","X","V","Imp","rand"
"1",1,1,0.0350712800782334,0.0155175481618114
"2",2,2,3.47085637435504e-05,0.147143687317888
"3",3,3,1.59290436245169e-05,0.00633323744657424
"4",4,4,0.0192069970211309,0.0423429091106506
"5",5,5,0.00102176686612048,0.0210203745793621
"6",6,6,0.0269469686015983,0.0828418646938142
"7",7,7,0.000769110690926553,0.0410439705768221
"8",8,8,0.0168795506816007,0.25024308746498
"9",9,9,0.00281962355323041,0.127242372894447
"10",10,10,0.00453188770861644,0.0162331442016795
