"","X","V","Imp","rand"
"1",1,1,0.0635635251978549,0.171991078366515
"2",2,2,0.531684236143038,0.578038784373891
