"","X","V","Imp","rand"
"1",1,1,0.0491234535174614,0.136784853960518
"2",2,2,0.000341086879692391,0.00378828461424343
"3",3,3,0.198608386231527,0.00368038468798634
"4",4,4,0.216126443815867,0.010686031839853
"5",5,5,0.019969456637065,4.54918633752452e-05
"6",6,6,0.0082060860834263,0.0196011735285365
"7",7,7,0.00368281652791877,0.469670320156013
"8",8,8,0.097308063895307,0.00708117723809581
"9",9,9,0.00180098085778359,0.0961082190780965
"10",10,10,0.0117829208285571,0.00255251976747959
