"","X","V","Imp","rand"
"1",1,1,0.0276590381868327,0.000345883571296327
"2",2,2,0.000665315354509484,0.421059694760978
"3",3,3,0.017583042674499,0.00983617620301679
"4",4,4,0.0460353531213945,0.00149105901957392
"5",5,5,0.00175453550097067,0.137898662400625
"6",6,6,0.0240710390015427,0.053832614742961
"7",7,7,8.88714782891091e-05,0.00229504945294613
"8",8,8,0.0184088928324862,0.0837127861551418
"9",9,9,0.00913226868353325,0.00126596637363815
"10",10,10,0.00149449490523176,0.0382572208347021
