"","X","V","Imp","rand"
"1",1,1,0.245448128601573,0.269620152953316
"2",2,2,0.244043924315682,0.480416751514621
