"","X","V","Imp","rand"
"1",1,1,0.063213756302001,0.0132906371294005
"2",2,2,0.0374266815862794,0.00763399892894484
"3",3,3,0.0140974457785881,0.162299433605509
"4",4,4,0.00171489889883776,0.0238350472350511
"5",5,5,0.00814911913178108,0.210735355261036
"6",6,6,0.00688545611148007,0.02440043916028
"7",7,7,0.000961801530239772,0.0531598896854271
"8",8,8,0.104926371558614,0.0826520839403078
"9",9,9,0.000269875305038018,0.155670412817663
"10",10,10,0.00977510597663292,0.0163134853436014
