"","X","V","Imp","rand"
"1",1,1,0.0107283738941354,0.0012557071610178
"2",2,2,0.140510896620288,0.0942788473829332
"3",3,3,0.254417721735719,0.00485657729991338
"4",4,4,0.0334079426385761,0.0308271901959823
"5",5,5,0.0254437749664063,0.267142769859652
"6",6,6,0.000178457199060843,0.148906495791278
"7",7,7,0.000591925625367754,0.00634577250192763
"8",8,8,0.0583145935608088,0.142754116684584
"9",9,9,0.004738161405014,0.000317022715163984
"10",10,10,0.0341453204750884,0.053314657175448
