"","X","V","Imp","rand"
"1",1,1,0.00661037381688773,0.020816365165826
"2",2,2,0.0485200949111922,1.32508371091597e-05
"3",3,3,0.0103452437659755,0.000989289118380873
"4",4,4,0.0497086252422753,0.0466747576119411
"5",5,5,0.000253376205687322,0.143098302028438
"6",6,6,0.182148633850152,0.379233802325265
"7",7,7,7.76602131938753e-06,0.000176045802050617
"8",8,8,0.0712618823763173,0.0687060745540674
"9",9,9,9.79595232526176e-05,0.0749933079699352
"10",10,10,0.195827926574651,0.0152970555484212
