"","X","V","Imp","rand"
"1",1,1,0.0826640489850726,0.255323838177035
"2",2,2,0.114631686968528,0.156759209796327
"3",3,3,0.00479188955356454,0.0148807685009799
"4",4,4,3.03407198317048e-05,0.323023863307414
"5",5,5,0.0183253810521961,1.1482468835935e-05
