"","X","V","Imp","rand"
"1",1,1,0.441854512849223,0.0332257223313577
"2",2,2,0.12064128960717,0.716770535544611
