"","X","V","Imp","rand"
"1",1,1,0.22857617063585,0.749964915418896
"2",2,2,0.413031777042954,6.35143310415015e-05
