"","X","V","Imp","rand"
"1",1,1,0.161425628587421,5.17525611577282e-05
"2",2,2,0.197810971941339,0.419458830757422
"3",3,3,0.043723734109241,0.215086145681158
"4",4,4,0.00149709294939991,0.0276924256187551
"5",5,5,0.0144034256631476,0.0877060708572752
