"","X","V","Imp","rand"
"1",1,1,0.467945167970753,0.20214729347996
"2",2,2,0.126399926953704,0.0516212646893988
"3",3,3,0.0398566308484678,0.30109874749667
"4",4,4,0.0176117320619763,0.000985277451442982
"5",5,5,0.0207840281591771,0.00914118638141597
"6",6,6,0.00149615642691903,0.00129326666887151
"7",7,7,0.0105181524696025,0.0359474429770803
"8",8,8,0.00987636533178231,0.0526829100866973
"9",9,9,0.516196544325398,0.0844347333427613
"10",10,10,0.0454414273763065,0.0106459112814998
