"","X","V","Imp","rand"
"1",1,1,0.0134469859505742,0.0532225452909505
"2",2,2,0.00177031184690945,0.0236312453281819
"3",3,3,0.00716125424632088,0.0865875523542836
"4",4,4,0.335631625107179,0.103055451948369
"5",5,5,0.00454211789303753,0.000113800240353298
"6",6,6,0.00344370824192714,0.0769231683183654
"7",7,7,0.0296522930635449,0.124920025315917
"8",8,8,0.173542238975739,0.15287736732299
"9",9,9,0.504979579873059,0.00456049575281598
"10",10,10,0.0197759898912268,0.1241032323798
