"","X","V","Imp","rand"
"1",1,1,0.0143923813579134,0.158020737253685
"2",2,2,0.250178624056355,0.00151249045186989
"3",3,3,0.00855103588804339,0.0201278712832093
"4",4,4,0.10758940289174,0.425392994181147
"5",5,5,0.148692167666173,0.144945523712754
