"","V1","effect_size","nonlinear","location","scale","interactions","V2"
"1",1,-0.119968251458098,FALSE,NA,NA,FALSE,NA
"2",2,0.0305669069976051,TRUE,-1.80254294485948,0.974544552315021,FALSE,NA
"3",3,0.0924718113158999,TRUE,0.0384655994191953,0.276061763521284,FALSE,NA
"4",4,0.000726307596705319,FALSE,NA,NA,FALSE,NA
"5",5,-0.0838853669136244,TRUE,-0.442908920040862,1.3565661785704,FALSE,NA
"6",2,-0.14165541288394,FALSE,NA,NA,TRUE,5
"7",2,0.107588875369015,FALSE,NA,NA,TRUE,4
