"","X","V","Imp","rand"
"1",1,1,0.06393658915111,0.00382524671201638
"2",2,2,0.0595434473194031,0.120158824510348
"3",3,3,0.00743574029603422,0.00087670507956866
"4",4,4,0.00257668263209331,0.0369273072575444
"5",5,5,0.0151751458215599,0.00420865247493475
"6",6,6,0.0129799356523919,0.0389413287061647
"7",7,7,0.0186313580439684,0.155205244709031
"8",8,8,0.0284044590736393,0.369636344281075
"9",9,9,0.0378885745129277,0.00062531628477018
"10",10,10,0.00335576472520455,0.0195927341521944
