"","X","V","Imp","rand"
"1",1,1,0.102552428434472,0.0808099205549422
"2",2,2,0.0446380381540446,0.341718942012674
"3",3,3,0.000327697654305004,0.00141687161456044
"4",4,4,0.000341344093728267,0.21539918049187
"5",5,5,0.100767661366588,0.110644967504228
