"","X","V","Imp","rand"
"1",1,1,0.0885626648876653,0.424935126085068
"2",2,2,0.138822134686119,0.226760810089307
"3",3,3,0.14620023776294,0.095279958401701
"4",4,4,0.0978627386114376,0.00080737334824225
"5",5,5,0.000105355054104961,0.00223007270703223
