"","V1","effect_size","nonlinear","location","scale","interactions","V2"
"1",1,0.0935005450418293,FALSE,NA,NA,FALSE,NA
"2",2,-0.0387482947215096,TRUE,-0.155474393453124,1.56948970545458,FALSE,NA
"3",3,0.0942312762337762,TRUE,-1.74017389370731,0.14874024130404,FALSE,NA
"4",4,-0.134322096644191,TRUE,2.32743129965769,0.344487600959837,FALSE,NA
"5",5,-0.0102642610111474,FALSE,NA,NA,FALSE,NA
"6",2,0.137320704342294,FALSE,NA,NA,TRUE,3
"7",1,-0.0798203129645462,FALSE,NA,NA,TRUE,4
