"","X","V","Imp","rand"
"1",1,1,0.000700705602534685,0.443161322963819
"2",2,2,0.396967951174045,0.0144920408292629
"3",3,3,0.00119763499478375,0.0436172100063136
"4",4,4,0.277169665195777,0.196136144453335
"5",5,5,0.649179472442822,0.052565535190218
