"","X","V","Imp","rand"
"1",1,1,0.00769277359733089,0.0318105847285667
"2",2,2,0.248183236794834,0.018782937859012
"3",3,3,0.124568125273834,0.0429648001611142
"4",4,4,0.0438867004136921,0.0201804430455464
"5",5,5,0.0153359330194235,0.415433532908606
"6",6,6,0.0114297269698433,0.012340274021051
"7",7,7,0.0441572466380802,0.0124019846367812
"8",8,8,0.0141502758247996,0.00362936526557331
"9",9,9,0.0471921806008026,0.0642343027493388
"10",10,10,0.00590079152281808,0.128192598953796
