"","X","V","Imp","rand"
"1",1,1,0.290748839359509,0.137628549990761
"2",2,2,0.123572943942825,0.422989840202515
"3",3,3,0.385209553225273,0.0148717474160782
"4",4,4,0.17055544582963,0.03690562400188
"5",5,5,0.274145913963766,0.137599291917968
