"","V1","effect_size","nonlinear","location","scale","interactions","V2"
"1",1,0.0475741453055142,TRUE,0.616049923414201,0.771272270898235,FALSE,NA
"2",2,-0.156967907755584,TRUE,-0.353064865911171,0.524903391953558,FALSE,NA
"3",3,0.311004844282712,FALSE,NA,NA,FALSE,NA
"4",4,-0.412983590266768,FALSE,NA,NA,FALSE,NA
"5",5,-0.418583198523431,TRUE,-2.26417911807194,0.286732662469149,FALSE,NA
"6",2,0.0989340198776596,FALSE,NA,NA,TRUE,5
"7",1,-0.288485540057959,FALSE,NA,NA,TRUE,3
