"","X","V","Imp","rand"
"1",1,1,0.590864783941293,0.541570066046337
"2",2,2,0.788657624078881,0.20842774405524
