"","X","V","Imp","rand"
"1",1,1,0.233100241355312,0.403133160165988
"2",2,2,0.00108132426242126,0.0185457434855142
"3",3,3,0.0862295295959502,0.00182895301460415
"4",4,4,0.268118271546111,0.300756253572533
"5",5,5,0.0612234440257935,0.0257326475932013
