"","X","V","Imp","rand"
"1",1,1,0.0435532235749922,0.00146521366987152
"2",2,2,0.0132118008730368,0.0300556308238039
"3",3,3,0.00428254157278206,0.0242713436104899
"4",4,4,0.0249884081988997,0.0742075185789089
"5",5,5,0.0437764770274316,0.0853264102541691
"6",6,6,0.0570296404219034,0.107973896421706
"7",7,7,0.00153775513503737,0.0105742798993171
"8",8,8,0.00822250534427504,0.0331843798454438
"9",9,9,0.0516486088840737,0.0844341957234282
"10",10,10,0.00170488431120207,0.298502183530178
