"","X","V","Imp","rand"
"1",1,1,0.0344710424367423,0.0186959835472989
"2",2,2,0.527987680911533,0.731295766646467
