"","X","V","Imp","rand"
"1",1,1,0.230621014423679,0.733873605171374
"2",2,2,0.331870125751005,0.0161258200016003
