"","X","V","Imp","rand"
"1",1,1,0.00621660056488812,0.0360406944666129
"2",2,2,0.00259570251411319,0.00938172185043457
"3",3,3,0.00479629571991321,0.00851677963869018
"4",4,4,0.0325586853333027,0.000130710171861903
"5",5,5,0.00124565183485578,8.17170706722839e-07
"6",6,6,0.086010732287023,0.0529294877509285
"7",7,7,0.0869216325850209,0.160537296134831
"8",8,8,0.0690041362564607,0.467491645215868
"9",9,9,0.000679198497663607,0.00814612901910584
"10",10,10,0.0617203484611507,0.00680445685377776
