"","X","V","Imp","rand"
"1",1,1,0.0690366601731195,0.0125327095807228
"2",2,2,0.0770492060112369,0.0340925582865692
"3",3,3,0.000240262032560004,0.0430943014408654
"4",4,4,0.0385541870555764,0.000272237877331536
"5",5,5,0.00528290945032249,0.0950058173411747
"6",6,6,0.0509345832964643,0.315191142304481
"7",7,7,0.244569960084806,0.124572738231559
"8",8,8,0.0476412671952328,0.0245776348862715
"9",9,9,0.141379221331942,0.0963159678186399
"10",10,10,0.0619348394886056,0.00433428915929877
