"","X","V","Imp","rand"
"1",1,1,0.00146869503654019,0.0638922351552305
"2",2,2,0.15910694242918,0.156149614551499
"3",3,3,0.0533445277832616,0.00535505339669946
"4",4,4,0.117656260066911,0.00692418296893042
"5",5,5,0.057060978629811,0.0513177716229639
"6",6,6,0.282044845528139,0.0914812063940859
"7",7,7,0.0327445940307421,0.0607661419501612
"8",8,8,0.099206238883377,0.000289026070813123
"9",9,9,0.00169902773791465,0.12392855562665
"10",10,10,0.0962088699570657,0.189677093583388
