"","X","V","Imp","rand"
"1",1,1,0.0115139847698397,0.00355582269089933
"2",2,2,0.000699182834783618,0.381251479429041
"3",3,3,0.0378263987104525,0.0473053954179545
"4",4,4,0.000484367482657956,0.0786718914162405
"5",5,5,0.0119677569951274,0.239210143177232
