"","X","V","Imp","rand"
"1",1,1,0.00745350340162466,0.0050400167511017
"2",2,2,0.152402000084716,0.0650649143179021
"3",3,3,0.000875022294698617,0.00322933735087157
"4",4,4,6.90553115963368e-06,0.190988951954768
"5",5,5,0.152618510880325,0.00275359862365598
"6",6,6,1.45558652430041e-06,0.26209965171472
"7",7,7,0.000117941722400995,0.18718565073058
"8",8,8,9.00011217323924e-05,0.00301375052981045
"9",9,9,0.0107339674191067,0.000426259126251826
"10",10,10,0.0103513320696993,0.0301957692361987
