"","X","V","Imp","rand"
"1",1,1,0.00789116266098462,0.01377604416657
"2",2,2,0.0477587179209241,0.0275696114398931
"3",3,3,0.195807452571255,0.116837567426139
"4",4,4,0.00833401321310043,0.0147380559346382
"5",5,5,0.0124899738771106,0.293792802553022
"6",6,6,0.0686290964018807,0.0652308440140147
"7",7,7,0.0135033949699833,0.105909472580311
"8",8,8,0.0597563011012233,0.0188978844178483
"9",9,9,0.0853136692006245,0.056049701400468
"10",10,10,0.0630101093267798,0.0371947725899962
