"","X","V","Imp","rand"
"1",1,1,0.224765552249282,0.124872197288803
"2",2,2,0.0069277134392871,0.079286105668712
"3",3,3,0.324194987465019,0.0314723559945824
"4",4,4,0.000315573955746515,0.292831698286765
"5",5,5,0.540279028067907,0.2215369399914
