"","V1","effect_size","nonlinear","location","scale","interactions","V2"
"1",1,-0.02222202717245,TRUE,-1.44291664050456,0.251153694931418,FALSE,NA
"2",2,-0.0832328867653111,TRUE,-0.214350713131863,1.55988296112957,FALSE,NA
"3",3,0.258841720891971,FALSE,NA,NA,FALSE,NA
"4",4,0.0177644013618955,TRUE,-0.815921960841498,0.74038214604826,FALSE,NA
"5",5,0.242510501462464,FALSE,NA,NA,FALSE,NA
"6",3,-0.257195950990702,FALSE,NA,NA,TRUE,5
"7",1,-0.224271733757629,FALSE,NA,NA,TRUE,5
