"","X","V","Imp","rand"
"1",1,1,0.0603793420747489,0.000432731023479561
"2",2,2,0.0320025043285709,0.552336631129342
"3",3,3,0.378461772581038,0.0531107501988491
"4",4,4,0.0968521290532892,0.0913420552463114
"5",5,5,0.608390682863633,0.0527713092063483
