"","X","V","Imp","rand"
"1",1,1,0.139432007469655,0.495097635074028
"2",2,2,0.00123707060935432,0.0600077417701593
"3",3,3,0.220875844261441,0.0147428336365528
"4",4,4,0.0538778134051409,0.103422946865875
"5",5,5,0.00101161297730951,0.0767280578482284
