"","V1","effect_size","nonlinear","location","scale","interactions","V2"
"1",1,0.245722083001811,TRUE,-1.56515147771269,0.625893415883183,FALSE,NA
"2",2,0.17889243787419,TRUE,-0.266292775672405,1.20198100614817,FALSE,NA
"3",3,-0.0021484193262992,TRUE,1.21518325365004,0.428873747121543,FALSE,NA
"4",4,0.311210747008019,FALSE,NA,NA,FALSE,NA
"5",5,-0.47951384337493,FALSE,NA,NA,FALSE,NA
"6",3,0.378457156875436,FALSE,NA,NA,TRUE,5
