"","X","V","Imp","rand"
"1",1,1,0.0328948214207153,0.626127602572452
"2",2,2,0.0690584442588278,0.0228789498528858
"3",3,3,0.239774940932376,0.00288254150140586
"4",4,4,0.133469976628654,0.084093716277363
"5",5,5,0.491281230745754,0.0140097113658555
