"","V1","effect_size","nonlinear","location","scale","interactions","V2"
"1",1,0.18136929569449,FALSE,NA,NA,FALSE,NA
"2",2,-0.262789733929672,TRUE,-1.50755472000952,6.84163711741011,FALSE,NA
"3",3,-0.108608465442557,FALSE,NA,NA,FALSE,NA
"4",4,0.365335430294755,TRUE,-1.2233854399246,1.16710749171199,FALSE,NA
"5",5,0.513129699568408,TRUE,0.966074870318922,2.12465809431449,FALSE,NA
"6",3,0.227979142166589,FALSE,NA,NA,TRUE,5
