"","X","V","Imp","rand"
"1",1,1,7.11612309727353e-05,0.0488342847914002
"2",2,2,0.185458095871856,0.0455755306727123
"3",3,3,0.186153648213399,0.060790714351748
"4",4,4,5.57382096284952e-05,0.225356624350914
"5",5,5,0.176724042171536,0.00787766102334738
"6",6,6,0.225738472528818,0.00895743609712361
"7",7,7,0.0251792277330444,0.0549695026873388
"8",8,8,0.120284404716324,0.051544002207464
"9",9,9,0.0278032697002558,0.221439608610507
"10",10,10,0.0669892781287292,0.024587005227511
