"","X","V","Imp","rand"
"1",1,1,0.434174916717527,0.162599167841291
"2",2,2,0.358129799802554,0.00429893037334305
"3",3,3,0.0137393185380126,0.13890047925562
"4",4,4,0.24956963414452,0.0661776471252698
"5",5,5,0.38812351206384,0.378021153748966
