"","X","V","Imp","rand"
"1",1,1,0.105722225482944,0.0351468336322715
"2",2,2,0.00567179367474941,0.0112877444179678
"3",3,3,0.209129941244509,1.07963988452361e-05
"4",4,4,0.00201986991662244,0.103764861951031
"5",5,5,1.02394249957012e-06,0.0824844106350895
"6",6,6,0.0227946452867482,0.00520444404627995
"7",7,7,0.0783531830685597,0.0108566428895148
"8",8,8,0.0250844929267057,0.116718352377141
"9",9,9,0.0193655652061297,0.019632246394054
"10",10,10,0.162839748480847,0.364891160921894
