"","X","V","Imp","rand"
"1",1,1,0.105722225482944,0.00446358829439943
"2",2,2,0.00567179367474941,0.00127277863052368
"3",3,3,0.209129941244509,0.101942399982857
"4",4,4,0.00201986991662244,0.0033260166685415
"5",5,5,1.02394249957012e-06,0.000251204561831119
"6",6,6,0.0227946452867482,0.109995556259401
"7",7,7,0.0783531830685597,0.218933938624835
"8",8,8,0.0250844929267057,0.0781261995782781
"9",9,9,0.0193655652061297,0.0535480073879954
"10",10,10,0.162839748480847,0.178125263389562
