"","X","V","Imp","rand"
"1",1,1,0.496518361666549,0.311523117638254
"2",2,2,0.0561780865785496,0.32700854844065
"3",3,3,0.170623100100377,0.0868940766542645
"4",4,4,0.28250791991822,0.00442863131851998
"5",5,5,0.694677371055906,0.0201424481176348
