"","X","V","Imp","rand"
"1",1,1,0.179801099649277,0.00357151386934569
"2",2,2,0.00242502485934681,0.111370297919926
"3",3,3,0.0298023200305811,0.255961550648372
"4",4,4,0.00823636182970516,0.362556905540105
"5",5,5,0.0531417394502255,0.0165394968380239
