"","X","V","Imp","rand"
"1",1,1,0.0823673197943513,0.00673467915017749
"2",2,2,0.0704222099168617,0.0282056650745898
"3",3,3,0.0224910209412631,0.154684647641037
"4",4,4,0.000191676068124882,0.0405613523790981
"5",5,5,0.266600438270593,0.207761197604799
"6",6,6,0.0160188971738115,0.000985972954141353
"7",7,7,0.0084628758029303,0.00462036629630026
"8",8,8,0.0411356743644696,0.00874773797450586
"9",9,9,0.0209896606865106,0.029653857291765
"10",10,10,0.0338145728287352,0.268039875783271
