"","X","V","Imp","rand"
"1",1,1,0.0155408121388985,0.000727083225426843
"2",2,2,0.000662949614791648,0.0107623125763471
"3",3,3,0.173624549989531,0.0322980276011447
"4",4,4,0.0156849886453241,0.24824193838198
"5",5,5,0.172918745780884,0.457928267512615
