"","V1","effect_size","nonlinear","location","scale","interactions","V2"
"1",1,0.124662793723302,TRUE,-1.00170182711371,0.564051976427436,FALSE,NA
"2",2,0.0257478079609051,TRUE,0.337030131461551,0.297157714284551,FALSE,NA
"3",3,0.0268876498262924,TRUE,-0.323073231921514,0.167171531408705,FALSE,NA
"4",4,-0.125239724709551,FALSE,NA,NA,FALSE,NA
"5",5,-0.00414023000979687,FALSE,NA,NA,FALSE,NA
"6",3,-0.17290160427635,FALSE,NA,NA,TRUE,5
