"","X","V","Imp","rand"
"1",1,1,0.0550963150978827,2.58221747929087e-06
"2",2,2,0.0320498951910838,0.0141228426766888
"3",3,3,0.0726378773700496,0.222037740046051
"4",4,4,0.200694392039954,0.0151671710070917
"5",5,5,0.199801082867354,0.0499065446992171
"6",6,6,0.0247610088074663,0.126181824443866
"7",7,7,0.00411821051177063,0.10667325154729
"8",8,8,0.00508432847618382,0.0836327908077144
"9",9,9,0.0104305800997356,0.105940010678478
"10",10,10,0.000299312993806382,0.0263268237150692
