"","X","V","Imp","rand"
"1",1,1,0.00935483092314407,0.116337651167422
"2",2,2,0.00135800558343197,0.216898645878517
"3",3,3,0.0101024505949404,0.148142392744727
"4",4,4,0.000509343543007691,0.0491725174119339
"5",5,5,0.00713460901287586,0.012703267621376
"6",6,6,0.0764883929931661,0.0264079522126675
"7",7,7,0.00909498551543617,0.097265345900377
"8",8,8,0.0929480884671964,0.00664884577808134
"9",9,9,0.00555541754156152,0.0760071003845004
"10",10,10,0.0374377501058954,0.000413458681473772
