"","X","V","Imp","rand"
"1",1,1,0.000550532536094101,0.00098365349302006
"2",2,2,0.177551586243785,0.00489330009005052
"3",3,3,0.152921563882954,0.0256960150097686
"4",4,4,0.0649657607655931,0.0699868739397424
"5",5,5,0.0663689281496516,6.83479260199221e-05
"6",6,6,0.00127034964380032,0.194326084611518
"7",7,7,0.00394224395228345,0.353252944739491
"8",8,8,0.0604032495044431,0.0520299861575522
"9",9,9,0.00317352521984286,0.0322002591995645
"10",10,10,0.031347684542884,0.0165601727619327
