"","X","V","Imp","rand"
"1",1,1,0.000408056478648804,0.0176726343952934
"2",2,2,0.0497662792181094,0.00310154340994302
"3",3,3,0.0121377734320739,0.0176885745546224
"4",4,4,0.0129378727593695,0.157436187675088
"5",5,5,0.0409326996291893,0.0149061385956423
"6",6,6,0.0663311636569738,0.16634919110002
"7",7,7,0.000572283529356622,0.00036970296318003
"8",8,8,0.198446945496362,0.31415947637043
"9",9,9,0.0221142627377137,0.0573616866904164
"10",10,10,0.191521036357113,0.000954002891012893
