"","X","V","Imp","rand"
"1",1,1,0.0562564433279711,0.22320617684555
"2",2,2,0.0423054755555992,0.000894486806906904
"3",3,3,0.247755999671997,0.130533928706402
"4",4,4,0.000851485247624839,0.0407717585055908
"5",5,5,0.119354973618088,0.354590613197206
