"","X","V","Imp","rand"
"1",1,1,0.000949366393872311,0.0977473539232982
"2",2,2,0.00158378638974211,2.68969876607553e-05
"3",3,3,0.000600108442335697,0.291209287264993
"4",4,4,0.0425405767772806,0.28787986125972
"5",5,5,0.0168254693456152,0.073054865118045
