"","X","V","Imp","rand"
"1",1,1,0.306058836797713,0.252902339966489
"2",2,2,0.00866619550747643,0.114095142694432
"3",3,3,0.0317168974870446,0.145345441431465
"4",4,4,0.391085688506963,0.00419407457786893
"5",5,5,0.0218262647065456,0.233457445285268
