"","X","V","Imp","rand"
"1",1,1,0.0293625085045452,0.00341854427594874
"2",2,2,0.0173504535633864,0.521875088848159
"3",3,3,0.0141933880082805,0.0820084318076937
"4",4,4,0.00032968713167781,0.0548513979121727
"5",5,5,0.00125914233456532,0.0878397025540528
