"","X","V","Imp","rand"
"1",1,1,0.0293625085045452,0.144892601446733
"2",2,2,0.0173504535633864,0.471497039697163
"3",3,3,0.0141933880082805,0.0895776325174951
"4",4,4,0.00032968713167781,0.0270687358135792
"5",5,5,0.00125914233456532,0.0169625829230383
