"","X","V","Imp","rand"
"1",1,1,0.00317634917218555,0.213786570645431
"2",2,2,0.0788876021380441,0.118885647437794
"3",3,3,0.00423342038722426,0.0116464983476271
"4",4,4,0.0999578464138822,0.164131115383206
"5",5,5,0.0180377753853512,0.241547422583013
