"","X","V","Imp","rand"
"1",1,1,0.00434091595973271,0.0463861399610674
"2",2,2,0.00871858123692441,0.064935232452586
"3",3,3,0.0128255527596461,0.128847873012745
"4",4,4,0.0188506534853498,0.0479681402471717
"5",5,5,0.0177375374463375,0.461861792120155
