"","V1","effect_size","nonlinear","location","scale","interactions","V2"
"1",1,0.0406191234548011,TRUE,0.21859354094696,1.31023389096828,FALSE,NA
"2",2,0.083218448417189,TRUE,0.375471270189101,0.795772115657938,FALSE,NA
"3",3,0.0520286882909331,TRUE,0.88862714250358,0.445906925946474,FALSE,NA
"4",4,-0.167318721106762,FALSE,NA,NA,FALSE,NA
"5",5,0.134304785414933,FALSE,NA,NA,FALSE,NA
"6",1,0.00152643598194918,FALSE,NA,NA,TRUE,3
"7",2,0.0719622919810798,FALSE,NA,NA,TRUE,4
