"","X","V","Imp","rand"
"1",1,1,0.000736512391332959,0.00159343003222161
"2",2,2,0.00284569823466445,0.00407560578787576
"3",3,3,0.0253308377469336,0.00098608647800755
"4",4,4,0.00413408951148645,0.0078790027007807
"5",5,5,0.000270716453492257,0.0908530272557029
"6",6,6,0.0294497061027989,0.0175310249525645
"7",7,7,0.166640528702514,0.54457883900256
"8",8,8,0.000738379007063904,0.0658598226680416
"9",9,9,0.159147530773236,0.00264027638657382
"10",10,10,0.00190829050604993,0.0139925190450857
