"","X","V","Imp","rand"
"1",1,1,0.000716745260337338,0.0532167958617514
"2",2,2,0.104022379674947,0.00207081336109557
"3",3,3,0.111029102607738,0.105457829126229
"4",4,4,0.00623026293456833,0.0112242541991218
"5",5,5,0.247340610517625,0.229879576101109
"6",6,6,0.0502657389066898,0.307531633103717
"7",7,7,0.0611523713352639,0.00484755729253419
"8",8,8,0.00674717620216918,0.0102761637419931
"9",9,9,0.0154904561596165,0.00365594997269516
"10",10,10,0.0531108807355407,0.0218105596203856
