"","X","V","Imp","rand"
"1",1,1,0.0265035424268253,0.0618085394247546
"2",2,2,0.00158323852766158,0.0340897265704597
"3",3,3,0.00138562210354356,0.242989649169114
"4",4,4,0.00952115115039227,0.0277263366436723
"5",5,5,0.00225274505277249,0.0732261482369663
"6",6,6,0.00101449695250988,0.171659425319229
"7",7,7,0.00225920243102656,0.0065581734895336
"8",8,8,0.000834661315493231,0.0112445319640545
"9",9,9,0.00507431880212358,0.0909543054274729
"10",10,10,0.0120623216963149,0.0297064931840843
