"","X","V","Imp","rand"
"1",1,1,0.153727638296241,0.602547415117106
"2",2,2,0.49385111619628,4.251633410332e-05
"3",3,3,0.00846404901037402,0.0118810120426524
"4",4,4,0.339363310597613,0.102804966888962
"5",5,5,0.396219789318829,0.0327105556159826
