"","X","V","Imp","rand"
"1",1,1,0.0652406689659702,0.0150584065751452
"2",2,2,3.88550548970448e-05,0.00185320748816743
"3",3,3,0.104820441658311,0.00864946780033232
"4",4,4,0.00550531023940818,0.0192527996871781
"5",5,5,5.15720820132904e-05,0.00541341287295031
"6",6,6,0.0740255888809909,0.0241824542377325
"7",7,7,0.0138533508277761,0.0242888614919241
"8",8,8,0.0691888273834292,0.380647729868849
"9",9,9,0.0103866562244711,0.123459022378731
"10",10,10,0.0621515379339403,0.147194904080752
