"","X","V","Imp","rand"
"1",1,1,0.153727638296241,0.00361097956955238
"2",2,2,0.49385111619628,0.145676250423265
"3",3,3,0.00846404901037402,0.498333067572999
"4",4,4,0.339363310597613,0.0488979575544632
"5",5,5,0.396219789318829,0.0534429732991995
