"","X","V","Imp","rand"
"1",1,1,0.129485844421179,0.00203885597015426
"2",2,2,0.442083787269251,0.286348068935998
"3",3,3,0.00137305127423097,0.160458060727847
"4",4,4,0.510850590898311,0.0419026870222027
"5",5,5,0.0115135223502015,0.259195090444773
