"","X","V","Imp","rand"
"1",1,1,0.121454687695718,0.00203023412836183
"2",2,2,0.00170238086644556,0.0878267054629815
"3",3,3,0.0236782307556599,0.00637669009502324
"4",4,4,0.301801466075931,0.207573544298462
"5",5,5,0.0108331218218475,0.0755417722616627
"6",6,6,0.123872875637454,0.0293047092315941
"7",7,7,0.000111670061987263,0.18334227774701
"8",8,8,0.00657593383313998,0.0299763009291761
"9",9,9,0.0562532503409743,0.00106699023754423
"10",10,10,0.305382666385905,0.126959017389452
