"","X","V","Imp","rand"
"1",1,1,0.129485844421179,0.0753360547296058
"2",2,2,0.442083787269251,0.013909663990565
"3",3,3,0.00137305127423097,0.0057357000737568
"4",4,4,0.510850590898311,0.09837562305506
"5",5,5,0.0115135223502015,0.55674039144694
