"","X","V","Imp","rand"
"1",1,1,0.00260485471262426,0.0040034393234308
"2",2,2,7.0058339801462e-05,0.046217204982538
"3",3,3,0.0175617057073983,0.0043744573922043
"4",4,4,0.107543068780794,0.124132293643946
"5",5,5,0.0971779113319885,0.00422381657271426
"6",6,6,0.000387794746765256,0.0352373491093844
"7",7,7,6.89317354984309e-05,0.0976724138347588
"8",8,8,0.000156386376464072,0.121277622871318
"9",9,9,0.096217080994894,0.272213546631405
"10",10,10,0.0999251735164611,0.0406400474484958
