"","X","V","Imp","rand"
"1",1,1,0.199960537951886,0.690969580711074
"2",2,2,0.499585823307196,0.0590246821489634
