"","X","V","Imp","rand"
"1",1,1,0.0276774558527245,0.328347523460403
"2",2,2,0.0224298835569492,0.0416677490781728
"3",3,3,0.00701530988143058,0.031365694064608
"4",4,4,0.0253438436040674,0.000718736170733829
"5",5,5,0.0465370846737529,0.157646162088574
"6",6,6,0.0629897654198962,0.0825882350764536
"7",7,7,0.0518916479545826,0.0033325320620473
"8",8,8,0.143965253262449,0.0773211492669639
"9",9,9,0.308251032665198,0.0255187341647911
"10",10,10,0.0282470833751169,0.00144149561980253
