"","X","V","Imp","rand"
"1",1,1,0.00276591633984674,0.0263915250934292
"2",2,2,0.00996431588613697,0.00144803445196928
"3",3,3,0.00727460985292421,0.25195669024875
"4",4,4,0.00112598565828648,0.128702459999056
"5",5,5,0.00370757040813396,0.00713258626588618
"6",6,6,0.0124928469721561,0.102728985276534
"7",7,7,0.0152318306228436,0.0201596656920817
"8",8,8,0.0118506997079888,0.017692626075751
"9",9,9,0.0172157570129602,0.152077386723826
"10",10,10,0.00044176852177261,0.041650759964672
