"","X","V","Imp","rand"
"1",1,1,0.0679832805902006,0.0533261071676902
"2",2,2,4.53478153366335e-05,0.359786486248776
"3",3,3,0.0487547630711126,0.0523802850333213
"4",4,4,0.402329061413478,0.253988310106091
"5",5,5,0.0433857464743625,0.0305109781661693
