"","X","V","Imp","rand"
"1",1,1,0.0860432151659926,0.0709411075682284
"2",2,2,0.117018329901787,0.0282527155001373
"3",3,3,0.00169893493320872,0.495003676561255
"4",4,4,0.414387311724313,0.00035056318847255
"5",5,5,0.157611883548868,0.155448136770766
