"","V1","effect_size","nonlinear","location","scale","interactions","V2"
"1",1,0.260736036232433,TRUE,0.488473396716102,0.686282388400286,FALSE,NA
"2",2,0.00673407865536433,FALSE,NA,NA,FALSE,NA
"3",3,0.22080480762681,FALSE,NA,NA,FALSE,NA
"4",4,0.634294144237102,TRUE,0.0833720019882972,0.581967439968139,FALSE,NA
"5",5,0.208292454194487,TRUE,1.16686952031065,0.110186853911728,FALSE,NA
