"","V1","effect_size","nonlinear","location","scale","interactions","V2"
"1",1,-0.293331237964852,TRUE,-0.0681493543067869,0.221104537697333,FALSE,NA
"2",2,-0.0584331376367055,TRUE,0.128711328233547,0.399179061409086,FALSE,NA
"3",3,-0.0412181384005721,FALSE,NA,NA,FALSE,NA
"4",4,0.643729222363187,FALSE,NA,NA,FALSE,NA
"5",5,-0.209780802794611,TRUE,-0.894055750584699,1.85308910339119,FALSE,NA
"6",2,-0.113603898327717,FALSE,NA,NA,TRUE,5
