"","X","V","Imp","rand"
"1",1,1,0.0144656974602773,0.17952310346954
"2",2,2,0.0404116336198462,0.11436427770768
"3",3,3,0.036110474131451,0.0730595418252415
"4",4,4,0.0315918320447572,0.161766303752078
"5",5,5,0.0138283886569805,0.221311360642446
