"","X","V","Imp","rand"
"1",1,1,0.000372593123023462,0.0173228047361494
"2",2,2,0.0786690207417921,0.0979603109839566
"3",3,3,0.0978711318513752,0.0399274876930923
"4",4,4,0.00146193486159106,0.0724514696580649
"5",5,5,0.00159562923025999,0.016441570621753
"6",6,6,0.00147560358531326,0.269472024474427
"7",7,7,0.00128283621591367,0.00220436955763183
"8",8,8,0.0089043001708632,0.0133758345370657
"9",9,9,0.000134817152513742,0.095837759680233
"10",10,10,0.000531154157969371,0.125003192356531
