"","X","V","Imp","rand"
"1",1,1,0.00100288613324541,0.14754230454937
"2",2,2,0.0399293683013719,0.179829407614578
"3",3,3,0.000115231949535167,0.0619825087466361
"4",4,4,0.0847801664912931,0.036862282717931
"5",5,5,0.000537611306150782,0.256584575733465
"6",6,6,0.0741346028448426,0.000938937325634757
"7",7,7,0.0131540048976567,0.00334766102089588
"8",8,8,3.45127669439957e-05,0.00255590154621067
"9",9,9,0.00792077603917064,2.63111516092738e-05
"10",10,10,0.0336604228707541,0.0603292524114447
