"","X","V","Imp","rand"
"1",1,1,0.018403846011493,5.62439280784095e-05
"2",2,2,0.0130849401629619,0.17422225858854
"3",3,3,0.000206113422974341,0.00536370118902455
"4",4,4,0.00325571891119403,0.0200998022934013
"5",5,5,0.0107982038131794,0.122535956413075
"6",6,6,0.0084810184146251,0.0913336188773112
"7",7,7,0.00469589726773679,0.18307173784061
"8",8,8,5.70823799218006e-05,0.0757040195031513
"9",9,9,0.00120397627262698,0.0615055983272931
"10",10,10,0.00238412092571665,0.0161033024776442
