"","X","V","Imp","rand"
"1",1,1,0.0676947477131831,0.0284830396902544
"2",2,2,0.32965699924301,0.00139974450488616
"3",3,3,0.0296684542946088,0.0367817976349483
"4",4,4,0.00474179565992612,0.00179645749089137
"5",5,5,0.0444208220144277,0.00292318650602664
"6",6,6,0.0023282085466821,0.114771367012086
"7",7,7,0.0566260869680779,0.122222027282485
"8",8,8,0.0935436402222196,0.320430801887606
"9",9,9,0.0578031234896352,0.0318139057429428
"10",10,10,0.176513172549264,0.0893474703537693
