"","X","V","Imp","rand"
"1",1,1,0.0123933861744297,0.0051191412628056
"2",2,2,0.00045174054966427,0.0856627678924456
"3",3,3,0.0707318040623803,0.0345290113163489
"4",4,4,0.00681237245308645,0.0823540674362401
"5",5,5,0.00214622617791721,0.000815745871467884
"6",6,6,0.0176353695263858,0.0163686497481902
"7",7,7,0.238499160345678,0.0295526596271655
"8",8,8,0.0796945264693028,0.137804461087034
"9",9,9,0.000410166746721819,0.136993138622047
"10",10,10,0.240722320979454,0.220777115784986
