"","X","V","Imp","rand"
"1",1,1,0.0621358363757837,0.012452703922348
"2",2,2,0.048478823838281,0.233650149071387
"3",3,3,0.000776942429324774,0.029554646970416
"4",4,4,0.000240342793066119,0.0239226059344175
"5",5,5,0.0114460394017109,0.178187674250487
"6",6,6,0.000974592203800887,0.123068184755436
"7",7,7,0.0148419475902554,0.00669654546727609
"8",8,8,0.107043140557643,0.140538308437952
"9",9,9,0.00411167614425696,4.67978436552952e-05
"10",10,10,4.76383563138501e-05,0.00187770863474066
