"","X","V","Imp","rand"
"1",1,1,0.00548217912494646,0.032514193432384
"2",2,2,0.0496405130891938,0.371033003922938
"3",3,3,0.000581898726878573,0.225118015616543
"4",4,4,0.00206660978765412,0.00656170678363853
"5",5,5,0.00471931736989358,0.114738214540163
