"","V1","effect_size","nonlinear","location","scale","interactions","V2"
"1",1,0.0740417390729476,TRUE,-1.37150275306699,0.0855453440164297,FALSE,NA
"2",2,0.222801510518205,FALSE,NA,NA,FALSE,NA
"3",3,0.0241225771193414,TRUE,-0.102732616198816,0.760427466551674,FALSE,NA
"4",4,0.045459980066583,FALSE,NA,NA,FALSE,NA
"5",5,-0.0686972879369599,TRUE,-0.381299163268634,0.244542083863588,FALSE,NA
