"","X","V","Imp","rand"
"1",1,1,0.209770231882848,0.0246712919222178
"2",2,2,0.279295778162306,0.389267256773841
"3",3,3,0.0788611178370129,1.7837049871297e-05
"4",4,4,0.0544620752498864,0.240805079245627
"5",5,5,0.139946355207633,0.0952352331293716
