"","V1","effect_size","nonlinear","location","scale","interactions","V2"
"1",1,0.322937245638131,TRUE,0.179548375369781,0.0682756993693546,FALSE,NA
"2",2,-0.41691007531577,FALSE,NA,NA,FALSE,NA
"3",3,0.280822217491802,FALSE,NA,NA,FALSE,NA
"4",4,-0.233371110572595,TRUE,-1.3203188777674,0.265010916627944,FALSE,NA
"5",5,0.374094045939832,TRUE,0.761764128466733,3.1394928319562,FALSE,NA
"6",1,0.105481767262505,FALSE,NA,NA,TRUE,2
