"","X","V","Imp","rand"
"1",1,1,0.0026325008092818,0.000260112613331237
"2",2,2,0.0337071758445757,0.231178762182442
"3",3,3,0.0127172953535429,0.0792000487184453
"4",4,4,0.0102161168343197,0.0667695338646243
"5",5,5,0.033903696709456,0.155779831852425
"6",6,6,0.000244524656741873,0.0225879223564337
"7",7,7,0.035850349525791,0.00988710704013952
"8",8,8,0.063548258329872,0.0343589693731136
"9",9,9,0.00176775270362804,0.0308815194013129
"10",10,10,0.0554691045508736,0.119091545279712
