"","V1","effect_size","nonlinear","location","scale","interactions","V2"
"1",1,-0.0513079020159839,0,NA,NA,FALSE,NA
"2",2,-0.183595141124638,0,NA,NA,FALSE,NA
"3",3,-0.112770986310943,0,NA,NA,FALSE,NA
"4",4,-0.10107480810924,0,NA,NA,FALSE,NA
"5",5,0.184129565006427,0,NA,NA,FALSE,NA
"6",6,-0.0156372841869,0,NA,NA,FALSE,NA
"7",7,-0.189341885291636,0,NA,NA,FALSE,NA
"8",8,0.252087798851654,0,NA,NA,FALSE,NA
"9",9,0.042044651308199,0,NA,NA,FALSE,NA
"10",10,-0.235518798720768,0,NA,NA,FALSE,NA
