"","X","V","Imp","rand"
"1",1,1,0.00459508909888039,0.152646408972036
"2",2,2,0.00658925288199503,0.0394165160661846
"3",3,3,0.000416561755853676,0.0706906061104975
"4",4,4,0.0242268066403159,0.0929596185388386
"5",5,5,0.0266661932493313,0.394279431768061
