"","X","V","Imp","rand"
"1",1,1,0.00459508909888039,0.065139006524987
"2",2,2,0.00658925288199503,0.00331563286443744
"3",3,3,0.000416561755853676,0.00213033761293501
"4",4,4,0.0242268066403159,0.210544809707823
"5",5,5,0.0266661932493313,0.468976315710534
