"","X","V","Imp","rand"
"1",1,1,0.0402827288655546,0.0233787405329587
"2",2,2,0.170221596275288,0.0910358215508516
"3",3,3,0.00442654589565313,0.243018025069284
"4",4,4,0.0414909698243736,0.270890069573379
"5",5,5,0.0377000712558279,0.121604840024053
