"","X","V","Imp","rand"
"1",1,1,0.00396987678578582,0.191348971833608
"2",2,2,0.0585268472848337,0.558647157052941
