"","X","V","Imp","rand"
"1",1,1,0.0207645828477905,0.0915852021485842
"2",2,2,0.00327943283726071,0.00695906088334952
"3",3,3,0.0167600973713229,0.0543675506017804
"4",4,4,0.0119803464136908,0.241051976762532
"5",5,5,0.00971546712340032,0.356019292426789
