"","V1","effect_size","nonlinear","location","scale","interactions","V2"
"1",1,0.144099211822239,FALSE,NA,NA,FALSE,NA
"2",2,0.0572663324935403,TRUE,0.345096935709478,0.0291129741817713,FALSE,NA
"3",3,-0.129460794726909,TRUE,-0.706153816963662,2.94480653090363,FALSE,NA
"4",4,0.109454768802875,TRUE,-0.0647003045981461,0.899831639560771,FALSE,NA
"5",5,-0.0985670691630847,FALSE,NA,NA,FALSE,NA
