"","X","V","Imp","rand"
"1",1,1,0.0221907621807764,0.105583745354405
"2",2,2,0.0247088444306805,0.00063218423043546
"3",3,3,0.0196130414316767,0.0117471607463066
"4",4,4,0.159561276309633,0.178783488184251
"5",5,5,0.0184529559703378,0.0799191521939644
"6",6,6,0.00130767530142044,6.58611876521237e-05
"7",7,7,0.228356620241381,0.165860628329046
"8",8,8,0.0254829247428242,0.0160724269044114
"9",9,9,0.0408862723260322,0.00640202218235415
"10",10,10,9.09133937537689e-05,0.184932182938134
